{
    "model.embed_tokens.weight": 0.8105057435719428,
    "model.layers.0.self_attn.q_proj.weight": 0.4267424225161679,
    "model.layers.0.self_attn.k_proj.weight": 0.2546822785371494,
    "model.layers.0.self_attn.v_proj.weight": 0.4907326273953763,
    "model.layers.0.self_attn.o_proj.weight": 0.9296959343232366,
    "model.layers.0.mlp.gate_proj.weight": 0.5936192141980493,
    "model.layers.0.mlp.up_proj.weight": 0.7188110996759165,
    "model.layers.0.mlp.down_proj.weight": 0.9520941546128499,
    "model.layers.1.self_attn.q_proj.weight": 0.11600950233505536,
    "model.layers.1.self_attn.k_proj.weight": 0.12240018673008485,
    "model.layers.1.self_attn.v_proj.weight": 0.6894784018706792,
    "model.layers.1.self_attn.o_proj.weight": 0.7899125737819049,
    "model.layers.1.mlp.gate_proj.weight": 0.5075894215617753,
    "model.layers.1.mlp.up_proj.weight": 0.6888005338168617,
    "model.layers.1.mlp.down_proj.weight": 0.9651812479419074,
    "model.layers.2.self_attn.q_proj.weight": 0.3459488542018141,
    "model.layers.2.self_attn.k_proj.weight": 0.14408456544242573,
    "model.layers.2.self_attn.v_proj.weight": 0.77604273968866,
    "model.layers.2.self_attn.o_proj.weight": 0.7337414666167694,
    "model.layers.2.mlp.gate_proj.weight": 0.21339283914863894,
    "model.layers.2.mlp.up_proj.weight": 0.6556932798331981,
    "model.layers.2.mlp.down_proj.weight": 0.9470725200722581,
    "model.layers.3.self_attn.q_proj.weight": 0.31153308600993446,
    "model.layers.3.self_attn.k_proj.weight": 0.14775185542197433,
    "model.layers.3.self_attn.v_proj.weight": 0.8287734702909964,
    "model.layers.3.self_attn.o_proj.weight": 0.8047476617109232,
    "model.layers.3.mlp.gate_proj.weight": 0.503040665502633,
    "model.layers.3.mlp.up_proj.weight": 0.8052102421667789,
    "model.layers.3.mlp.down_proj.weight": 0.8374051798660507,
    "model.layers.4.self_attn.q_proj.weight": 0.41195642468895344,
    "model.layers.4.self_attn.k_proj.weight": 0.18632880138222535,
    "model.layers.4.self_attn.v_proj.weight": 0.836998728588468,
    "model.layers.4.self_attn.o_proj.weight": 0.8306773822181925,
    "model.layers.4.mlp.gate_proj.weight": 0.802179833018302,
    "model.layers.4.mlp.up_proj.weight": 0.7852294566375692,
    "model.layers.4.mlp.down_proj.weight": 0.8997500904212256,
    "model.layers.5.self_attn.q_proj.weight": 0.36059886502968375,
    "model.layers.5.self_attn.k_proj.weight": 0.2014218918538394,
    "model.layers.5.self_attn.v_proj.weight": 0.8260349729923367,
    "model.layers.5.self_attn.o_proj.weight": 0.7852216544971038,
    "model.layers.5.mlp.gate_proj.weight": 0.3919293307504603,
    "model.layers.5.mlp.up_proj.weight": 0.7271530199163331,
    "model.layers.5.mlp.down_proj.weight": 0.8794929964667361,
    "model.layers.6.self_attn.q_proj.weight": 0.2161957668721044,
    "model.layers.6.self_attn.k_proj.weight": 0.166353304635347,
    "model.layers.6.self_attn.v_proj.weight": 0.8495132029464413,
    "model.layers.6.self_attn.o_proj.weight": 0.8298182075660612,
    "model.layers.6.mlp.gate_proj.weight": 0.41080126203000744,
    "model.layers.6.mlp.up_proj.weight": 0.8312266234741105,
    "model.layers.6.mlp.down_proj.weight": 0.9418209497127354,
    "model.layers.7.self_attn.q_proj.weight": 0.0009093349366506157,
    "model.layers.7.self_attn.k_proj.weight": 0.016840930781271943,
    "model.layers.7.self_attn.v_proj.weight": 0.8429280974270338,
    "model.layers.7.self_attn.o_proj.weight": 0.9471316062514674,
    "model.layers.7.mlp.gate_proj.weight": 0.2619252359510872,
    "model.layers.7.mlp.up_proj.weight": 0.3114794756978033,
    "model.layers.7.mlp.down_proj.weight": 0.9488275594152076,
    "model.layers.8.self_attn.q_proj.weight": 0.2048504428659154,
    "model.layers.8.self_attn.k_proj.weight": 0.0005305507949701421,
    "model.layers.8.self_attn.v_proj.weight": 0.7879074598337241,
    "model.layers.8.self_attn.o_proj.weight": 0.904939498315782,
    "model.layers.8.mlp.gate_proj.weight": 0.9343740188487334,
    "model.layers.8.mlp.up_proj.weight": 0.5487957525683406,
    "model.layers.8.mlp.down_proj.weight": 0.9404173679480403,
    "model.layers.9.self_attn.q_proj.weight": 0.3598767566981251,
    "model.layers.9.self_attn.k_proj.weight": 0.11345709615306422,
    "model.layers.9.self_attn.v_proj.weight": 0.7855321301423953,
    "model.layers.9.self_attn.o_proj.weight": 0.795453710437257,
    "model.layers.9.mlp.gate_proj.weight": 0.9306155787704969,
    "model.layers.9.mlp.up_proj.weight": 0.8161140378938598,
    "model.layers.9.mlp.down_proj.weight": 0.9431614998699333,
    "model.layers.10.self_attn.q_proj.weight": 0.21346323414270016,
    "model.layers.10.self_attn.k_proj.weight": 0.19080629714040398,
    "model.layers.10.self_attn.v_proj.weight": 0.8044916698580495,
    "model.layers.10.self_attn.o_proj.weight": 0.9371271662608602,
    "model.layers.10.mlp.gate_proj.weight": 0.9416392200495958,
    "model.layers.10.mlp.up_proj.weight": 0.9288702216877951,
    "model.layers.10.mlp.down_proj.weight": 0.9370372371444354,
    "model.layers.11.self_attn.q_proj.weight": 0.031396196158416864,
    "model.layers.11.self_attn.k_proj.weight": -0.028395410470391635,
    "model.layers.11.self_attn.v_proj.weight": 0.645168130695875,
    "model.layers.11.self_attn.o_proj.weight": 0.9247147093419527,
    "model.layers.11.mlp.gate_proj.weight": 0.9087869513976197,
    "model.layers.11.mlp.up_proj.weight": 0.9368823323332482,
    "model.layers.11.mlp.down_proj.weight": 0.9472151374913498,
    "model.layers.12.self_attn.q_proj.weight": 0.06931261014253613,
    "model.layers.12.self_attn.k_proj.weight": 0.04569182459650697,
    "model.layers.12.self_attn.v_proj.weight": 0.7278565828161434,
    "model.layers.12.self_attn.o_proj.weight": 0.9400258097238188,
    "model.layers.12.mlp.gate_proj.weight": 0.8265911600889878,
    "model.layers.12.mlp.up_proj.weight": 0.9277724045007888,
    "model.layers.12.mlp.down_proj.weight": 0.9474477552607277,
    "model.layers.13.self_attn.q_proj.weight": -0.1738120583476687,
    "model.layers.13.self_attn.k_proj.weight": -0.16809760470768892,
    "model.layers.13.self_attn.v_proj.weight": 0.6364705282702511,
    "model.layers.13.self_attn.o_proj.weight": 0.9313750100512009,
    "model.layers.13.mlp.gate_proj.weight": 0.9283764464497499,
    "model.layers.13.mlp.up_proj.weight": 0.942273394107062,
    "model.layers.13.mlp.down_proj.weight": 0.9429886234022317,
    "model.layers.14.self_attn.q_proj.weight": 0.06481428623893842,
    "model.layers.14.self_attn.k_proj.weight": -0.008735234161399725,
    "model.layers.14.self_attn.v_proj.weight": 0.48043147444118867,
    "model.layers.14.self_attn.o_proj.weight": 0.9326727718170342,
    "model.layers.14.mlp.gate_proj.weight": 0.9116682620948156,
    "model.layers.14.mlp.up_proj.weight": 0.9286845510974969,
    "model.layers.14.mlp.down_proj.weight": 0.9668770137559912,
    "model.layers.15.self_attn.q_proj.weight": 0.0740856577717798,
    "model.layers.15.self_attn.k_proj.weight": 0.033731241074718615,
    "model.layers.15.self_attn.v_proj.weight": 0.7024063547763285,
    "model.layers.15.self_attn.o_proj.weight": 0.803691944714682,
    "model.layers.15.mlp.gate_proj.weight": 0.9040044333756642,
    "model.layers.15.mlp.up_proj.weight": 0.9279764705747221,
    "model.layers.15.mlp.down_proj.weight": 0.9513595600589725,
    "model.layers.16.self_attn.q_proj.weight": 0.12307466915054162,
    "model.layers.16.self_attn.k_proj.weight": 0.0526581189333306,
    "model.layers.16.self_attn.v_proj.weight": 0.47819787746048814,
    "model.layers.16.self_attn.o_proj.weight": 0.927611494857255,
    "model.layers.16.mlp.gate_proj.weight": 0.7333873421034568,
    "model.layers.16.mlp.up_proj.weight": 0.9274116803531794,
    "model.layers.16.mlp.down_proj.weight": 0.9532653585989216,
    "model.layers.17.self_attn.q_proj.weight": 0.17618900348411468,
    "model.layers.17.self_attn.k_proj.weight": 0.3009694183049584,
    "model.layers.17.self_attn.v_proj.weight": 0.7221575368918739,