{
    "model.embed_tokens.weight": 0.2748202497470537,
    "model.layers.0.self_attn.q_proj.weight": 0.2770685635930782,
    "model.layers.0.self_attn.k_proj.weight": 0.2886414565304951,
    "model.layers.0.self_attn.v_proj.weight": 0.5225005094886132,
    "model.layers.0.self_attn.o_proj.weight": 0.5907286462526807,
    "model.layers.0.mlp.gate_proj.weight": 0.4943007898271362,
    "model.layers.0.mlp.up_proj.weight": 0.5188827846281993,
    "model.layers.0.mlp.down_proj.weight": 0.5456230180163539,
    "model.layers.1.self_attn.q_proj.weight": 0.254031630104393,
    "model.layers.1.self_attn.k_proj.weight": 0.22388454920393053,
    "model.layers.1.self_attn.v_proj.weight": 0.5049231155253503,
    "model.layers.1.self_attn.o_proj.weight": 0.6065767023723182,
    "model.layers.1.mlp.gate_proj.weight": 0.538904175268278,
    "model.layers.1.mlp.up_proj.weight": 0.5472134537940795,
    "model.layers.1.mlp.down_proj.weight": 0.5646168789232515,
    "model.layers.2.self_attn.q_proj.weight": 0.32174748234520334,
    "model.layers.2.self_attn.k_proj.weight": 0.2260612883312764,
    "model.layers.2.self_attn.v_proj.weight": 0.5376325052234493,
    "model.layers.2.self_attn.o_proj.weight": 0.633084180000979,
    "model.layers.2.mlp.gate_proj.weight": 0.6411824534819076,
    "model.layers.2.mlp.up_proj.weight": 0.6438780758913629,
    "model.layers.2.mlp.down_proj.weight": 0.8106268896624977,
    "model.layers.3.self_attn.q_proj.weight": 0.2575929426672265,
    "model.layers.3.self_attn.k_proj.weight": 0.15836063989059623,
    "model.layers.3.self_attn.v_proj.weight": 0.6383469623890846,
    "model.layers.3.self_attn.o_proj.weight": 0.6968095304353484,
    "model.layers.3.mlp.gate_proj.weight": 0.6408636827705336,
    "model.layers.3.mlp.up_proj.weight": 0.6381845944664954,
    "model.layers.3.mlp.down_proj.weight": 0.8367797839983725,
    "model.layers.4.self_attn.q_proj.weight": 0.25662793305328246,
    "model.layers.4.self_attn.k_proj.weight": 0.13201019327728533,
    "model.layers.4.self_attn.v_proj.weight": 0.653572211886059,
    "model.layers.4.self_attn.o_proj.weight": 0.7323577116588885,
    "model.layers.4.mlp.gate_proj.weight": 0.6401685005925081,
    "model.layers.4.mlp.up_proj.weight": 0.6153077422253388,
    "model.layers.4.mlp.down_proj.weight": 0.6715747935532278,
    "model.layers.5.self_attn.q_proj.weight": 0.19474299355675045,
    "model.layers.5.self_attn.k_proj.weight": 0.07219474181073063,
    "model.layers.5.self_attn.v_proj.weight": 0.6232558257661389,
    "model.layers.5.self_attn.o_proj.weight": 0.7136746063325922,
    "model.layers.5.mlp.gate_proj.weight": 0.6914409237792263,
    "model.layers.5.mlp.up_proj.weight": 0.7102645687633996,
    "model.layers.5.mlp.down_proj.weight": 0.7132946729905187,
    "model.layers.6.self_attn.q_proj.weight": 0.3686090879503864,
    "model.layers.6.self_attn.k_proj.weight": 0.24818052812442026,
    "model.layers.6.self_attn.v_proj.weight": 0.6983456431338176,
    "model.layers.6.self_attn.o_proj.weight": 0.7239673917966437,
    "model.layers.6.mlp.gate_proj.weight": 0.7048805591094962,
    "model.layers.6.mlp.up_proj.weight": 0.6866219491017057,
    "model.layers.6.mlp.down_proj.weight": 0.7300406523194307,
    "model.layers.7.self_attn.q_proj.weight": 0.26916430048815065,
    "model.layers.7.self_attn.k_proj.weight": 0.1384478536811488,
    "model.layers.7.self_attn.v_proj.weight": 0.7469885940212079,
    "model.layers.7.self_attn.o_proj.weight": 0.676135914749624,
    "model.layers.7.mlp.gate_proj.weight": 0.6293048825837269,
    "model.layers.7.mlp.up_proj.weight": 0.6638062289902473,
    "model.layers.7.mlp.down_proj.weight": 0.7043683704520026,
    "model.layers.8.self_attn.q_proj.weight": 0.3940102401462625,
    "model.layers.8.self_attn.k_proj.weight": 0.296490763168074,
    "model.layers.8.self_attn.v_proj.weight": 0.5980939410277896,
    "model.layers.8.self_attn.o_proj.weight": 0.5603385354309831,
    "model.layers.8.mlp.gate_proj.weight": 0.5040344246438925,
    "model.layers.8.mlp.up_proj.weight": 0.5589820867057023,
    "model.layers.8.mlp.down_proj.weight": 0.5632758245380857,
    "model.layers.9.self_attn.q_proj.weight": 0.3573893453830064,
    "model.layers.9.self_attn.k_proj.weight": 0.32992701688886317,
    "model.layers.9.self_attn.v_proj.weight": 0.5741042938967591,
    "model.layers.9.self_attn.o_proj.weight": 0.46095394418624647,
    "model.layers.9.mlp.gate_proj.weight": 0.4008040499446067,
    "model.layers.9.mlp.up_proj.weight": 0.4539703091204685,
    "model.layers.9.mlp.down_proj.weight": 0.5045853791657156,
    "model.layers.10.self_attn.q_proj.weight": 0.30716875784151987,
    "model.layers.10.self_attn.k_proj.weight": 0.3013029089390035,
    "model.layers.10.self_attn.v_proj.weight": 0.48244455566691075,
    "model.layers.10.self_attn.o_proj.weight": 0.4019022565605838,
    "model.layers.10.mlp.gate_proj.weight": 0.4097749696015809,
    "model.layers.10.mlp.up_proj.weight": 0.43989547323791467,
    "model.layers.10.mlp.down_proj.weight": 0.5249527933126394,
    "model.layers.11.self_attn.q_proj.weight": 0.1435181518681176,
    "model.layers.11.self_attn.k_proj.weight": 0.10716356236904086,
    "model.layers.11.self_attn.v_proj.weight": 0.4899805243339788,
    "model.layers.11.self_attn.o_proj.weight": 0.4664544872276726,
    "model.layers.11.mlp.gate_proj.weight": 0.3418077820128714,
    "model.layers.11.mlp.up_proj.weight": 0.4017588820366598,
    "model.layers.11.mlp.down_proj.weight": 0.4610404151140562,
    "model.layers.12.self_attn.q_proj.weight": 0.07539693923975835,
    "model.layers.12.self_attn.k_proj.weight": 0.062208370690546126,
    "model.layers.12.self_attn.v_proj.weight": 0.4857109196511484,
    "model.layers.12.self_attn.o_proj.weight": 0.36819242398034857,
    "model.layers.12.mlp.gate_proj.weight": 0.2732938140304674,
    "model.layers.12.mlp.up_proj.weight": 0.3025686577236083,
    "model.layers.12.mlp.down_proj.weight": 0.34643314136725983,
    "model.layers.13.self_attn.q_proj.weight": 0.12394020866804761,
    "model.layers.13.self_attn.k_proj.weight": 0.09441737602174895,
    "model.layers.13.self_attn.v_proj.weight": 0.3710140011882811,
    "model.layers.13.self_attn.o_proj.weight": 0.34905155943193444,
    "model.layers.13.mlp.gate_proj.weight": 0.20421700297692083,
    "model.layers.13.mlp.up_proj.weight": 0.2596011602531356,
    "model.layers.13.mlp.down_proj.weight": 0.31414862397332477,
    "model.layers.14.self_attn.q_proj.weight": 0.15349076317691013,
    "model.layers.14.self_attn.k_proj.weight": 0.14749799239066966,
    "model.layers.14.self_attn.v_proj.weight": 0.4403127545962019,
    "model.layers.14.self_attn.o_proj.weight": 0.3814398521209811,
    "model.layers.14.mlp.gate_proj.weight": 0.26307334177582054,
    "model.layers.14.mlp.up_proj.weight": 0.10247943047183966,
    "model.layers.14.mlp.down_proj.weight": 0.2708384656865095,
    "model.layers.15.self_attn.q_proj.weight": 0.19675015223235087,
    "model.layers.15.self_attn.k_proj.weight": 0.12202460478817799,
    "model.layers.15.self_attn.v_proj.weight": 0.3747867885929469,
    "model.layers.15.self_attn.o_proj.weight": 0.36920145364718104,
    "model.layers.15.mlp.gate_proj.weight": 0.16131166607845696,
    "model.layers.15.mlp.up_proj.weight": 0.22230926375196686,
    "model.layers.15.mlp.down_proj.weight": 0.21335240160387123
}