{
    "model.embed_tokens.weight": 0.24952593398663944,
    "model.layers.0.self_attn.q_proj.weight": 0.2885001120639585,
    "model.layers.0.self_attn.k_proj.weight": 0.2774549361192428,
    "model.layers.0.self_attn.v_proj.weight": 0.5223007173882972,
    "model.layers.0.self_attn.o_proj.weight": 0.5852312744766143,
    "model.layers.0.mlp.gate_proj.weight": 0.48859883443566143,
    "model.layers.0.mlp.up_proj.weight": 0.5174989456539532,
    "model.layers.0.mlp.down_proj.weight": 0.5414393817344356,
    "model.layers.1.self_attn.q_proj.weight": 0.2743892237812537,
    "model.layers.1.self_attn.k_proj.weight": 0.2576610032194789,
    "model.layers.1.self_attn.v_proj.weight": 0.5065134757639282,
    "model.layers.1.self_attn.o_proj.weight": 0.602394420153189,
    "model.layers.1.mlp.gate_proj.weight": 0.5388748854088752,
    "model.layers.1.mlp.up_proj.weight": 0.5428769737925501,
    "model.layers.1.mlp.down_proj.weight": 0.5602639754892834,
    "model.layers.2.self_attn.q_proj.weight": 0.3109263597516385,
    "model.layers.2.self_attn.k_proj.weight": 0.22643422819919848,
    "model.layers.2.self_attn.v_proj.weight": 0.5328119433765864,
    "model.layers.2.self_attn.o_proj.weight": 0.6290499297395256,
    "model.layers.2.mlp.gate_proj.weight": 0.6338325908524016,
    "model.layers.2.mlp.up_proj.weight": 0.6429880384483129,
    "model.layers.2.mlp.down_proj.weight": 0.8063035616041527,
    "model.layers.3.self_attn.q_proj.weight": 0.2538628405145534,
    "model.layers.3.self_attn.k_proj.weight": 0.16660311999541627,
    "model.layers.3.self_attn.v_proj.weight": 0.6335005704080096,
    "model.layers.3.self_attn.o_proj.weight": 0.6908597394495006,
    "model.layers.3.mlp.gate_proj.weight": 0.6410624805347923,
    "model.layers.3.mlp.up_proj.weight": 0.6386370216728823,
    "model.layers.3.mlp.down_proj.weight": 0.842721690258049,
    "model.layers.4.self_attn.q_proj.weight": 0.25623842038140116,
    "model.layers.4.self_attn.k_proj.weight": 0.1322134269403333,
    "model.layers.4.self_attn.v_proj.weight": 0.656641801055282,
    "model.layers.4.self_attn.o_proj.weight": 0.7324127251071186,
    "model.layers.4.mlp.gate_proj.weight": 0.6475790661131474,
    "model.layers.4.mlp.up_proj.weight": 0.6208590181495016,
    "model.layers.4.mlp.down_proj.weight": 0.6786096450632741,
    "model.layers.5.self_attn.q_proj.weight": 0.17746295533778125,
    "model.layers.5.self_attn.k_proj.weight": 0.06393963563548896,
    "model.layers.5.self_attn.v_proj.weight": 0.6147496982513618,
    "model.layers.5.self_attn.o_proj.weight": 0.7221135568833995,
    "model.layers.5.mlp.gate_proj.weight": 0.6828833302421974,
    "model.layers.5.mlp.up_proj.weight": 0.7080699995305045,
    "model.layers.5.mlp.down_proj.weight": 0.7131214009207525,
    "model.layers.6.self_attn.q_proj.weight": 0.34469699474613213,
    "model.layers.6.self_attn.k_proj.weight": 0.2316382679508606,
    "model.layers.6.self_attn.v_proj.weight": 0.7078641427116293,
    "model.layers.6.self_attn.o_proj.weight": 0.7318389997679744,
    "model.layers.6.mlp.gate_proj.weight": 0.708843456059591,
    "model.layers.6.mlp.up_proj.weight": 0.6916288701745487,
    "model.layers.6.mlp.down_proj.weight": 0.7327007258911398,
    "model.layers.7.self_attn.q_proj.weight": 0.24052555975931075,
    "model.layers.7.self_attn.k_proj.weight": 0.11830244749176981,
    "model.layers.7.self_attn.v_proj.weight": 0.7606422263605077,
    "model.layers.7.self_attn.o_proj.weight": 0.6802379955349169,
    "model.layers.7.mlp.gate_proj.weight": 0.6324695917110357,
    "model.layers.7.mlp.up_proj.weight": 0.6666415693749699,
    "model.layers.7.mlp.down_proj.weight": 0.7050793127028562,
    "model.layers.8.self_attn.q_proj.weight": 0.38159345281632323,
    "model.layers.8.self_attn.k_proj.weight": 0.2873325722594545,
    "model.layers.8.self_attn.v_proj.weight": 0.6014104107407519,
    "model.layers.8.self_attn.o_proj.weight": 0.5693116039568399,
    "model.layers.8.mlp.gate_proj.weight": 0.515831451768223,
    "model.layers.8.mlp.up_proj.weight": 0.5724165036113434,
    "model.layers.8.mlp.down_proj.weight": 0.579688533746061,
    "model.layers.9.self_attn.q_proj.weight": 0.3525227479258255,
    "model.layers.9.self_attn.k_proj.weight": 0.3373150616743242,
    "model.layers.9.self_attn.v_proj.weight": 0.5926837110150721,
    "model.layers.9.self_attn.o_proj.weight": 0.46704446834549806,
    "model.layers.9.mlp.gate_proj.weight": 0.3961094959684813,
    "model.layers.9.mlp.up_proj.weight": 0.46521495307555755,
    "model.layers.9.mlp.down_proj.weight": 0.511371942310435,
    "model.layers.10.self_attn.q_proj.weight": 0.3191304783719946,
    "model.layers.10.self_attn.k_proj.weight": 0.3076429484674251,
    "model.layers.10.self_attn.v_proj.weight": 0.49275365493767215,
    "model.layers.10.self_attn.o_proj.weight": 0.4075234046518808,
    "model.layers.10.mlp.gate_proj.weight": 0.4200296440513825,
    "model.layers.10.mlp.up_proj.weight": 0.44260238710323285,
    "model.layers.10.mlp.down_proj.weight": 0.5355849671446349,
    "model.layers.11.self_attn.q_proj.weight": 0.1649058387294262,
    "model.layers.11.self_attn.k_proj.weight": 0.1378382836490924,
    "model.layers.11.self_attn.v_proj.weight": 0.4965050622078623,
    "model.layers.11.self_attn.o_proj.weight": 0.4730081052029383,
    "model.layers.11.mlp.gate_proj.weight": 0.33576506728221106,
    "model.layers.11.mlp.up_proj.weight": 0.40299048805796267,
    "model.layers.11.mlp.down_proj.weight": 0.46598931382603825,
    "model.layers.12.self_attn.q_proj.weight": 0.10184259414068363,
    "model.layers.12.self_attn.k_proj.weight": 0.0830722169109569,
    "model.layers.12.self_attn.v_proj.weight": 0.5177750443842746,
    "model.layers.12.self_attn.o_proj.weight": 0.37767433423665375,
    "model.layers.12.mlp.gate_proj.weight": 0.2591781615900475,
    "model.layers.12.mlp.up_proj.weight": 0.3001429652631743,
    "model.layers.12.mlp.down_proj.weight": 0.3578660905557762,
    "model.layers.13.self_attn.q_proj.weight": 0.13186162148335953,
    "model.layers.13.self_attn.k_proj.weight": 0.12197484798302566,
    "model.layers.13.self_attn.v_proj.weight": 0.38808427336627066,
    "model.layers.13.self_attn.o_proj.weight": 0.3612062382144889,
    "model.layers.13.mlp.gate_proj.weight": 0.2174096133355443,
    "model.layers.13.mlp.up_proj.weight": 0.26815793689555195,
    "model.layers.13.mlp.down_proj.weight": 0.32764336058233173,
    "model.layers.14.self_attn.q_proj.weight": 0.1461572756125879,
    "model.layers.14.self_attn.k_proj.weight": 0.15121414361360103,
    "model.layers.14.self_attn.v_proj.weight": 0.46916555094920986,
    "model.layers.14.self_attn.o_proj.weight": 0.3982179513422678,
    "model.layers.14.mlp.gate_proj.weight": 0.28058858029961503,
    "model.layers.14.mlp.up_proj.weight": 0.10030470685215516,
    "model.layers.14.mlp.down_proj.weight": 0.2858507493358869,
    "model.layers.15.self_attn.q_proj.weight": 0.21000794798307418,
    "model.layers.15.self_attn.k_proj.weight": 0.12011749928437254,
    "model.layers.15.self_attn.v_proj.weight": 0.4148796620751826,
    "model.layers.15.self_attn.o_proj.weight": 0.39989485759982923,
    "model.layers.15.mlp.gate_proj.weight": 0.1687163190167029,
    "model.layers.15.mlp.up_proj.weight": 0.2225020205871586,
    "model.layers.15.mlp.down_proj.weight": 0.20227708341750317
}