{
    "lima_0": {
        "lima_0": 0.03880783170461655,
        "lima_451": 0.043306950479745865,
        "lima_266": -0.015814129263162613,
        "lima_947": 0.054611269384622574,
        "lima_110": 0.09992808848619461
    },
    "lima_1": {
        "lima_1": -0.044155873358249664,
        "lima_122": -0.055914029479026794,
        "lima_22": -0.02299490012228489,
        "lima_337": -0.002814581850543618,
        "lima_290": 0.1404118686914444
    }
}