{
    "lima_0": {
        "lima_0": 0.03880782797932625,
        "lima_451": 0.04330695420503616,
        "lima_266": -0.01581413298845291,
        "lima_947": 0.05461127310991287,
        "lima_110": 0.09992808848619461
    },
    "lima_1": {
        "lima_1": -0.044155869632959366,
        "lima_122": -0.05591404438018799,
        "lima_22": -0.022994905710220337,
        "lima_337": -0.0028145876713097095,
        "lima_290": 0.1404118686914444
    }
}