{
    "model.embed_tokens.weight": 0.23279352226720648,
    "model.layers.0.self_attn.q_proj.weight": 0.2591093117408907,
    "model.layers.0.self_attn.k_proj.weight": 0.2611336032388664,
    "model.layers.0.self_attn.v_proj.weight": 0.2742914979757085,
    "model.layers.0.self_attn.o_proj.weight": 0.2894736842105263,
    "model.layers.0.mlp.gate_proj.weight": 0.33299595141700405,
    "model.layers.0.mlp.up_proj.weight": 0.2631578947368421,
    "model.layers.0.mlp.down_proj.weight": 0.3562753036437247,
    "model.layers.1.self_attn.q_proj.weight": 0.27125506072874495,
    "model.layers.1.self_attn.k_proj.weight": 0.22975708502024292,
    "model.layers.1.self_attn.v_proj.weight": 0.242914979757085,
    "model.layers.1.self_attn.o_proj.weight": 0.3582995951417004,
    "model.layers.1.mlp.gate_proj.weight": 0.3026315789473684,
    "model.layers.1.mlp.up_proj.weight": 0.26619433198380565,
    "model.layers.1.mlp.down_proj.weight": 0.3319838056680162,
    "model.layers.2.self_attn.q_proj.weight": 0.29453441295546556,
    "model.layers.2.self_attn.k_proj.weight": 0.2611336032388664,
    "model.layers.2.self_attn.v_proj.weight": 0.25303643724696356,
    "model.layers.2.self_attn.o_proj.weight": 0.33704453441295545,
    "model.layers.2.mlp.gate_proj.weight": 0.3168016194331984,
    "model.layers.2.mlp.up_proj.weight": 0.28846153846153844,
    "model.layers.2.mlp.down_proj.weight": 0.21356275303643724,
    "model.layers.3.self_attn.q_proj.weight": 0.25101214574898784,
    "model.layers.3.self_attn.k_proj.weight": 0.2257085020242915,
    "model.layers.3.self_attn.v_proj.weight": 0.24493927125506074,
    "model.layers.3.self_attn.o_proj.weight": 0.3319838056680162,
    "model.layers.3.mlp.gate_proj.weight": 0.28846153846153844,
    "model.layers.3.mlp.up_proj.weight": 0.2682186234817814,
    "model.layers.3.mlp.down_proj.weight": 0.19331983805668015,
    "model.layers.4.self_attn.q_proj.weight": 0.2925101214574899,
    "model.layers.4.self_attn.k_proj.weight": 0.22773279352226722,
    "model.layers.4.self_attn.v_proj.weight": 0.23481781376518218,
    "model.layers.4.self_attn.o_proj.weight": 0.3066801619433198,
    "model.layers.4.mlp.gate_proj.weight": 0.28441295546558704,
    "model.layers.4.mlp.up_proj.weight": 0.2702429149797571,
    "model.layers.4.mlp.down_proj.weight": 0.2823886639676113,
    "model.layers.5.self_attn.q_proj.weight": 0.27530364372469635,
    "model.layers.5.self_attn.k_proj.weight": 0.23279352226720648,
    "model.layers.5.self_attn.v_proj.weight": 0.19838056680161945,
    "model.layers.5.self_attn.o_proj.weight": 0.2793522267206478,
    "model.layers.5.mlp.gate_proj.weight": 0.26417004048583,
    "model.layers.5.mlp.up_proj.weight": 0.2651821862348178,
    "model.layers.5.mlp.down_proj.weight": 0.2601214574898785,
    "model.layers.6.self_attn.q_proj.weight": 0.25809716599190285,
    "model.layers.6.self_attn.k_proj.weight": 0.21356275303643724,
    "model.layers.6.self_attn.v_proj.weight": 0.18522267206477733,
    "model.layers.6.self_attn.o_proj.weight": 0.26214574898785425,
    "model.layers.6.mlp.gate_proj.weight": 0.24493927125506074,
    "model.layers.6.mlp.up_proj.weight": 0.242914979757085,
    "model.layers.6.mlp.down_proj.weight": 0.23582995951417005,
    "model.layers.7.self_attn.q_proj.weight": 0.23178137651821862,
    "model.layers.7.self_attn.k_proj.weight": 0.18421052631578946,
    "model.layers.7.self_attn.v_proj.weight": 0.18927125506072875,
    "model.layers.7.self_attn.o_proj.weight": 0.2054655870445344,
    "model.layers.7.mlp.gate_proj.weight": 0.20242914979757085,
    "model.layers.7.mlp.up_proj.weight": 0.20040485829959515,
    "model.layers.7.mlp.down_proj.weight": 0.19939271255060728,
    "model.layers.8.self_attn.q_proj.weight": 0.22267206477732793,
    "model.layers.8.self_attn.k_proj.weight": 0.1791497975708502,
    "model.layers.8.self_attn.v_proj.weight": 0.19838056680161945,
    "model.layers.8.self_attn.o_proj.weight": 0.19331983805668015,
    "model.layers.8.mlp.gate_proj.weight": 0.18421052631578946,
    "model.layers.8.mlp.up_proj.weight": 0.19230769230769232,
    "model.layers.8.mlp.down_proj.weight": 0.1811740890688259,
    "model.layers.9.self_attn.q_proj.weight": 0.20647773279352227,
    "model.layers.9.self_attn.k_proj.weight": 0.18319838056680163,
    "model.layers.9.self_attn.v_proj.weight": 0.1882591093117409,
    "model.layers.9.self_attn.o_proj.weight": 0.19129554655870445,
    "model.layers.9.mlp.gate_proj.weight": 0.20951417004048584,
    "model.layers.9.mlp.up_proj.weight": 0.20242914979757085,
    "model.layers.9.mlp.down_proj.weight": 0.19838056680161945,
    "model.layers.10.self_attn.q_proj.weight": 0.2257085020242915,
    "model.layers.10.self_attn.k_proj.weight": 0.18319838056680163,
    "model.layers.10.self_attn.v_proj.weight": 0.1720647773279352,
    "model.layers.10.self_attn.o_proj.weight": 0.19129554655870445,
    "model.layers.10.mlp.gate_proj.weight": 0.20445344129554655,
    "model.layers.10.mlp.up_proj.weight": 0.2034412955465587,
    "model.layers.10.mlp.down_proj.weight": 0.1811740890688259,
    "model.layers.11.self_attn.q_proj.weight": 0.2611336032388664,
    "model.layers.11.self_attn.k_proj.weight": 0.18421052631578946,
    "model.layers.11.self_attn.v_proj.weight": 0.16093117408906882,
    "model.layers.11.self_attn.o_proj.weight": 0.20445344129554655,
    "model.layers.11.mlp.gate_proj.weight": 0.2388663967611336,
    "model.layers.11.mlp.up_proj.weight": 0.24190283400809717,
    "model.layers.11.mlp.down_proj.weight": 0.2216599190283401,
    "model.layers.12.self_attn.q_proj.weight": 0.31983805668016196,
    "model.layers.12.self_attn.k_proj.weight": 0.22267206477732793,
    "model.layers.12.self_attn.v_proj.weight": 0.1508097165991903,
    "model.layers.12.self_attn.o_proj.weight": 0.20850202429149797,
    "model.layers.12.mlp.gate_proj.weight": 0.2692307692307692,
    "model.layers.12.mlp.up_proj.weight": 0.27125506072874495,
    "model.layers.12.mlp.down_proj.weight": 0.21862348178137653,
    "model.layers.13.self_attn.q_proj.weight": 0.2935222672064777,
    "model.layers.13.self_attn.k_proj.weight": 0.2074898785425101,
    "model.layers.13.self_attn.v_proj.weight": 0.15789473684210525,
    "model.layers.13.self_attn.o_proj.weight": 0.1902834008097166,
    "model.layers.13.mlp.gate_proj.weight": 0.26720647773279355,
    "model.layers.13.mlp.up_proj.weight": 0.26720647773279355,
    "model.layers.13.mlp.down_proj.weight": 0.21963562753036436,
    "model.layers.14.self_attn.q_proj.weight": 0.20242914979757085,
    "model.layers.14.self_attn.k_proj.weight": 0.16194331983805668,
    "model.layers.14.self_attn.v_proj.weight": 0.17307692307692307,
    "model.layers.14.self_attn.o_proj.weight": 0.19129554655870445,
    "model.layers.14.mlp.gate_proj.weight": 0.2236842105263158,
    "model.layers.14.mlp.up_proj.weight": 0.242914979757085,
    "model.layers.14.mlp.down_proj.weight": 0.2479757085020243,
    "model.layers.15.self_attn.q_proj.weight": 0.23684210526315788,
    "model.layers.15.self_attn.k_proj.weight": 0.1771255060728745,
    "model.layers.15.self_attn.v_proj.weight": 0.1791497975708502,
    "model.layers.15.self_attn.o_proj.weight": 0.1902834008097166,
    "model.layers.15.mlp.gate_proj.weight": 0.28846153846153844,
    "model.layers.15.mlp.up_proj.weight": 0.27631578947368424,
    "model.layers.15.mlp.down_proj.weight": 0.23481781376518218
}