{
    "lima_0": {
        "lima_0": 0.8453283309936523,
        "lima_593": 0.05374544486403465,
        "lima_65": 0.0013889721594750881,
        "lima_805": 0.032823752611875534,
        "lima_665": 0.027035098522901535
    },
    "lima_1": {
        "lima_1": 0.5447941422462463,
        "lima_83": 0.008087841793894768,
        "lima_253": -0.00973033532500267,
        "lima_49": 0.01182589866220951,
        "lima_162": 0.03404822573065758
    },
    "lima_2": {
        "lima_2": 1.1356452703475952,
        "lima_400": 0.05433180555701256,
        "lima_281": 0.017840411514043808,
        "lima_184": 0.015939969569444656,
        "lima_216": 0.016061177477240562
    },
    "lima_3": {
        "lima_3": 0.861785352230072,
        "lima_110": 0.005296147894114256,
        "lima_238": -0.0034880307503044605,
        "lima_83": -0.012037097476422787,
        "lima_364": 0.04207077622413635
    },
    "lima_4": {
        "lima_4": 0.7767748236656189,
        "lima_211": 0.03464411199092865,
        "lima_203": -0.024999435991048813,
        "lima_126": -0.014760682359337807,
        "lima_259": -0.009342383593320847
    }
}