{
    "model.embed_tokens.weight": 0.9878497237878981,
    "model.layers.0.self_attn.q_proj.weight": 0.9659796038909609,
    "model.layers.0.self_attn.k_proj.weight": 0.9599922370602358,
    "model.layers.0.self_attn.v_proj.weight": 0.9862462481761252,
    "model.layers.0.self_attn.o_proj.weight": 0.9899210770373916,
    "model.layers.0.mlp.gate_proj.weight": 0.9868654636652998,
    "model.layers.0.mlp.up_proj.weight": 0.9894920915100281,
    "model.layers.0.mlp.down_proj.weight": 0.9888892865642771,
    "model.layers.1.self_attn.q_proj.weight": 0.9659927559161259,
    "model.layers.1.self_attn.k_proj.weight": 0.9298026890456509,
    "model.layers.1.self_attn.v_proj.weight": 0.9803146728477435,
    "model.layers.1.self_attn.o_proj.weight": 0.9885362217606503,
    "model.layers.1.mlp.gate_proj.weight": 0.9891594584297387,
    "model.layers.1.mlp.up_proj.weight": 0.9908068204370337,
    "model.layers.1.mlp.down_proj.weight": 0.9907876530454723,
    "model.layers.2.self_attn.q_proj.weight": 0.9670372337112717,
    "model.layers.2.self_attn.k_proj.weight": 0.9287422198913337,
    "model.layers.2.self_attn.v_proj.weight": 0.9854321999152109,
    "model.layers.2.self_attn.o_proj.weight": 0.9907458548796916,
    "model.layers.2.mlp.gate_proj.weight": 0.9924498369202973,
    "model.layers.2.mlp.up_proj.weight": 0.9936601120585002,
    "model.layers.2.mlp.down_proj.weight": 0.995328035459486,
    "model.layers.3.self_attn.q_proj.weight": 0.965965909486632,
    "model.layers.3.self_attn.k_proj.weight": 0.8614378423722775,
    "model.layers.3.self_attn.v_proj.weight": 0.9794483467289316,
    "model.layers.3.self_attn.o_proj.weight": 0.9928654431463512,
    "model.layers.3.mlp.gate_proj.weight": 0.994431054516271,
    "model.layers.3.mlp.up_proj.weight": 0.9953428103653535,
    "model.layers.3.mlp.down_proj.weight": 0.9969549256733824,
    "model.layers.4.self_attn.q_proj.weight": 0.9804896835304776,
    "model.layers.4.self_attn.k_proj.weight": 0.898923680142904,
    "model.layers.4.self_attn.v_proj.weight": 0.9783450113184528,
    "model.layers.4.self_attn.o_proj.weight": 0.9963656987532626,
    "model.layers.4.mlp.gate_proj.weight": 0.994518717864661,
    "model.layers.4.mlp.up_proj.weight": 0.9964118041186761,
    "model.layers.4.mlp.down_proj.weight": 0.9960839204149291,
    "model.layers.5.self_attn.q_proj.weight": 0.9825556653225749,
    "model.layers.5.self_attn.k_proj.weight": 0.853758535914098,
    "model.layers.5.self_attn.v_proj.weight": 0.9840664734647286,
    "model.layers.5.self_attn.o_proj.weight": 0.9965332714958374,
    "model.layers.5.mlp.gate_proj.weight": 0.9952580401780183,
    "model.layers.5.mlp.up_proj.weight": 0.9965792865859916,
    "model.layers.5.mlp.down_proj.weight": 0.9960499785282193,
    "model.layers.6.self_attn.q_proj.weight": 0.9862341167787013,
    "model.layers.6.self_attn.k_proj.weight": 0.8992722202193223,
    "model.layers.6.self_attn.v_proj.weight": 0.9874006149743837,
    "model.layers.6.self_attn.o_proj.weight": 0.9962466101873498,
    "model.layers.6.mlp.gate_proj.weight": 0.9959262122534348,
    "model.layers.6.mlp.up_proj.weight": 0.9970072608019139,
    "model.layers.6.mlp.down_proj.weight": 0.9963530363067536,
    "model.layers.7.self_attn.q_proj.weight": 0.9867064247393009,
    "model.layers.7.self_attn.k_proj.weight": 0.8954512531469776,
    "model.layers.7.self_attn.v_proj.weight": 0.9772803007506566,
    "model.layers.7.self_attn.o_proj.weight": 0.9956491953305493,
    "model.layers.7.mlp.gate_proj.weight": 0.9963169979935532,
    "model.layers.7.mlp.up_proj.weight": 0.9970975238411248,
    "model.layers.7.mlp.down_proj.weight": 0.9967063115945669,
    "model.layers.8.self_attn.q_proj.weight": 0.9896223570691295,
    "model.layers.8.self_attn.k_proj.weight": 0.947004990269883,
    "model.layers.8.self_attn.v_proj.weight": 0.9855714640440023,
    "model.layers.8.self_attn.o_proj.weight": 0.9952644426693819,
    "model.layers.8.mlp.gate_proj.weight": 0.9956649687754088,
    "model.layers.8.mlp.up_proj.weight": 0.9966168214897305,
    "model.layers.8.mlp.down_proj.weight": 0.9954855295938746,
    "model.layers.9.self_attn.q_proj.weight": 0.9929669124799859,
    "model.layers.9.self_attn.k_proj.weight": 0.9516818185709427,
    "model.layers.9.self_attn.v_proj.weight": 0.988415184370991,
    "model.layers.9.self_attn.o_proj.weight": 0.9939843449620046,
    "model.layers.9.mlp.gate_proj.weight": 0.994193271596885,
    "model.layers.9.mlp.up_proj.weight": 0.995221927679173,
    "model.layers.9.mlp.down_proj.weight": 0.9942496740342885,
    "model.layers.10.self_attn.q_proj.weight": 0.98919619392775,
    "model.layers.10.self_attn.k_proj.weight": 0.9020158988962923,
    "model.layers.10.self_attn.v_proj.weight": 0.9898454826138973,
    "model.layers.10.self_attn.o_proj.weight": 0.9938364246309708,
    "model.layers.10.mlp.gate_proj.weight": 0.9937479852016683,
    "model.layers.10.mlp.up_proj.weight": 0.9942653988539323,
    "model.layers.10.mlp.down_proj.weight": 0.9934829747526425,
    "model.layers.11.self_attn.q_proj.weight": 0.9849640383955152,
    "model.layers.11.self_attn.k_proj.weight": 0.9300445911827068,
    "model.layers.11.self_attn.v_proj.weight": 0.9892428694836207,
    "model.layers.11.self_attn.o_proj.weight": 0.9937583391019085,
    "model.layers.11.mlp.gate_proj.weight": 0.992018052072321,
    "model.layers.11.mlp.up_proj.weight": 0.993249686048316,
    "model.layers.11.mlp.down_proj.weight": 0.992381309392577,
    "model.layers.12.self_attn.q_proj.weight": 0.9886188235026148,
    "model.layers.12.self_attn.k_proj.weight": 0.9565045476849172,
    "model.layers.12.self_attn.v_proj.weight": 0.9865377570048759,
    "model.layers.12.self_attn.o_proj.weight": 0.9926843244418564,
    "model.layers.12.mlp.gate_proj.weight": 0.9917890387511382,
    "model.layers.12.mlp.up_proj.weight": 0.9921445695509248,
    "model.layers.12.mlp.down_proj.weight": 0.9918568209780687,
    "model.layers.13.self_attn.q_proj.weight": 0.9880127570360934,
    "model.layers.13.self_attn.k_proj.weight": 0.9504996450598723,
    "model.layers.13.self_attn.v_proj.weight": 0.9882550524941984,
    "model.layers.13.self_attn.o_proj.weight": 0.9920672994341012,
    "model.layers.13.mlp.gate_proj.weight": 0.9911938448321166,
    "model.layers.13.mlp.up_proj.weight": 0.9916184296421057,
    "model.layers.13.mlp.down_proj.weight": 0.9913192711645191,
    "model.layers.14.self_attn.q_proj.weight": 0.9778358396649137,
    "model.layers.14.self_attn.k_proj.weight": 0.6655450158907271,
    "model.layers.14.self_attn.v_proj.weight": 0.9850440164094294,
    "model.layers.14.self_attn.o_proj.weight": 0.9925105414138686,
    "model.layers.14.mlp.gate_proj.weight": 0.9915239805111403,
    "model.layers.14.mlp.up_proj.weight": 0.9914375253661982,
    "model.layers.14.mlp.down_proj.weight": 0.9913476544238067,
    "model.layers.15.self_attn.q_proj.weight": 0.9845523398948224,
    "model.layers.15.self_attn.k_proj.weight": 0.9431112343911828,
    "model.layers.15.self_attn.v_proj.weight": 0.9883868400143635,
    "model.layers.15.self_attn.o_proj.weight": 0.992384658705057,
    "model.layers.15.mlp.gate_proj.weight": 0.9881508747268191,
    "model.layers.15.mlp.up_proj.weight": 0.9894933621540112,
    "model.layers.15.mlp.down_proj.weight": 0.9914660594691028
}