{
    "model.embed_tokens.weight": 0.988326400861205,
    "model.layers.0.self_attn.q_proj.weight": 0.9675040721721606,
    "model.layers.0.self_attn.k_proj.weight": 0.9602818301419979,
    "model.layers.0.self_attn.v_proj.weight": 0.9859812107541328,
    "model.layers.0.self_attn.o_proj.weight": 0.9897563974704767,
    "model.layers.0.mlp.gate_proj.weight": 0.986778727059402,
    "model.layers.0.mlp.up_proj.weight": 0.9894909747252769,
    "model.layers.0.mlp.down_proj.weight": 0.988892938360312,
    "model.layers.1.self_attn.q_proj.weight": 0.9664071549914173,
    "model.layers.1.self_attn.k_proj.weight": 0.9297303093221659,
    "model.layers.1.self_attn.v_proj.weight": 0.9807548984357612,
    "model.layers.1.self_attn.o_proj.weight": 0.9885014199328637,
    "model.layers.1.mlp.gate_proj.weight": 0.9891084354418394,
    "model.layers.1.mlp.up_proj.weight": 0.9908708189883376,
    "model.layers.1.mlp.down_proj.weight": 0.9907933227550311,
    "model.layers.2.self_attn.q_proj.weight": 0.9673534784677182,
    "model.layers.2.self_attn.k_proj.weight": 0.9307261658626964,
    "model.layers.2.self_attn.v_proj.weight": 0.9853690778655437,
    "model.layers.2.self_attn.o_proj.weight": 0.9907178970003393,
    "model.layers.2.mlp.gate_proj.weight": 0.9924041426318184,
    "model.layers.2.mlp.up_proj.weight": 0.9936801009175665,
    "model.layers.2.mlp.down_proj.weight": 0.9952518231242181,
    "model.layers.3.self_attn.q_proj.weight": 0.9671895289845371,
    "model.layers.3.self_attn.k_proj.weight": 0.866473943468022,
    "model.layers.3.self_attn.v_proj.weight": 0.9798237651632228,
    "model.layers.3.self_attn.o_proj.weight": 0.9928610686348215,
    "model.layers.3.mlp.gate_proj.weight": 0.9944488122979521,
    "model.layers.3.mlp.up_proj.weight": 0.9953849170141069,
    "model.layers.3.mlp.down_proj.weight": 0.9968045569144749,
    "model.layers.4.self_attn.q_proj.weight": 0.980325098003892,
    "model.layers.4.self_attn.k_proj.weight": 0.8980126178254162,
    "model.layers.4.self_attn.v_proj.weight": 0.979529535853349,
    "model.layers.4.self_attn.o_proj.weight": 0.9963988022187406,
    "model.layers.4.mlp.gate_proj.weight": 0.9945909660753631,
    "model.layers.4.mlp.up_proj.weight": 0.9964746921986593,
    "model.layers.4.mlp.down_proj.weight": 0.9961123459966201,
    "model.layers.5.self_attn.q_proj.weight": 0.9826161727776104,
    "model.layers.5.self_attn.k_proj.weight": 0.8529239390541751,
    "model.layers.5.self_attn.v_proj.weight": 0.9842461066816872,
    "model.layers.5.self_attn.o_proj.weight": 0.9965766144567301,
    "model.layers.5.mlp.gate_proj.weight": 0.9952388509864268,
    "model.layers.5.mlp.up_proj.weight": 0.9965335887009842,
    "model.layers.5.mlp.down_proj.weight": 0.9960598870534938,
    "model.layers.6.self_attn.q_proj.weight": 0.9866416149012665,
    "model.layers.6.self_attn.k_proj.weight": 0.9050454356353965,
    "model.layers.6.self_attn.v_proj.weight": 0.9870578071103173,
    "model.layers.6.self_attn.o_proj.weight": 0.9962443436772743,
    "model.layers.6.mlp.gate_proj.weight": 0.9959221822111368,
    "model.layers.6.mlp.up_proj.weight": 0.9970135174701347,
    "model.layers.6.mlp.down_proj.weight": 0.996367383148461,
    "model.layers.7.self_attn.q_proj.weight": 0.9863281729202588,
    "model.layers.7.self_attn.k_proj.weight": 0.8928041160685914,
    "model.layers.7.self_attn.v_proj.weight": 0.9775456294902916,
    "model.layers.7.self_attn.o_proj.weight": 0.9956908188215563,
    "model.layers.7.mlp.gate_proj.weight": 0.9963148133086271,
    "model.layers.7.mlp.up_proj.weight": 0.9970356150498526,
    "model.layers.7.mlp.down_proj.weight": 0.9967070521542974,
    "model.layers.8.self_attn.q_proj.weight": 0.9899349468778372,
    "model.layers.8.self_attn.k_proj.weight": 0.9480142698641616,
    "model.layers.8.self_attn.v_proj.weight": 0.9851730986729131,
    "model.layers.8.self_attn.o_proj.weight": 0.9953268349996978,
    "model.layers.8.mlp.gate_proj.weight": 0.9956822896721922,
    "model.layers.8.mlp.up_proj.weight": 0.9965723362805042,
    "model.layers.8.mlp.down_proj.weight": 0.9955171546713805,
    "model.layers.9.self_attn.q_proj.weight": 0.9926568809117197,
    "model.layers.9.self_attn.k_proj.weight": 0.9471523050605681,
    "model.layers.9.self_attn.v_proj.weight": 0.9878544970283726,
    "model.layers.9.self_attn.o_proj.weight": 0.9940559038887358,
    "model.layers.9.mlp.gate_proj.weight": 0.9942411579247138,
    "model.layers.9.mlp.up_proj.weight": 0.9953416011796964,
    "model.layers.9.mlp.down_proj.weight": 0.9943272426167349,
    "model.layers.10.self_attn.q_proj.weight": 0.9893525950323949,
    "model.layers.10.self_attn.k_proj.weight": 0.8983306653736485,
    "model.layers.10.self_attn.v_proj.weight": 0.9899330493967704,
    "model.layers.10.self_attn.o_proj.weight": 0.9939344387895931,
    "model.layers.10.mlp.gate_proj.weight": 0.9938394768523118,
    "model.layers.10.mlp.up_proj.weight": 0.9943549298457751,
    "model.layers.10.mlp.down_proj.weight": 0.9935917340444327,
    "model.layers.11.self_attn.q_proj.weight": 0.9849694678282962,
    "model.layers.11.self_attn.k_proj.weight": 0.9304740072150253,
    "model.layers.11.self_attn.v_proj.weight": 0.9897206341563908,
    "model.layers.11.self_attn.o_proj.weight": 0.993847460475552,
    "model.layers.11.mlp.gate_proj.weight": 0.9920773925027984,
    "model.layers.11.mlp.up_proj.weight": 0.9933215402299873,
    "model.layers.11.mlp.down_proj.weight": 0.9924749182335126,
    "model.layers.12.self_attn.q_proj.weight": 0.9886841018788998,
    "model.layers.12.self_attn.k_proj.weight": 0.9565143149835589,
    "model.layers.12.self_attn.v_proj.weight": 0.9866161867946265,
    "model.layers.12.self_attn.o_proj.weight": 0.9927953604796078,
    "model.layers.12.mlp.gate_proj.weight": 0.9918591979897796,
    "model.layers.12.mlp.up_proj.weight": 0.9922094280056931,
    "model.layers.12.mlp.down_proj.weight": 0.9919352644721252,
    "model.layers.13.self_attn.q_proj.weight": 0.9884209317728748,
    "model.layers.13.self_attn.k_proj.weight": 0.9516937475198523,
    "model.layers.13.self_attn.v_proj.weight": 0.9884904888477203,
    "model.layers.13.self_attn.o_proj.weight": 0.9921772326845644,
    "model.layers.13.mlp.gate_proj.weight": 0.9912436899989551,
    "model.layers.13.mlp.up_proj.weight": 0.9917068356514062,
    "model.layers.13.mlp.down_proj.weight": 0.9914204195480537,
    "model.layers.14.self_attn.q_proj.weight": 0.9778452860568829,
    "model.layers.14.self_attn.k_proj.weight": 0.659702496452135,
    "model.layers.14.self_attn.v_proj.weight": 0.984793771061246,
    "model.layers.14.self_attn.o_proj.weight": 0.9927143493215148,
    "model.layers.14.mlp.gate_proj.weight": 0.9916940542505019,
    "model.layers.14.mlp.up_proj.weight": 0.9915477902070706,
    "model.layers.14.mlp.down_proj.weight": 0.9914630217778283,
    "model.layers.15.self_attn.q_proj.weight": 0.9844145405585731,
    "model.layers.15.self_attn.k_proj.weight": 0.9399604212390299,
    "model.layers.15.self_attn.v_proj.weight": 0.9888645146107219,
    "model.layers.15.self_attn.o_proj.weight": 0.9927201730700647,
    "model.layers.15.mlp.gate_proj.weight": 0.9888373591875644,
    "model.layers.15.mlp.up_proj.weight": 0.9899365057178233,
    "model.layers.15.mlp.down_proj.weight": 0.9918818949493327
}