{
    "11767808": {
        "lima_222": {
            "lima_222": -0.005867543630301952,
            "lima_52": -0.005974012892693281,
            "lima_197": -0.0017970234621316195,
            "lima_270": -0.0032450773287564516,
            "lima_283": -0.0045629097148776054
        },
        "lima_223": {
            "lima_223": 0.01707155816257,
            "lima_303": -0.020112169906497,
            "lima_197": 0.010641420260071754,
            "lima_294": -0.013780606910586357,
            "lima_46": -0.007965818978846073
        },
        "lima_224": {
            "lima_224": 0.06234428286552429,
            "lima_197": 0.0012981132604181767,
            "lima_139": -0.004063745029270649,
            "lima_358": 0.017627885565161705,
            "lima_411": -0.01918969862163067
        },
        "lima_225": {
            "lima_225": -0.03382478654384613,
            "lima_294": -0.00038832862628623843,
            "lima_303": -0.00011845726112369448,
            "lima_231": -0.00036585726775228977,
            "lima_87": -0.007434541825205088
        },
        "lima_226": {
            "lima_226": -0.016657914966344833,
            "lima_191": -0.0021663252264261246,
            "lima_164": -0.010591868311166763,
            "lima_103": 0.012074200436472893,
            "lima_36": 0.008703922852873802
        },
        "lima_227": {
            "lima_227": 0.015502996742725372,
            "lima_319": -0.014784338884055614,
            "lima_830": -0.01604873687028885,
            "lima_98": -0.0001308665086980909,
            "lima_395": 0.005088683217763901
        },
        "lima_228": {
            "lima_228": 0.03145836666226387,
            "lima_211": -0.0007988268625922501,
            "lima_396": -0.010529114864766598,
            "lima_296": 0.0009598404867574573,
            "lima_259": 0.0004712489899247885
        },
        "lima_229": {
            "lima_229": 0.032566145062446594,
            "lima_15": 0.01100904867053032,
            "lima_48": -0.005961409769952297,
            "lima_377": -0.00761318439617753,
            "lima_110": 0.013306587934494019
        },
        "lima_230": {
            "lima_230": -8.15325474832207e-05,
            "lima_235": -0.011596988886594772,
            "lima_167": -0.002001843648031354,
            "lima_192": 0.0004681601421907544,
            "lima_20": -0.0015869284979999065
        },
        "lima_231": {
            "lima_231": 0.0012181223137304187,
            "lima_87": 0.0033510057255625725,
            "lima_368": -0.0037587673868983984,
            "lima_294": -0.01636892929673195,
            "lima_499": -0.004699131473898888
        },
        "lima_232": {
            "lima_232": -0.003925862722098827,
            "lima_106": 0.006348070688545704,
            "lima_25": -0.006252851337194443,
            "lima_98": 0.0017875840421766043,
            "lima_101": -0.014394981786608696
        },
        "lima_233": {
            "lima_233": 0.011497437953948975,
            "lima_145": -0.019149290397763252,
            "lima_122": 0.001463324180804193,
            "lima_49": -0.0019599292427301407,
            "lima_806": 0.003951796796172857
        },
        "lima_234": {
            "lima_234": 0.02625318244099617,
            "lima_376": 0.007920476607978344,
            "lima_218": 0.018459860235452652,
            "lima_67": 0.008682863786816597,
            "lima_342": 0.011554732918739319
        },
        "lima_235": {
            "lima_235": -0.010134236887097359,
            "lima_216": -0.009621379896998405,
            "lima_230": -0.013623423874378204,
            "lima_337": 0.006324826739728451,
            "lima_54": -0.005865593906491995
        },
        "lima_236": {
            "lima_236": 0.022630197927355766,
            "lima_306": 0.007232163101434708,
            "lima_34": -0.019064992666244507,
            "lima_364": 0.0011564616579562426,
            "lima_83": -0.0010432221461087465
        },
        "lima_237": {
            "lima_237": 0.015979565680027008,
            "lima_330": 0.00231320783495903,
            "lima_373": 0.01563502475619316,
            "lima_526": -0.0028707911260426044,
            "lima_41": -0.0012920342851430178
        },
        "lima_238": {
            "lima_238": 0.005747010000050068,
            "lima_64": -0.004716837778687477,
            "lima_166": -0.0110552366822958,
            "lima_290": 0.00048796931514516473,
            "lima_808": 0.008596424013376236
        },
        "lima_239": {
            "lima_239": 0.0075603630393743515,
            "lima_191": 0.015459330752491951,
            "lima_190": 0.021040434017777443,
            "lima_138": -0.00749678909778595,
            "lima_374": -0.006465326528996229
        },
        "lima_240": {
            "lima_240": -0.0037825715262442827,
            "lima_283": -0.001806566840969026,
            "lima_838": -0.013018644414842129,
            "lima_803": -0.009038965217769146,
            "lima_183": -0.04213748127222061
        },
        "lima_241": {
            "lima_241": -0.009454172104597092,
            "lima_34": -0.008945971727371216,
            "lima_207": -0.002799795940518379,
            "lima_961": 0.015273736789822578,
            "lima_336": -0.014064433053135872
        }
    },
    "58838016": {
        "lima_222": {
            "lima_222": -0.0059877908788621426,
            "lima_52": -0.00544926431030035,
            "lima_197": -0.0017611931543797255,
            "lima_270": -0.003031062427908182,
            "lima_283": -0.004246555268764496
        },
        "lima_223": {
            "lima_223": 0.016739945858716965,
            "lima_303": -0.0197940431535244,
            "lima_197": 0.010443057864904404,
            "lima_294": -0.013238247483968735,
            "lima_46": -0.00829831138253212
        },
        "lima_224": {
            "lima_224": 0.062442995607852936,
            "lima_197": 0.0013588236179202795,
            "lima_139": -0.0037879471201449633,
            "lima_358": 0.01750626042485237,
            "lima_411": -0.019190959632396698
        },
        "lima_225": {
            "lima_225": -0.034365806728601456,
            "lima_294": 1.9865328795276582e-06,
            "lima_303": -0.00019915428129024804,
            "lima_231": -9.995149594033137e-05,
            "lima_87": -0.007627998478710651
        },
        "lima_226": {
            "lima_226": -0.01674296334385872,
            "lima_191": -0.0020053680054843426,
            "lima_164": -0.01083672046661377,
            "lima_103": 0.012510228902101517,
            "lima_36": 0.009074470028281212
        },
        "lima_227": {
            "lima_227": 0.015375776216387749,
            "lima_319": -0.014849474653601646,
            "lima_830": -0.01644892245531082,
            "lima_98": -0.0003239857032895088,
            "lima_395": 0.004790931008756161
        },
        "lima_228": {
            "lima_228": 0.031604915857315063,
            "lima_211": -0.0010081824148073792,
            "lima_396": -0.010436773300170898,
            "lima_296": 0.001211567665450275,
            "lima_259": 0.0004808009252883494
        },
        "lima_229": {
            "lima_229": 0.03290765732526779,
            "lima_15": 0.011090047657489777,
            "lima_48": -0.0058679161593317986,
            "lima_377": -0.007630891166627407,
            "lima_110": 0.013874339871108532
        },
        "lima_230": {
            "lima_230": -8.818742935545743e-05,
            "lima_235": -0.01173100434243679,
            "lima_167": -0.0015575248980894685,
            "lima_192": 0.0008178910939022899,
            "lima_20": -0.0016138366190716624
        },
        "lima_231": {
            "lima_231": 0.0014269938692450523,
            "lima_87": 0.0028419760055840015,
            "lima_368": -0.004224827513098717,
            "lima_294": -0.016077030450105667,
            "lima_499": -0.004282766953110695
        },