{
    "11767808": {
        "lima_322": {
            "lima_322": 0.014853805303573608,
            "lima_211": -0.004943456035107374,
            "lima_391": -0.0036983233876526356,
            "lima_166": -0.013666951097548008,
            "lima_83": -0.013666033744812012
        },
        "lima_323": {
            "lima_323": 0.010697690770030022,
            "lima_391": -0.009846976026892662,
            "lima_393": -0.00624899473041296,
            "lima_205": 0.004836183972656727,
            "lima_819": -0.0008267315570265055
        },
        "lima_324": {
            "lima_324": 0.009196119382977486,
            "lima_70": 0.019865702837705612,
            "lima_395": 0.005265537649393082,
            "lima_393": 0.009462852030992508,
            "lima_391": -0.01850377395749092
        },
        "lima_325": {
            "lima_325": 0.031466029584407806,
            "lima_230": -0.0002707099774852395,
            "lima_235": -0.008210377767682076,
            "lima_226": -0.010772334411740303,
            "lima_115": -0.008911455981433392
        },
        "lima_326": {
            "lima_326": 0.0031475897412747145,
            "lima_316": -0.008113915100693703,
            "lima_294": -0.0085239103063941,
            "lima_191": -0.001202537678182125,
            "lima_164": 0.00695381872355938
        },
        "lima_327": {
            "lima_327": -0.035728245973587036,
            "lima_169": -0.005946427583694458,
            "lima_152": -0.007889743894338608,
            "lima_188": -0.04009595513343811,
            "lima_519": 0.02377454563975334
        },
        "lima_328": {
            "lima_328": -0.0146550377830863,
            "lima_113": -0.0017417093040421605,
            "lima_42": -0.0017339056357741356,
            "lima_905": 0.006054176948964596,
            "lima_204": 0.0042507825419306755
        },
        "lima_329": {
            "lima_426": 0.01055205799639225,
            "lima_329": -0.02006235346198082,
            "lima_512": -0.01703643798828125,
            "lima_205": 0.00026006740517914295,
            "lima_348": 0.001387004042044282
        },
        "lima_330": {
            "lima_330": 0.000682590645737946,
            "lima_203": 0.0036217765882611275,
            "lima_237": -0.004088996909558773,
            "lima_83": -0.008116464130580425,
            "lima_172": -0.00962862465530634
        },
        "lima_331": {
            "lima_520": -0.03111318126320839,
            "lima_331": 0.02619951218366623,
            "lima_170": -0.015668489038944244,
            "lima_27": 0.015294419601559639,
            "lima_392": -0.013913719914853573
        },
        "lima_332": {
            "lima_332": -0.021293863654136658,
            "lima_396": -0.008370968513190746,
            "lima_274": 0.013773449696600437,
            "lima_248": -0.003176068887114525,
            "lima_80": -0.013471624813973904
        },
        "lima_333": {
            "lima_333": -0.002782593248412013,
            "lima_134": -0.0030556481797248125,
            "lima_103": 0.007955443114042282,
            "lima_991": -0.015562523156404495,
            "lima_173": 0.0037688473239541054
        },
        "lima_334": {
            "lima_334": -0.024119630455970764,
            "lima_562": -0.02779693901538849,
            "lima_753": -0.001085965079255402,
            "lima_187": 0.000153512810356915,
            "lima_766": -0.005266309250146151
        },
        "lima_335": {
            "lima_335": 0.0012176870368421078,
            "lima_273": -0.012698465958237648,
            "lima_292": -0.020564693957567215,
            "lima_260": -0.013178670778870583,
            "lima_405": -0.02205711230635643
        },
        "lima_336": {
            "lima_336": -0.021865257993340492,
            "lima_570": -0.003951753955334425,
            "lima_168": 0.005289026536047459,
            "lima_104": -0.0071136425249278545,
            "lima_134": -0.0037127803079783916
        },
        "lima_337": {
            "lima_337": 0.015314346179366112,
            "lima_211": -0.006500473711639643,
            "lima_64": -0.006565086543560028,
            "lima_253": -0.013070438988506794,
            "lima_123": -0.012449324131011963
        },
        "lima_338": {
            "lima_338": -0.018676018342375755,
            "lima_183": -0.03417075425386429,
            "lima_438": -0.029195044189691544,
            "lima_556": -0.04003339633345604,
            "lima_76": -0.003929250407963991
        },
        "lima_339": {
            "lima_339": -0.10693155229091644,
            "lima_64": -0.008992106653749943,
            "lima_80": -0.01734776794910431,
            "lima_237": -0.00948724988847971,
            "lima_11": -0.012001045048236847
        },
        "lima_340": {
            "lima_340": 0.0048432182520627975,
            "lima_134": -0.00037078518653288484,
            "lima_534": -0.029869254678487778,
            "lima_476": -0.03960490971803665,
            "lima_151": -0.014238433912396431
        },
        "lima_341": {
            "lima_341": 0.0002271443954668939,
            "lima_125": 0.023290317505598068,
            "lima_313": -0.011616617441177368,
            "lima_80": -0.02757180854678154,
            "lima_302": 0.025575514882802963
        }
    },
    "58838016": {
        "lima_322": {
            "lima_322": 0.014215302653610706,
            "lima_211": -0.004432752728462219,
            "lima_391": -0.003793012583628297,
            "lima_166": -0.01363484188914299,
            "lima_83": -0.013423354364931583
        },
        "lima_323": {
            "lima_323": 0.010340040549635887,
            "lima_391": -0.010082816705107689,
            "lima_393": -0.006520804949104786,
            "lima_205": 0.0050827073864638805,
            "lima_819": -0.0008142164442688227
        },
        "lima_324": {
            "lima_324": 0.008866776712238789,
            "lima_70": 0.01992833986878395,
            "lima_395": 0.005830371752381325,
            "lima_393": 0.009393740445375443,
            "lima_391": -0.018268773332238197
        },
        "lima_325": {
            "lima_325": 0.031771693378686905,
            "lima_230": -0.00039457337697967887,
            "lima_235": -0.008926893584430218,
            "lima_226": -0.010611756704747677,
            "lima_115": -0.009036281146109104
        },
        "lima_326": {
            "lima_326": 0.0034698727540671825,
            "lima_316": -0.008267106488347054,
            "lima_294": -0.00885196402668953,
            "lima_191": -0.0018395675579085946,
            "lima_164": 0.006903008557856083
        },
        "lima_327": {
            "lima_327": -0.03610232099890709,
            "lima_169": -0.006290605291724205,
            "lima_152": -0.007360915653407574,
            "lima_188": -0.04004786163568497,
            "lima_519": 0.023731064051389694
        },
        "lima_328": {
            "lima_328": -0.014745498076081276,
            "lima_113": -0.0017504949355497956,
            "lima_42": -0.0014065266586840153,
            "lima_905": 0.0060103279538452625,
            "lima_204": 0.004825305193662643
        },
        "lima_329": {
            "lima_426": 0.010089186951518059,
            "lima_329": -0.01962074637413025,
            "lima_512": -0.01708371192216873,
            "lima_205": 0.00034936651354655623,
            "lima_348": 0.001181839150376618
        },
        "lima_330": {
            "lima_330": 0.000624587875790894,
            "lima_203": 0.004100164398550987,
            "lima_237": -0.0039672935381531715,
            "lima_83": -0.008200988173484802,
            "lima_172": -0.009511632844805717
        },
        "lima_331": {
            "lima_520": -0.030808035284280777,
            "lima_331": 0.025686707347631454,
            "lima_170": -0.015632838010787964,
            "lima_27": 0.015558532439172268,
            "lima_392": -0.014190662652254105
        },