{
    "11767808": {
        "lima_951": {
            "lima_951": 0.06455656886100769,
            "lima_908": 0.023077014833688736,
            "lima_960": -0.002369409427046776,
            "lima_127": 0.006068885326385498,
            "lima_406": -0.02536064013838768
        },
        "lima_952": {
            "lima_952": -0.01372653990983963,
            "lima_466": -0.031223643571138382,
            "lima_409": -0.06578954309225082,
            "lima_961": 0.023768559098243713,
            "lima_908": 0.02017159014940262
        },
        "lima_953": {
            "lima_900": -0.0019246845040470362,
            "lima_972": -0.01873590238392353,
            "lima_953": -0.013028537854552269,
            "lima_998": -0.028720706701278687,
            "lima_530": -0.013924617320299149
        },
        "lima_954": {
            "lima_954": 0.03154775872826576,
            "lima_874": -0.021140504628419876,
            "lima_885": -0.003132057609036565,
            "lima_945": -0.02722109667956829,
            "lima_986": -0.0069437953643500805
        },
        "lima_956": {
            "lima_905": 0.031266577541828156,
            "lima_97": 0.005845857784152031,
            "lima_956": 0.025892309844493866,
            "lima_893": -0.008666210807859898,
            "lima_972": 0.049721360206604004
        },
        "lima_957": {
            "lima_776": -0.006568118929862976,
            "lima_924": 0.012793650850653648,
            "lima_452": -0.016099706292152405,
            "lima_235": -0.0174558125436306,
            "lima_957": 0.0002785370743367821
        },
        "lima_958": {
            "lima_561": -0.05673285573720932,
            "lima_806": 0.011694161221385002,
            "lima_938": -0.018963126465678215,
            "lima_175": 0.0015633645234629512,
            "lima_958": -0.017492542043328285
        },
        "lima_959": {
            "lima_959": 0.001891151536256075,
            "lima_991": -0.017992593348026276,
            "lima_909": -0.04187905788421631,
            "lima_857": -0.016206778585910797,
            "lima_147": -0.006646584253758192
        },
        "lima_960": {
            "lima_960": -0.02206001803278923,
            "lima_893": -0.02790973335504532,
            "lima_950": 0.06369699537754059,
            "lima_127": 0.0031722006388008595,
            "lima_385": 0.01814647577702999
        },
        "lima_961": {
            "lima_961": 0.036798931658267975,
            "lima_409": 0.01630379632115364,
            "lima_127": -0.010705159977078438,
            "lima_414": 0.0030197841115295887,
            "lima_862": 0.0097624771296978
        },
        "lima_962": {
            "lima_962": -0.06838391721248627,
            "lima_885": -0.04640702158212662,
            "lima_874": -0.031002227216959,
            "lima_977": -0.02152950130403042,
            "lima_850": -0.02636728808283806
        },
        "lima_963": {
            "lima_109": -0.006665864959359169,
            "lima_360": -0.012691359035670757,
            "lima_43": -0.008857340551912785,
            "lima_161": 0.0068513862788677216,
            "lima_963": -0.002445407910272479
        },
        "lima_964": {
            "lima_819": 0.0026327832601964474,
            "lima_400": -0.015531017445027828,
            "lima_859": -0.017378412187099457,
            "lima_14": -0.009031984023749828,
            "lima_964": -0.021303508430719376
        },
        "lima_965": {
            "lima_925": -0.009592934511601925,
            "lima_965": -0.009281015954911709,
            "lima_953": -0.006406409665942192,
            "lima_994": 0.01813865453004837,
            "lima_918": -0.02459104359149933
        },
        "lima_966": {
            "lima_473": 0.04065151512622833,
            "lima_826": -0.010330963879823685,
            "lima_67": 0.008932262659072876,
            "lima_966": 0.023428335785865784,
            "lima_931": -0.005622368771582842
        },
        "lima_967": {
            "lima_967": 0.036804281175136566,
            "lima_862": -0.0214662067592144,
            "lima_176": 0.0014490354806184769,
            "lima_950": 0.022108636796474457,
            "lima_968": -0.0031732514034956694
        },
        "lima_968": {
            "lima_318": 0.004897287581115961,
            "lima_172": 0.002144439844414592,
            "lima_203": -0.0023467661812901497,
            "lima_337": -0.005685395561158657,
            "lima_968": -0.011762427166104317
        },
        "lima_969": {
            "lima_109": 0.001730662421323359,
            "lima_360": -0.008501920849084854,
            "lima_478": -0.00977453961968422,
            "lima_565": -0.012637080624699593,
            "lima_969": 0.0030083032324910164
        },
        "lima_970": {
            "lima_970": -0.016922932118177414,
            "lima_910": -0.01928837224841118,
            "lima_925": -0.017285771667957306,
            "lima_919": -0.016403254121541977,
            "lima_991": -0.01639670692384243
        },
        "lima_971": {
            "lima_971": 0.01797124370932579,
            "lima_950": 0.05455993488430977,
            "lima_321": 0.0010835996363312006,
            "lima_276": -0.0003332371707074344,
            "lima_998": -0.008569467812776566
        }
    },
    "58838016": {
        "lima_951": {
            "lima_951": 0.0644541010260582,
            "lima_908": 0.022979099303483963,
            "lima_960": -0.002278274856507778,
            "lima_127": 0.006511244457215071,
            "lima_406": -0.02535511739552021
        },
        "lima_952": {
            "lima_952": -0.014254976063966751,
            "lima_466": -0.031094620004296303,
            "lima_409": -0.06637697666883469,
            "lima_961": 0.02342221513390541,
            "lima_908": 0.020175624638795853
        },
        "lima_953": {
            "lima_900": -0.002094488823786378,
            "lima_972": -0.01848120242357254,
            "lima_953": -0.013153771869838238,
            "lima_998": -0.028789272531867027,
            "lima_530": -0.014161946251988411
        },
        "lima_954": {
            "lima_954": 0.03095293417572975,
            "lima_874": -0.021296413615345955,
            "lima_885": -0.003574893344193697,
            "lima_945": -0.027146682143211365,
            "lima_986": -0.007283858954906464
        },
        "lima_956": {
            "lima_905": 0.0313645638525486,
            "lima_97": 0.006580117624253035,
            "lima_956": 0.02612796612083912,
            "lima_893": -0.008576824329793453,
            "lima_972": 0.05007721111178398
        },
        "lima_957": {
            "lima_776": -0.007309513632208109,
            "lima_924": 0.012907668948173523,
            "lima_452": -0.01604950800538063,
            "lima_235": -0.017074892297387123,
            "lima_957": -0.00012350636825431138
        },
        "lima_958": {
            "lima_561": -0.05665217339992523,
            "lima_806": 0.01241440698504448,
            "lima_938": -0.018846124410629272,
            "lima_175": 0.0017249740194529295,
            "lima_958": -0.017236189916729927
        },
        "lima_959": {
            "lima_959": 0.0014167546760290861,
            "lima_991": -0.018392490223050117,
            "lima_909": -0.041190892457962036,
            "lima_857": -0.016640592366456985,
            "lima_147": -0.006622452288866043
        },
        "lima_960": {
            "lima_960": -0.021791081875562668,
            "lima_893": -0.02840326726436615,
            "lima_950": 0.06423431634902954,
            "lima_127": 0.0032899787183851004,
            "lima_385": 0.018409138545393944
        },
        "lima_961": {
            "lima_961": 0.03710488602519035,
            "lima_409": 0.01607612334191799,
            "lima_127": -0.011418145149946213,
            "lima_414": 0.0026568465400487185,
            "lima_862": 0.009877287782728672
        },