{
    "11767808": {
        "lima_891": {
            "lima_891": -0.018382389098405838,
            "lima_898": -0.02629997581243515,
            "lima_929": -0.011586002074182034,
            "lima_780": -0.0120979780331254,
            "lima_986": 0.01684434711933136
        },
        "lima_892": {
            "lima_892": -0.024472083896398544,
            "lima_463": -0.00955484714359045,
            "lima_859": 0.008151404559612274,
            "lima_868": -0.0032226352486759424,
            "lima_774": -0.012209124863147736
        },
        "lima_893": {
            "lima_893": -0.02057095617055893,
            "lima_235": -0.010499357245862484,
            "lima_997": -0.01619395986199379,
            "lima_237": -0.012715880759060383,
            "lima_872": 0.014811593107879162
        },
        "lima_894": {
            "lima_894": -0.05054130405187607,
            "lima_550": -0.008575423620641232,
            "lima_705": -0.012865915894508362,
            "lima_992": -0.008890217170119286,
            "lima_889": -0.011068522930145264
        },
        "lima_895": {
            "lima_895": -0.01706565171480179,
            "lima_290": 0.0026951516047120094,
            "lima_42": 0.005476358812302351,
            "lima_993": 0.0067956410348415375,
            "lima_850": 0.011284713633358479
        },
        "lima_896": {
            "lima_896": 0.00621683057397604,
            "lima_997": -0.03366798907518387,
            "lima_127": -3.994297003373504e-05,
            "lima_927": -0.03504352644085884,
            "lima_485": -0.01771383173763752
        },
        "lima_897": {
            "lima_897": 0.0021227600518614054,
            "lima_162": -0.025138450786471367,
            "lima_905": -0.009500185959041119,
            "lima_819": 0.00317049166187644,
            "lima_808": -0.007456670515239239
        },
        "lima_898": {
            "lima_550": -0.005429446697235107,
            "lima_996": -0.02134857326745987,
            "lima_199": 0.00243717385455966,
            "lima_919": -0.022526927292346954,
            "lima_898": -0.009157322347164154
        },
        "lima_899": {
            "lima_1": 7.720052963122725e-05,
            "lima_37": -0.011483666487038136,
            "lima_175": -0.008005868643522263,
            "lima_296": -0.005924553610384464,
            "lima_899": 0.01105482503771782
        },
        "lima_900": {
            "lima_900": 0.021915253251791,
            "lima_499": 0.010702554136514664,
            "lima_999": 0.008514447137713432,
            "lima_902": -0.0063329217955470085,
            "lima_915": 0.003317198483273387
        },
        "lima_901": {
            "lima_915": 0.004532137885689735,
            "lima_873": 0.009530746378004551,
            "lima_923": -0.005503758322447538,
            "lima_846": 0.010591868311166763,
            "lima_901": -0.04374369978904724
        },
        "lima_902": {
            "lima_374": 0.010396448895335197,
            "lima_203": 0.0018177467864006758,
            "lima_283": -0.0003227769921068102,
            "lima_228": 0.008619618602097034,
            "lima_902": -0.023534707725048065
        },
        "lima_903": {
            "lima_903": 0.06320039927959442,
            "lima_819": -0.0003835343522951007,
            "lima_417": -0.005142970941960812,
            "lima_374": -0.0033536481205374002,
            "lima_950": 0.02224888652563095
        },
        "lima_904": {
            "lima_904": -0.0016443189233541489,
            "lima_211": 0.0003052134998142719,
            "lima_147": -0.015347053296864033,
            "lima_997": -0.038482118397951126,
            "lima_909": -0.04168672114610672
        },
        "lima_905": {
            "lima_905": 0.003477931022644043,
            "lima_593": -0.015461992472410202,
            "lima_64": -0.0031147683039307594,
            "lima_808": -0.01648496650159359,
            "lima_812": -0.0366377979516983
        },
        "lima_906": {
            "lima_906": 0.01690245233476162,
            "lima_930": -0.009427085518836975,
            "lima_92": -0.0048627788200974464,
            "lima_905": 0.01626318134367466,
            "lima_123": -0.0036563961766660213
        },
        "lima_907": {
            "lima_905": -0.007395394612103701,
            "lima_290": -0.010853501036763191,
            "lima_808": -0.019415050745010376,
            "lima_418": -0.020994964987039566,
            "lima_907": -0.010087268427014351
        },
        "lima_908": {
            "lima_908": 0.027658697217702866,
            "lima_893": -0.029599856585264206,
            "lima_413": -0.028873324394226074,
            "lima_136": 0.0005196196725592017,
            "lima_938": -0.026262177154421806
        },
        "lima_909": {
            "lima_82": 0.0008856727508828044,
            "lima_66": 0.004921150393784046,
            "lima_377": -0.013552761636674404,
            "lima_287": -0.007370429113507271,
            "lima_909": -0.018207531422376633
        },
        "lima_910": {
            "lima_382": -0.007514345459640026,
            "lima_228": 0.013484537601470947,
            "lima_200": -0.01807953231036663,
            "lima_905": 0.001303127035498619,
            "lima_910": -0.021916495636105537
        }
    },
    "58838016": {
        "lima_891": {
            "lima_891": -0.017667680978775024,
            "lima_898": -0.026230353862047195,
            "lima_929": -0.01152045652270317,
            "lima_780": -0.012102508917450905,
            "lima_986": 0.017138324677944183
        },
        "lima_892": {
            "lima_892": -0.02432744763791561,
            "lima_463": -0.009449915960431099,
            "lima_859": 0.00798085331916809,
            "lima_868": -0.0030447375029325485,
            "lima_774": -0.011521447449922562
        },
        "lima_893": {
            "lima_893": -0.020101960748434067,
            "lima_235": -0.010675034485757351,
            "lima_997": -0.015994025394320488,
            "lima_237": -0.012683644890785217,
            "lima_872": 0.015173330903053284
        },
        "lima_894": {
            "lima_894": -0.05050912871956825,
            "lima_550": -0.009029683656990528,
            "lima_705": -0.012788915075361729,
            "lima_992": -0.008994079194962978,
            "lima_889": -0.011029399931430817
        },
        "lima_895": {
            "lima_895": -0.016636807471513748,
            "lima_290": 0.0026707423385232687,
            "lima_42": 0.0058263251557946205,
            "lima_993": 0.007528349757194519,
            "lima_850": 0.01146518811583519
        },
        "lima_896": {
            "lima_896": 0.006454095244407654,
            "lima_997": -0.03264395147562027,
            "lima_127": 0.00016307822079397738,
            "lima_927": -0.034988343715667725,
            "lima_485": -0.017375193536281586
        },
        "lima_897": {
            "lima_897": 0.002167988335713744,
            "lima_162": -0.02453003078699112,
            "lima_905": -0.00955398939549923,
            "lima_819": 0.0029886241536587477,
            "lima_808": -0.00783856026828289
        },
        "lima_898": {
            "lima_550": -0.0055920640006661415,
            "lima_996": -0.020878974348306656,
            "lima_199": 0.0025637950748205185,
            "lima_919": -0.02271300181746483,
            "lima_898": -0.00846320204436779
        },
        "lima_899": {
            "lima_1": 5.859226803295314e-06,
            "lima_37": -0.011155067011713982,
            "lima_175": -0.008519474416971207,
            "lima_296": -0.005694681778550148,
            "lima_899": 0.010719623416662216
        },
        "lima_900": {
            "lima_900": 0.02265109494328499,
            "lima_499": 0.01092866063117981,
            "lima_999": 0.008572058752179146,
            "lima_902": -0.005708836484700441,
            "lima_915": 0.003632189705967903
        },