{
    "11767808": {
        "lima_731": {
            "lima_731": 0.008241932839155197,
            "lima_587": 0.0014182337326928973,
            "lima_185": 0.00663297763094306,
            "lima_583": -0.004104378633201122,
            "lima_130": 0.0018999106250703335
        },
        "lima_732": {
            "lima_721": -0.014826392754912376,
            "lima_798": -0.002707347273826599,
            "lima_732": -0.03583139926195145,
            "lima_664": -0.007663900498300791,
            "lima_665": 0.009020949713885784
        },
        "lima_733": {
            "lima_587": 0.005848355125635862,
            "lima_872": -0.022504255175590515,
            "lima_583": -0.013299255631864071,
            "lima_551": -0.018928544595837593,
            "lima_733": -0.03589808940887451
        },
        "lima_734": {
            "lima_734": -0.004908532369881868,
            "lima_80": -0.014876728877425194,
            "lima_205": -0.008844776079058647,
            "lima_512": -0.013442794792354107,
            "lima_438": -0.013790464960038662
        },
        "lima_735": {
            "lima_735": 0.0022488445974886417,
            "lima_587": -0.006461109966039658,
            "lima_583": -0.02567523717880249,
            "lima_551": -0.04034871608018875,
            "lima_195": 0.0035034269094467163
        },
        "lima_736": {
            "lima_736": -0.014877427369356155,
            "lima_48": -0.005304078571498394,
            "lima_6": -0.0012352995108813047,
            "lima_462": -0.01310502365231514,
            "lima_583": -0.021340375766158104
        },
        "lima_737": {
            "lima_6": 0.0037408398929983377,
            "lima_134": -0.012118853628635406,
            "lima_462": -0.0335669070482254,
            "lima_40": 0.008031820878386497,
            "lima_737": -0.059486351907253265
        },
        "lima_738": {
            "lima_738": -0.034150101244449615,
            "lima_374": 0.013272912241518497,
            "lima_72": -0.0012268192367628217,
            "lima_211": -0.012115146964788437,
            "lima_16": -0.00649613793939352
        },
        "lima_739": {
            "lima_739": -0.0028373971581459045,
            "lima_587": 0.02116132527589798,
            "lima_525": -0.02597338706254959,
            "lima_341": 0.009095380082726479,
            "lima_347": -0.004237549379467964
        },
        "lima_740": {
            "lima_740": -0.031686410307884216,
            "lima_893": -0.0007350951200351119,
            "lima_672": -0.0012004263699054718,
            "lima_6": 0.0009640988428145647,
            "lima_462": -0.020341454073786736
        },
        "lima_741": {
            "lima_741": -0.03067498840391636,
            "lima_796": -0.009050375781953335,
            "lima_60": 0.0026225431356579065,
            "lima_918": -0.03192868083715439,
            "lima_538": -0.02756344899535179
        },
        "lima_742": {
            "lima_742": -0.00729543250054121,
            "lima_587": -0.0032550529576838017,
            "lima_727": -0.021829478442668915,
            "lima_218": -0.0028741201385855675,
            "lima_195": -0.007998837158083916
        },
        "lima_743": {
            "lima_743": -0.006488882005214691,
            "lima_660": -0.005548943765461445,
            "lima_539": -0.010252824984490871,
            "lima_951": 0.050709739327430725,
            "lima_221": 0.009741123765707016
        },
        "lima_744": {
            "lima_744": -0.0047225384041666985,
            "lima_374": 0.001469097682274878,
            "lima_485": -0.02047385275363922,
            "lima_512": -0.035304244607686996,
            "lima_588": -0.03281525522470474
        },
        "lima_745": {
            "lima_745": -0.007702991366386414,
            "lima_411": 0.0014132393989712,
            "lima_432": -0.033872589468955994,
            "lima_188": -0.018297336995601654,
            "lima_123": 0.00027277477784082294
        },
        "lima_746": {
            "lima_603": -0.008842085488140583,
            "lima_746": -0.00543162040412426,
            "lima_408": -0.011386735364794731,
            "lima_486": 0.012358659878373146,
            "lima_520": 0.006110342685133219
        },
        "lima_747": {
            "lima_747": -0.03221910446882248,
            "lima_587": -0.0032810650300234556,
            "lima_988": -0.004133669659495354,
            "lima_306": 0.006651163101196289,
            "lima_913": 0.06078878045082092
        },
        "lima_748": {
            "lima_748": -0.009868860244750977,
            "lima_31": 2.6694266125559807e-05,
            "lima_367": -0.0025289757177233696,
            "lima_173": -0.0016402307664975524,
            "lima_274": -0.0016045476077124476
        },
        "lima_749": {
            "lima_749": -0.03199904412031174,
            "lima_61": 0.0004500467039179057,
            "lima_134": -0.012046689167618752,
            "lima_48": -0.00813416950404644,
            "lima_136": -0.004255042411386967
        },
        "lima_750": {
            "lima_349": -0.0034896484576165676,
            "lima_374": 0.0018592695705592632,
            "lima_396": -0.00982294138520956,
            "lima_750": -0.018367143347859383,
            "lima_837": -0.02508656680583954
        }
    },
    "58838016": {
        "lima_731": {
            "lima_731": 0.008460674434900284,
            "lima_587": 0.0013671743217855692,
            "lima_185": 0.006501520052552223,
            "lima_583": -0.004294375889003277,
            "lima_130": 0.0020863651297986507
        },
        "lima_732": {
            "lima_721": -0.015017803758382797,
            "lima_798": -0.0033092531375586987,
            "lima_732": -0.03529693931341171,
            "lima_664": -0.008047942072153091,
            "lima_665": 0.008638403378427029
        },
        "lima_733": {
            "lima_587": 0.0057468293234705925,
            "lima_872": -0.02334750071167946,
            "lima_583": -0.013476227410137653,
            "lima_551": -0.019504660740494728,
            "lima_733": -0.03595636785030365
        },
        "lima_734": {
            "lima_734": -0.0048373183235526085,
            "lima_80": -0.01507447101175785,
            "lima_205": -0.008733054623007774,
            "lima_512": -0.01318555511534214,
            "lima_438": -0.01377836987376213
        },
        "lima_735": {
            "lima_735": 0.0023580261040478945,
            "lima_587": -0.0062856064178049564,
            "lima_583": -0.025575853884220123,
            "lima_551": -0.03990106284618378,
            "lima_195": 0.0035468600690364838
        },
        "lima_736": {
            "lima_736": -0.014652572572231293,
            "lima_48": -0.005194351077079773,
            "lima_6": -0.0011810284340754151,
            "lima_462": -0.0135355144739151,
            "lima_583": -0.02145332098007202
        },
        "lima_737": {
            "lima_6": 0.0031418087892234325,
            "lima_134": -0.011972887441515923,
            "lima_462": -0.03326910361647606,
            "lima_40": 0.007379154674708843,
            "lima_737": -0.05922815576195717
        },
        "lima_738": {
            "lima_738": -0.03415112942457199,
            "lima_374": 0.013603413477540016,
            "lima_72": -0.0007531528826802969,
            "lima_211": -0.011885481886565685,
            "lima_16": -0.007277100346982479
        },
        "lima_739": {
            "lima_739": -0.0020399214699864388,
            "lima_587": 0.020897960290312767,
            "lima_525": -0.02592134289443493,
            "lima_341": 0.008484429679811,
            "lima_347": -0.003929976373910904
        },
        "lima_740": {
            "lima_740": -0.031866319477558136,
            "lima_893": -0.0005315584130585194,
            "lima_672": -0.0008494404028169811,
            "lima_6": 0.0004379875026643276,
            "lima_462": -0.020494528114795685
        },