{
    "11767808": {
        "lima_403": {
            "lima_403": -0.01415214128792286,
            "lima_144": -0.009804030880331993,
            "lima_152": 0.008731422945857048,
            "lima_824": -0.012649236246943474,
            "lima_249": 0.012517184019088745
        },
        "lima_404": {
            "lima_404": -0.038289874792099,
            "lima_532": -0.0075409188866615295,
            "lima_985": -0.007814359851181507,
            "lima_136": -0.0023529725149273872,
            "lima_750": 0.0020186922047287226
        },
        "lima_405": {
            "lima_405": -0.026172015815973282,
            "lima_169": -0.008132779970765114,
            "lima_4": -0.00016184078413061798,
            "lima_231": 0.00453767366707325,
            "lima_290": 0.0019911860581487417
        },
        "lima_406": {
            "lima_406": -0.01414576917886734,
            "lima_539": -0.020873136818408966,
            "lima_867": 0.005350003018975258,
            "lima_916": -0.012521935626864433,
            "lima_127": 0.008737273514270782
        },
        "lima_407": {
            "lima_523": 0.007412266917526722,
            "lima_948": -0.010370325297117233,
            "lima_407": 0.009193932637572289,
            "lima_944": -0.004316279664635658,
            "lima_127": 0.020371530205011368
        },
        "lima_408": {
            "lima_408": -0.0012721015373244882,
            "lima_497": -0.01642143353819847,
            "lima_486": -0.012427791953086853,
            "lima_137": -0.0012545769568532705,
            "lima_460": -0.015643645077943802
        },
        "lima_409": {
            "lima_409": -0.06693708896636963,
            "lima_961": -0.0271664559841156,
            "lima_211": -0.009078681468963623,
            "lima_159": -0.0016688825562596321,
            "lima_987": -0.00022994010942056775
        },
        "lima_410": {
            "lima_410": -0.007033531554043293,
            "lima_961": -0.00429648719727993,
            "lima_290": -0.00020055126515217125,
            "lima_984": -0.005550325848162174,
            "lima_528": 0.0012462593149393797
        },
        "lima_411": {
            "lima_411": -0.008449820801615715,
            "lima_188": -0.019747301936149597,
            "lima_241": -0.00718710757791996,
            "lima_336": -0.01508798636496067,
            "lima_416": -0.01540910080075264
        },
        "lima_412": {
            "lima_412": -0.045201681554317474,
            "lima_203": 0.0006208677077665925,
            "lima_382": 0.007937345653772354,
            "lima_59": -0.0050735678523778915,
            "lima_274": 0.013789995573461056
        },
        "lima_413": {
            "lima_413": -0.013021696358919144,
            "lima_54": -0.0035756148863583803,
            "lima_542": 0.02264736220240593,
            "lima_235": -0.001218325924128294,
            "lima_506": -0.026403289288282394
        },
        "lima_414": {
            "lima_414": 0.021505393087863922,
            "lima_974": -0.02163659781217575,
            "lima_405": -0.017430266365408897,
            "lima_127": 0.012128135189414024,
            "lima_476": -0.037782933562994
        },
        "lima_415": {
            "lima_415": 0.00013920076889917254,
            "lima_487": -0.012789230793714523,
            "lima_420": -0.013866548426449299,
            "lima_515": -0.023997586220502853,
            "lima_406": -0.02247907966375351
        },
        "lima_416": {
            "lima_416": -0.015265198424458504,
            "lima_199": -0.008830782026052475,
            "lima_104": -0.019716182723641396,
            "lima_134": 0.0019168220460414886,
            "lima_530": 0.012709730304777622
        },
        "lima_417": {
            "lima_434": -0.020676128566265106,
            "lima_583": -0.01568063534796238,
            "lima_837": -0.031962454319000244,
            "lima_227": 0.011887616477906704,
            "lima_417": 0.011780137196183205
        },
        "lima_418": {
            "lima_418": -0.023538917303085327,
            "lima_218": 0.0117831751704216,
            "lima_169": -0.020318247377872467,
            "lima_327": -0.016278764232993126,
            "lima_593": -0.01805748976767063
        },
        "lima_419": {
            "lima_310": -0.016865843906998634,
            "lima_294": -0.02087217941880226,
            "lima_138": -0.006701770704239607,
            "lima_293": 0.0003989409015048295,
            "lima_419": -0.026048891246318817
        },
        "lima_420": {
            "lima_420": 0.00858637411147356,
            "lima_431": -0.008712400682270527,
            "lima_415": 0.0009934988338500261,
            "lima_406": -0.005750512238591909,
            "lima_515": -0.016188383102416992
        },
        "lima_421": {
            "lima_421": -0.025898709893226624,
            "lima_23": 0.0009025330655276775,
            "lima_554": -0.023299209773540497,
            "lima_478": -0.020785409957170486,
            "lima_204": -0.01353779062628746
        },
        "lima_422": {
            "lima_422": -0.03555014356970787,
            "lima_80": -0.01168292947113514,
            "lima_164": -0.0023289292585104704,
            "lima_368": -0.012163825333118439,
            "lima_11": -0.006592287681996822
        }
    },
    "58838016": {
        "lima_403": {
            "lima_403": -0.013985257595777512,
            "lima_144": -0.009759571403265,
            "lima_152": 0.008978990837931633,
            "lima_824": -0.012572376057505608,
            "lima_249": 0.012086300179362297
        },
        "lima_404": {
            "lima_404": -0.0384591668844223,
            "lima_532": -0.007935302332043648,
            "lima_985": -0.007952246814966202,
            "lima_136": -0.002578368643298745,
            "lima_750": 0.002595363650470972
        },
        "lima_405": {
            "lima_405": -0.026352383196353912,
            "lima_169": -0.008579554036259651,
            "lima_4": -0.00025041791377589107,
            "lima_231": 0.004664075560867786,
            "lima_290": 0.0015723443357273936
        },
        "lima_406": {
            "lima_406": -0.014043676666915417,
            "lima_539": -0.020531615242362022,
            "lima_867": 0.004772915504872799,
            "lima_916": -0.01269812136888504,
            "lima_127": 0.008677156642079353
        },
        "lima_407": {
            "lima_523": 0.00769317289814353,
            "lima_948": -0.011069579049944878,
            "lima_407": 0.009167375043034554,
            "lima_944": -0.004657622426748276,
            "lima_127": 0.02029450051486492
        },
        "lima_408": {
            "lima_408": -0.0014874304179102182,
            "lima_497": -0.016360286623239517,
            "lima_486": -0.012176272459328175,
            "lima_137": -0.0014050324680283666,
            "lima_460": -0.015680639073252678
        },
        "lima_409": {
            "lima_409": -0.06647077947854996,
            "lima_961": -0.027829889208078384,
            "lima_211": -0.008905485272407532,
            "lima_159": -0.002057797508314252,
            "lima_987": -0.00017653997929301113
        },
        "lima_410": {
            "lima_410": -0.006621988490223885,
            "lima_961": -0.004357653670012951,
            "lima_290": -6.776161899324507e-05,
            "lima_984": -0.005819784477353096,
            "lima_528": 0.0007811583345755935
        },
        "lima_411": {
            "lima_411": -0.008555933833122253,
            "lima_188": -0.020004458725452423,
            "lima_241": -0.007158401422202587,
            "lima_336": -0.015140123665332794,
            "lima_416": -0.01572420634329319
        },
        "lima_412": {
            "lima_412": -0.045611463487148285,
            "lima_203": -0.0002654360723681748,
            "lima_382": 0.008146144449710846,
            "lima_59": -0.00522322952747345,
            "lima_274": 0.013540612533688545
        },