{
    "11767808": {
        "lima_162": {
            "lima_162": -0.03581850975751877,
            "lima_158": 0.00020571317872963846,
            "lima_211": -0.03235531598329544,
            "lima_64": -0.01665591076016426,
            "lima_430": 0.005296643357723951
        },
        "lima_163": {
            "lima_163": 0.026548609137535095,
            "lima_231": 0.030145451426506042,
            "lima_211": -0.04052216559648514,
            "lima_83": 0.001303205848671496,
            "lima_374": 0.010892350226640701
        },
        "lima_164": {
            "lima_164": -0.039988256990909576,
            "lima_191": -0.005201629363000393,
            "lima_103": 0.0047906204126775265,
            "lima_80": -0.008772877976298332,
            "lima_9": -0.003788899863138795
        },
        "lima_165": {
            "lima_165": -0.03695007041096687,
            "lima_173": -0.002831605263054371,
            "lima_169": 0.002417284529656172,
            "lima_123": -0.0033059364650398493,
            "lima_315": -0.0024567125365138054
        },
        "lima_166": {
            "lima_166": -0.016802554950118065,
            "lima_252": -0.013376401737332344,
            "lima_64": -0.0038872119039297104,
            "lima_211": -0.0033177630975842476,
            "lima_238": -0.00663423165678978
        },
        "lima_167": {
            "lima_167": -0.0268474742770195,
            "lima_159": -0.04295419901609421,
            "lima_57": -0.023343734443187714,
            "lima_543": -0.004970106761902571,
            "lima_230": -0.01691504195332527
        },
        "lima_168": {
            "lima_168": -0.007068822160363197,
            "lima_306": 0.004830780439078808,
            "lima_249": -0.01661737635731697,
            "lima_430": -0.03722171485424042,
            "lima_98": -0.004948625341057777
        },
        "lima_169": {
            "lima_169": -0.013248598203063011,
            "lima_290": -0.001891911611892283,
            "lima_405": -0.013609126210212708,
            "lima_22": -0.00729029206559062,
            "lima_4": -0.01524152047932148
        },
        "lima_170": {
            "lima_170": -0.014782629907131195,
            "lima_382": 0.002975049428641796,
            "lima_200": 0.005986106116324663,
            "lima_66": -0.0018998286686837673,
            "lima_83": -0.004368279129266739
        },
        "lima_171": {
            "lima_171": -0.008274269290268421,
            "lima_256": -0.011852504685521126,
            "lima_105": 0.003217073157429695,
            "lima_92": 0.012550484389066696,
            "lima_287": -0.0034080762416124344
        },
        "lima_172": {
            "lima_172": -0.023712601512670517,
            "lima_83": -0.009802955202758312,
            "lima_203": -0.02584824711084366,
            "lima_374": -0.004257083870470524,
            "lima_247": -0.0013379832962527871
        },
        "lima_173": {
            "lima_173": 0.02382799983024597,
            "lima_218": 0.01179973129183054,
            "lima_88": 0.009082376956939697,
            "lima_278": -0.003127048723399639,
            "lima_101": -0.004123165272176266
        },
        "lima_174": {
            "lima_174": -0.006078206934034824,
            "lima_56": -0.013571849092841148,
            "lima_368": -0.012957210652530193,
            "lima_294": -0.028943020850419998,
            "lima_46": -0.019601544365286827
        },
        "lima_175": {
            "lima_175": 0.017647279426455498,
            "lima_842": 0.008566178381443024,
            "lima_161": 0.01575702615082264,
            "lima_37": 0.007885285653173923,
            "lima_561": -0.010872656479477882
        },
        "lima_176": {
            "lima_176": 0.007267053239047527,
            "lima_167": 0.0013489046832546592,
            "lima_57": -0.00952981784939766,
            "lima_159": -0.01453278586268425,
            "lima_827": -0.01636189967393875
        },
        "lima_177": {
            "lima_177": 0.0011329860426485538,
            "lima_64": -0.022234022617340088,
            "lima_211": -0.00607795175164938,
            "lima_372": -0.0022210045717656612,
            "lima_80": -0.001471198396757245
        },
        "lima_178": {
            "lima_178": -0.04652857035398483,
            "lima_848": -0.024832673370838165,
            "lima_106": 0.006304509937763214,
            "lima_205": -0.012856323271989822,
            "lima_441": -0.018969032913446426
        },
        "lima_179": {
            "lima_179": -0.02748311683535576,
            "lima_582": -0.016192622482776642,
            "lima_374": 0.02316424995660782,
            "lima_259": 0.00866653211414814,
            "lima_37": -0.008554177358746529
        },
        "lima_180": {
            "lima_180": 0.09480220079421997,
            "lima_218": 0.026643360033631325,
            "lima_12": 0.03965482860803604,
            "lima_83": -0.010026911273598671,
            "lima_137": 0.014775185845792294
        },
        "lima_181": {
            "lima_181": -0.0032790759578347206,
            "lima_13": -0.0035611973144114017,
            "lima_142": 0.0059304023161530495,
            "lima_211": -0.007405322976410389,
            "lima_11": -0.006413321476429701
        }
    },
    "58838016": {
        "lima_162": {
            "lima_162": -0.03542462736368179,
            "lima_158": 0.0005348384147509933,
            "lima_211": -0.0324656218290329,
            "lima_64": -0.016021553426980972,
            "lima_430": 0.00507284514605999
        },
        "lima_163": {
            "lima_163": 0.02625322714447975,
            "lima_231": 0.03108443133533001,
            "lima_211": -0.04010719060897827,
            "lima_83": 0.0015614714939147234,
            "lima_374": 0.010600846260786057
        },
        "lima_164": {
            "lima_164": -0.04044164717197418,
            "lima_191": -0.005553244613111019,
            "lima_103": 0.005112114362418652,
            "lima_80": -0.008426208980381489,
            "lima_9": -0.003363302443176508
        },
        "lima_165": {
            "lima_165": -0.03707154095172882,
            "lima_173": -0.0025950446724891663,
            "lima_169": 0.0025323969312012196,
            "lima_123": -0.0030916393734514713,
            "lima_315": -0.0026854583993554115
        },
        "lima_166": {
            "lima_166": -0.017102999612689018,
            "lima_252": -0.013239223510026932,
            "lima_64": -0.004258139990270138,
            "lima_211": -0.0034923183266073465,
            "lima_238": -0.006393881980329752
        },
        "lima_167": {
            "lima_167": -0.02674812451004982,
            "lima_159": -0.04326257482171059,
            "lima_57": -0.02314348891377449,
            "lima_543": -0.005287962965667248,
            "lima_230": -0.016723036766052246
        },
        "lima_168": {
            "lima_168": -0.006366849411278963,
            "lima_306": 0.004722263664007187,
            "lima_249": -0.01643267273902893,
            "lima_430": -0.0373004749417305,
            "lima_98": -0.006208969280123711
        },
        "lima_169": {
            "lima_169": -0.01263510249555111,
            "lima_290": -0.0014445880660787225,
            "lima_405": -0.013694541528820992,
            "lima_22": -0.008042048662900925,
            "lima_4": -0.014902489259839058
        },
        "lima_170": {
            "lima_170": -0.014446187764406204,
            "lima_382": 0.0028599011711776257,
            "lima_200": 0.005968733225017786,
            "lima_66": -0.0018928449135273695,
            "lima_83": -0.004807723686099052
        },
        "lima_171": {
            "lima_171": -0.008255915716290474,
            "lima_256": -0.012140147387981415,
            "lima_105": 0.0034765792079269886,
            "lima_92": 0.01207156851887703,
            "lima_287": -0.003545839572325349
        },