{
    "11767808": {
        "lima_524": {
            "lima_524": 0.01804513670504093,
            "lima_37": -0.007395042106509209,
            "lima_479": -0.02857670560479164,
            "lima_374": -0.0005082858260720968,
            "lima_337": 0.0020738490857183933
        },
        "lima_525": {
            "lima_205": 0.016955096274614334,
            "lima_80": -0.001524812076240778,
            "lima_349": -0.005627864971756935,
            "lima_136": 0.00678525073453784,
            "lima_525": -0.05476275831460953
        },
        "lima_526": {
            "lima_526": -0.021723797544836998,
            "lima_844": -0.03087851218879223,
            "lima_364": -0.008071839809417725,
            "lima_830": -0.036538057029247284,
            "lima_237": -0.01301746629178524
        },
        "lima_527": {
            "lima_527": -0.07241972535848618,
            "lima_270": -0.010719206184148788,
            "lima_405": -0.017182711511850357,
            "lima_296": -0.0006603274960070848,
            "lima_123": -0.005627883598208427
        },
        "lima_528": {
            "lima_528": -0.0041160075925290585,
            "lima_270": -0.005272164009511471,
            "lima_233": -0.0009440942667424679,
            "lima_806": 0.009404079988598824,
            "lima_395": 0.003265444654971361
        },
        "lima_529": {
            "lima_529": -0.021487250924110413,
            "lima_406": 0.0006957474397495389,
            "lima_393": 0.0062141576781868935,
            "lima_159": -0.002046735491603613,
            "lima_897": 0.01474832184612751
        },
        "lima_530": {
            "lima_530": 0.030767209827899933,
            "lima_382": 0.0011596207041293383,
            "lima_138": -0.021347837522625923,
            "lima_234": 0.0027989400550723076,
            "lima_249": 0.01653306931257248
        },
        "lima_531": {
            "lima_531": -0.004725021775811911,
            "lima_844": 0.00396051025018096,
            "lima_64": -0.004062098450958729,
            "lima_350": -0.014966964721679688,
            "lima_162": -0.005954761523753405
        },
        "lima_532": {
            "lima_532": -0.029529472813010216,
            "lima_313": -0.012949282303452492,
            "lima_83": -0.017127351835370064,
            "lima_897": -0.0002455138601362705,
            "lima_37": -0.03710278868675232
        },
        "lima_533": {
            "lima_533": 0.04838888347148895,
            "lima_852": -0.0025271777994930744,
            "lima_960": -0.015417460352182388,
            "lima_465": -0.002392750233411789,
            "lima_559": 0.011908129788935184
        },
        "lima_534": {
            "lima_534": 0.014776105992496014,
            "lima_906": -0.005983642768114805,
            "lima_838": -0.013379642739892006,
            "lima_83": -0.0023164120502769947,
            "lima_41": -0.01879500225186348
        },
        "lima_535": {
            "lima_413": -0.035225506871938705,
            "lima_233": -0.0016754904063418508,
            "lima_184": 0.0003918207949027419,
            "lima_938": -0.02668706327676773,
            "lima_535": -0.007423172239214182
        },
        "lima_536": {
            "lima_536": -0.04019087553024292,
            "lima_559": 0.015456795692443848,
            "lima_427": -0.02212447300553322,
            "lima_594": -0.016060074791312218,
            "lima_250": -0.006418382748961449
        },
        "lima_537": {
            "lima_537": -0.05485019087791443,
            "lima_502": -0.028593990951776505,
            "lima_235": -0.005986125208437443,
            "lima_311": -0.0005913120694458485,
            "lima_230": -0.003029150888323784
        },
        "lima_538": {
            "lima_132": -0.00409437483176589,
            "lima_406": -0.024975091218948364,
            "lima_883": -0.007176375016570091,
            "lima_11": -0.005184640176594257,
            "lima_538": -0.00897541455924511
        },
        "lima_539": {
            "lima_539": -0.014203781262040138,
            "lima_948": -0.0027153941337019205,
            "lima_127": 0.00041987941949628294,
            "lima_407": 0.01909937895834446,
            "lima_275": -0.0015546102076768875
        },
        "lima_540": {
            "lima_540": -0.013128526508808136,
            "lima_357": 0.005103462841361761,
            "lima_463": -0.005659252405166626,
            "lima_196": -0.008408045396208763,
            "lima_230": -0.02075767144560814
        },
        "lima_541": {
            "lima_541": -0.015493776649236679,
            "lima_37": -0.006566222291439772,
            "lima_938": -0.018979912623763084,
            "lima_852": -0.013454001396894455,
            "lima_527": -0.009900510311126709
        },
        "lima_542": {
            "lima_542": 0.054675355553627014,
            "lima_830": -0.02362734079360962,
            "lima_235": 0.005605615675449371,
            "lima_54": -0.0007984476396813989,
            "lima_452": 0.003226045984774828
        },
        "lima_543": {
            "lima_543": -0.026930438354611397,
            "lima_167": 0.0025541058275848627,
            "lima_57": -0.002882178872823715,
            "lima_990": 0.0014531658962368965,
            "lima_176": -0.0014858754584565759
        }
    },
    "58838016": {
        "lima_524": {
            "lima_524": 0.01799950748682022,
            "lima_37": -0.006921990308910608,
            "lima_479": -0.02901485562324524,
            "lima_374": -0.0005958777037449181,
            "lima_337": 0.001529285334981978
        },
        "lima_525": {
            "lima_205": 0.016758281737565994,
            "lima_80": -0.0011491618352010846,
            "lima_349": -0.0058481828309595585,
            "lima_136": 0.006558735389262438,
            "lima_525": -0.054967641830444336
        },
        "lima_526": {
            "lima_526": -0.022146763280034065,
            "lima_844": -0.03073219396173954,
            "lima_364": -0.008241338655352592,
            "lima_830": -0.036583010107278824,
            "lima_237": -0.01304554846137762
        },
        "lima_527": {
            "lima_527": -0.07271727919578552,
            "lima_270": -0.011154824867844582,
            "lima_405": -0.016828035935759544,
            "lima_296": -0.000636378419585526,
            "lima_123": -0.005647850222885609
        },
        "lima_528": {
            "lima_528": -0.004086104687303305,
            "lima_270": -0.005105268210172653,
            "lima_233": -0.0014319510664790869,
            "lima_806": 0.009131419472396374,
            "lima_395": 0.0033395669888705015
        },
        "lima_529": {
            "lima_529": -0.021394524723291397,
            "lima_406": 0.000818921544123441,
            "lima_393": 0.006421318277716637,
            "lima_159": -0.001864145277068019,
            "lima_897": 0.014365331269800663
        },
        "lima_530": {
            "lima_530": 0.03106534108519554,
            "lima_382": 0.0004252151702530682,
            "lima_138": -0.02058861032128334,
            "lima_234": 0.003007851541042328,
            "lima_249": 0.016854558140039444
        },
        "lima_531": {
            "lima_531": -0.004902207292616367,
            "lima_844": 0.00469219870865345,
            "lima_64": -0.004483954049646854,
            "lima_350": -0.015117628499865532,
            "lima_162": -0.006449655629694462
        },
        "lima_532": {
            "lima_532": -0.029261833056807518,
            "lima_313": -0.012746240943670273,
            "lima_83": -0.016478337347507477,
            "lima_897": -8.811301086097956e-06,
            "lima_37": -0.0367976613342762
        },
        "lima_533": {
            "lima_533": 0.048924997448921204,
            "lima_852": -0.0027988110668957233,
            "lima_960": -0.015955761075019836,
            "lima_465": -0.002566218376159668,
            "lima_559": 0.011827165260910988
        },