{
    "11767808": {
        "lima_931": {
            "lima_931": 0.012274189852178097,
            "lima_801": -0.001427865936420858,
            "lima_814": 0.008302588947117329,
            "lima_806": 0.009129321202635765,
            "lima_808": -0.001117405015975237
        },
        "lima_932": {
            "lima_142": -0.005603949539363384,
            "lima_211": -0.004539886023849249,
            "lima_318": -0.02368335798382759,
            "lima_49": 0.004915446974337101,
            "lima_932": -0.014854120090603828
        },
        "lima_933": {
            "lima_933": 0.00020210345974192023,
            "lima_975": -0.03165680542588234,
            "lima_581": -0.015728482976555824,
            "lima_874": 0.0019127166597172618,
            "lima_541": -0.006048480048775673
        },
        "lima_934": {
            "lima_934": 0.02777918428182602,
            "lima_893": -0.022446300834417343,
            "lima_492": 0.007079920265823603,
            "lima_951": 0.022908488288521767,
            "lima_127": 0.0031592922750860453
        },
        "lima_935": {
            "lima_935": -0.03959166258573532,
            "lima_865": 0.018069788813591003,
            "lima_878": -0.02289963886141777,
            "lima_958": -0.020541295409202576,
            "lima_921": -0.010183093138039112
        },
        "lima_936": {
            "lima_936": -0.007816467434167862,
            "lima_422": -0.031245142221450806,
            "lima_128": -0.01196671836078167,
            "lima_840": -0.029896454885601997,
            "lima_929": -0.006704311352223158
        },
        "lima_937": {
            "lima_937": -0.022290755063295364,
            "lima_64": -0.006385382264852524,
            "lima_998": -0.02430950477719307,
            "lima_982": -0.009003877639770508,
            "lima_965": -0.023596681654453278
        },
        "lima_938": {
            "lima_127": -0.009125578217208385,
            "lima_863": -0.006840570829808712,
            "lima_916": 0.0005486947484314442,
            "lima_938": 0.013195933774113655,
            "lima_951": 0.014071476645767689
        },
        "lima_939": {
            "lima_939": -0.010527735576033592,
            "lima_545": 0.00021981343161314726,
            "lima_251": -0.006593669764697552,
            "lima_502": -0.0203144121915102,
            "lima_235": -0.01304704137146473
        },
        "lima_940": {
            "lima_940": -0.01779995858669281,
            "lima_90": -0.0056587643921375275,
            "lima_413": -0.030659029260277748,
            "lima_477": -0.03940870612859726,
            "lima_112": 0.02017230913043022
        },
        "lima_941": {
            "lima_941": -0.020569361746311188,
            "lima_946": 0.0060244412161409855,
            "lima_932": -0.009761892259120941,
            "lima_62": -0.0003528983797878027,
            "lima_57": -0.02062029391527176
        },
        "lima_942": {
            "lima_806": -0.002414924558252096,
            "lima_921": -0.005715765058994293,
            "lima_211": -0.007459452375769615,
            "lima_905": -0.0162967536598444,
            "lima_942": -0.021140307188034058
        },
        "lima_943": {
            "lima_938": -0.015483937226235867,
            "lima_806": 0.017051570117473602,
            "lima_561": -0.03526197373867035,
            "lima_842": 0.003126853844150901,
            "lima_943": -0.024651089683175087
        },
        "lima_944": {
            "lima_944": -0.010842261835932732,
            "lima_967": 0.01326780766248703,
            "lima_893": -0.011176835745573044,
            "lima_951": 0.018598439171910286,
            "lima_960": -0.01706783100962639
        },
        "lima_945": {
            "lima_945": -0.046825751662254333,
            "lima_550": -0.04678529500961304,
            "lima_996": -0.00830760970711708,
            "lima_392": -0.016830433160066605,
            "lima_62": -0.01317269541323185
        },
        "lima_946": {
            "lima_946": 0.018591485917568207,
            "lima_283": 0.003468829672783613,
            "lima_909": -0.009159078821539879,
            "lima_872": 0.007833156734704971,
            "lima_965": -0.006571054458618164
        },
        "lima_947": {
            "lima_947": -0.032036811113357544,
            "lima_526": -0.0022763547021895647,
            "lima_516": -0.0572061687707901,
            "lima_941": -0.014116424135863781,
            "lima_817": -0.002412504516541958
        },
        "lima_948": {
            "lima_948": 0.0790431797504425,
            "lima_937": -0.026192722842097282,
            "lima_907": -0.019783347845077515,
            "lima_565": -0.030636923387646675,
            "lima_535": 0.008345000445842743
        },
        "lima_949": {
            "lima_949": 0.047031987458467484,
            "lima_976": 0.022059455513954163,
            "lima_904": -0.005699183791875839,
            "lima_113": -0.013089204207062721,
            "lima_19": -0.017467103898525238
        },
        "lima_950": {
            "lima_950": 0.06688351929187775,
            "lima_127": -0.0005591375520452857,
            "lima_994": 0.023720234632492065,
            "lima_988": 0.024784591048955917,
            "lima_956": -0.004631928633898497
        }
    },
    "58838016": {
        "lima_931": {
            "lima_931": 0.012284349650144577,
            "lima_801": -0.0010389909148216248,
            "lima_814": 0.00801006332039833,
            "lima_806": 0.009032873436808586,
            "lima_808": -0.0013420346658676863
        },
        "lima_932": {
            "lima_142": -0.005493358243256807,
            "lima_211": -0.004787409212440252,
            "lima_318": -0.023710478097200394,
            "lima_49": 0.004040850326418877,
            "lima_932": -0.015324541367590427
        },
        "lima_933": {
            "lima_933": -0.0001300132425967604,
            "lima_975": -0.03182759881019592,
            "lima_581": -0.015383348800241947,
            "lima_874": 0.0021241074427962303,
            "lima_541": -0.005999790504574776
        },
        "lima_934": {
            "lima_934": 0.027866549789905548,
            "lima_893": -0.022274864837527275,
            "lima_492": 0.006918501108884811,
            "lima_951": 0.022729281336069107,
            "lima_127": 0.00352099584415555
        },
        "lima_935": {
            "lima_935": -0.03895353525876999,
            "lima_865": 0.018431365489959717,
            "lima_878": -0.023371320217847824,
            "lima_958": -0.020760633051395416,
            "lima_921": -0.009845660999417305
        },
        "lima_936": {
            "lima_936": -0.00765193859115243,
            "lima_422": -0.030723780393600464,
            "lima_128": -0.012684762477874756,
            "lima_840": -0.02964296191930771,
            "lima_929": -0.006618895102292299
        },
        "lima_937": {
            "lima_937": -0.022112593054771423,
            "lima_64": -0.006337846629321575,
            "lima_998": -0.0242741908878088,
            "lima_982": -0.009008171036839485,
            "lima_965": -0.024452224373817444
        },
        "lima_938": {
            "lima_127": -0.008837790228426456,
            "lima_863": -0.0064479694701731205,
            "lima_916": 0.0007623709971085191,
            "lima_938": 0.01366985309869051,
            "lima_951": 0.014307129196822643
        },
        "lima_939": {
            "lima_939": -0.011284783482551575,
            "lima_545": 0.00019048686954192817,
            "lima_251": -0.0063273049890995026,
            "lima_502": -0.02022070810198784,
            "lima_235": -0.012689965777099133
        },
        "lima_940": {
            "lima_940": -0.018076378852128983,
            "lima_90": -0.005590402986854315,
            "lima_413": -0.030966315418481827,
            "lima_477": -0.03967640548944473,
            "lima_112": 0.020028524100780487
        },