{
    "11767808": {
        "lima_182": {
            "lima_182": 0.0003444038738962263,
            "lima_587": -0.00041170892654918134,
            "lima_123": -0.00438356539234519,
            "lima_583": -0.01972467452287674,
            "lima_779": -0.013847177848219872
        },
        "lima_183": {
            "lima_183": -0.02765693888068199,
            "lima_296": -0.00592686515301466,
            "lima_37": -0.010065466165542603,
            "lima_158": -0.005360487848520279,
            "lima_521": 0.029606852680444717
        },
        "lima_184": {
            "lima_184": -0.01137391198426485,
            "lima_281": -0.004688344895839691,
            "lima_215": -0.005466194823384285,
            "lima_252": 0.0007498882478103042,
            "lima_200": -0.007296633906662464
        },
        "lima_185": {
            "lima_185": 0.00897268857806921,
            "lima_256": -0.0266290083527565,
            "lima_88": -0.010382430627942085,
            "lima_32": -0.007190577685832977,
            "lima_211": -0.01018956582993269
        },
        "lima_186": {
            "lima_186": 0.00016799953300505877,
            "lima_742": -0.0036703902296721935,
            "lima_51": -0.005213561467826366,
            "lima_122": 0.019109711050987244,
            "lima_243": 0.01483214646577835
        },
        "lima_187": {
            "lima_187": -0.02002169005572796,
            "lima_766": -0.00039968756027519703,
            "lima_218": 0.014082862064242363,
            "lima_192": 0.00029408582486212254,
            "lima_160": -0.0005988826742395759
        },
        "lima_188": {
            "lima_188": 0.012153537943959236,
            "lima_411": -0.018704211339354515,
            "lima_204": 0.006321815773844719,
            "lima_428": -0.01182887889444828,
            "lima_241": 0.021040625870227814
        },
        "lima_189": {
            "lima_189": 0.05006195232272148,
            "lima_25": -0.0033701681531965733,
            "lima_136": 0.02962493523955345,
            "lima_967": 0.028927169740200043,
            "lima_354": 0.07793252170085907
        },
        "lima_190": {
            "lima_190": 0.015554549172520638,
            "lima_191": 0.008771472610533237,
            "lima_103": 0.0054085152223706245,
            "lima_78": -0.0034876044373959303,
            "lima_346": -0.0026626051403582096
        },
        "lima_191": {
            "lima_191": -0.007807557936757803,
            "lima_390": -0.0008389516151510179,
            "lima_46": -0.002593629527837038,
            "lima_297": -0.02049531415104866,
            "lima_9": 0.0045537203550338745
        },
        "lima_192": {
            "lima_192": -0.03249449282884598,
            "lima_199": -0.010219987481832504,
            "lima_237": -0.004926505032926798,
            "lima_287": -0.008129196241497993,
            "lima_247": -0.020768234506249428
        },
        "lima_193": {
            "lima_193": -0.0070392535999417305,
            "lima_203": 0.010029586963355541,
            "lima_37": -0.02641705796122551,
            "lima_267": 0.014062639325857162,
            "lima_296": 0.00042059493716806173
        },
        "lima_194": {
            "lima_194": -0.01847703754901886,
            "lima_23": -0.0059369648806750774,
            "lima_935": -0.01629524491727352,
            "lima_295": -0.01641545072197914,
            "lima_939": -0.018861785531044006
        },
        "lima_195": {
            "lima_195": -0.021617868915200233,
            "lima_255": -0.003053070046007633,
            "lima_383": -0.01435205340385437,
            "lima_64": -0.005971113219857216,
            "lima_517": -0.022510332986712456
        },
        "lima_196": {
            "lima_196": -0.03709938004612923,
            "lima_256": -0.015073694288730621,
            "lima_378": 0.0017105811275541782,
            "lima_290": 0.005616047419607639,
            "lima_316": -0.006751712411642075
        },
        "lima_197": {
            "lima_197": 0.014566896483302116,
            "lima_9": 0.0034673879854381084,
            "lima_294": -0.002707727486267686,
            "lima_52": 0.001601186115294695,
            "lima_286": 0.003534384071826935
        },
        "lima_198": {
            "lima_198": -0.04825541377067566,
            "lima_311": 0.01174922101199627,
            "lima_202": 0.009458562359213829,
            "lima_42": -0.004117676988244057,
            "lima_161": -0.010377098806202412
        },
        "lima_199": {
            "lima_199": -0.005777296610176563,
            "lima_45": -0.010275878943502903,
            "lima_49": 0.0010436810553073883,
            "lima_83": -0.014335425570607185,
            "lima_112": 0.020160866901278496
        },
        "lima_200": {
            "lima_200": -0.053109075874090195,
            "lima_184": 0.002521537709981203,
            "lima_395": -0.008931205607950687,
            "lima_819": 0.006219173315912485,
            "lima_142": 0.0026016836054623127
        },
        "lima_201": {
            "lima_201": 0.002522229216992855,
            "lima_374": 0.004288333002477884,
            "lima_203": -0.0107366181910038,
            "lima_37": -0.01012866385281086,
            "lima_228": -0.0006961513427086174
        }
    },
    "58838016": {
        "lima_182": {
            "lima_182": -6.733994814567268e-05,
            "lima_587": -6.179026968311518e-05,
            "lima_123": -0.004276743158698082,
            "lima_583": -0.019539672881364822,
            "lima_779": -0.014110086485743523
        },
        "lima_183": {
            "lima_183": -0.027109850198030472,
            "lima_296": -0.0059337010607123375,
            "lima_37": -0.010178660042583942,
            "lima_158": -0.005465426482260227,
            "lima_521": 0.02943439781665802
        },
        "lima_184": {
            "lima_184": -0.011285108514130116,
            "lima_281": -0.004105556756258011,
            "lima_215": -0.00532032735645771,
            "lima_252": 0.0005748404655605555,
            "lima_200": -0.0069598238915205
        },
        "lima_185": {
            "lima_185": 0.008843723684549332,
            "lima_256": -0.026850946247577667,
            "lima_88": -0.011043889448046684,
            "lima_32": -0.007294242270290852,
            "lima_211": -0.010374358855187893
        },
        "lima_186": {
            "lima_186": -0.00016658460663165897,
            "lima_742": -0.003162585897371173,
            "lima_51": -0.005588149651885033,
            "lima_122": 0.01843709871172905,
            "lima_243": 0.014500316232442856
        },
        "lima_187": {
            "lima_187": -0.02004648558795452,
            "lima_766": -0.0009774462087079883,
            "lima_218": 0.013457775115966797,
            "lima_192": -0.0005132390069775283,
            "lima_160": -0.00021915658726356924
        },
        "lima_188": {
            "lima_188": 0.012385403737425804,
            "lima_411": -0.0188477523624897,
            "lima_204": 0.006227141246199608,
            "lima_428": -0.011658387258648872,
            "lima_241": 0.021031836047768593
        },
        "lima_189": {
            "lima_189": 0.04987628757953644,
            "lima_25": -0.002981334226205945,
            "lima_136": 0.028791267424821854,
            "lima_967": 0.029122475534677505,
            "lima_354": 0.07770730555057526
        },
        "lima_190": {
            "lima_190": 0.01653050258755684,
            "lima_191": 0.009162073954939842,
            "lima_103": 0.005332287400960922,
            "lima_78": -0.0037349541671574116,
            "lima_346": -0.002536935731768608
        },
        "lima_191": {
            "lima_191": -0.008406859822571278,
            "lima_390": -0.00020438854699023068,
            "lima_46": -0.0024184337817132473,
            "lima_297": -0.021248305216431618,
            "lima_9": 0.004797510802745819
        },