{
    "11767808": {
        "lima_585": {
            "lima_585": -0.019826389849185944,
            "lima_316": 0.0024404251016676426,
            "lima_731": -0.011635447852313519,
            "lima_13": -0.006241654511541128,
            "lima_614": 0.009683595038950443
        },
        "lima_586": {
            "lima_586": -0.04594305902719498,
            "lima_505": -0.04260771721601486,
            "lima_549": -0.019456155598163605,
            "lima_464": -0.03545498475432396,
            "lima_454": -0.018135346472263336
        },
        "lima_587": {
            "lima_587": -0.01481782365590334,
            "lima_519": 0.017086276784539223,
            "lima_161": -0.008831711485981941,
            "lima_597": -0.020056920126080513,
            "lima_658": -0.05552671104669571
        },
        "lima_588": {
            "lima_588": 0.018838392570614815,
            "lima_420": 0.03265111520886421,
            "lima_443": -1.3780314475297928e-05,
            "lima_380": 0.017192579805850983,
            "lima_31": 0.0029629410710185766
        },
        "lima_589": {
            "lima_589": -0.0710572600364685,
            "lima_559": -0.0032272529788315296,
            "lima_112": 0.008064519613981247,
            "lima_569": 0.030604448169469833,
            "lima_533": -0.03976383060216904
        },
        "lima_590": {
            "lima_590": -0.054503489285707474,
            "lima_438": -0.028469784185290337,
            "lima_167": -0.018755929544568062,
            "lima_544": -0.04822632297873497,
            "lima_176": 0.0047622499987483025
        },
        "lima_591": {
            "lima_591": 0.011660654097795486,
            "lima_512": -0.03563997521996498,
            "lima_392": -0.0081127118319273,
            "lima_571": -0.02025528997182846,
            "lima_37": -0.009670387022197247
        },
        "lima_592": {
            "lima_592": 0.021533578634262085,
            "lima_386": 0.036593951284885406,
            "lima_868": -0.010621612891554832,
            "lima_498": -0.005640463437885046,
            "lima_91": -0.03093506023287773
        },
        "lima_593": {
            "lima_593": -0.011035440489649773,
            "lima_905": -0.004111456219106913,
            "lima_22": -0.019576985388994217,
            "lima_134": 0.0002942410355899483,
            "lima_218": 0.02266494557261467
        },
        "lima_594": {
            "lima_594": -0.0313761942088604,
            "lima_183": -0.013972570188343525,
            "lima_571": -0.0157792866230011,
            "lima_274": 0.015174667350947857,
            "lima_151": -0.000990079017356038
        },
        "lima_595": {
            "lima_595": -0.035301871597766876,
            "lima_550": -0.018782969564199448,
            "lima_910": -0.03010418266057968,
            "lima_885": -0.002468080958351493,
            "lima_898": -0.03325233608484268
        },
        "lima_596": {
            "lima_127": 0.0012483684113249183,
            "lima_497": -0.018928591161966324,
            "lima_103": 0.0056655630469322205,
            "lima_593": 0.005632760003209114,
            "lima_596": -0.004514128901064396
        },
        "lima_597": {
            "lima_597": -0.017270829528570175,
            "lima_519": 0.02134663239121437,
            "lima_161": -0.015021187253296375,
            "lima_521": 0.027863778173923492,
            "lima_587": 0.00529919657856226
        },
        "lima_598": {
            "lima_598": -0.023873090744018555,
            "lima_550": -0.029521215707063675,
            "lima_995": -0.02160380408167839,
            "lima_530": -0.020562447607517242,
            "lima_859": -0.00292491028085351
        },
        "lima_599": {
            "lima_6": 0.0009660788346081972,
            "lima_462": -0.030851969495415688,
            "lima_176": 0.0032884387765079737,
            "lima_315": -0.005071353167295456,
            "lima_599": -0.03980417549610138
        },
        "lima_600": {
            "lima_600": 0.01634010672569275,
            "lima_424": 0.04971243068575859,
            "lima_776": 0.0028618338983505964,
            "lima_401": -0.02105032652616501,
            "lima_91": 0.030242586508393288
        },
        "lima_601": {
            "lima_601": -0.0016084958333522081,
            "lima_587": 0.01401534117758274,
            "lima_55": 0.05031340569257736,
            "lima_769": 0.001573443878442049,
            "lima_583": -0.028288070112466812
        },
        "lima_602": {
            "lima_602": -0.026996200904250145,
            "lima_55": 0.016248177736997604,
            "lima_860": -0.007037932053208351,
            "lima_587": 0.001994498074054718,
            "lima_249": -0.011916953139007092
        },
        "lima_603": {
            "lima_587": 0.014161077328026295,
            "lima_603": 0.0007312564412131906,
            "lima_583": -0.011717382818460464,
            "lima_55": 0.03712134063243866,
            "lima_161": 0.008643902838230133
        },
        "lima_604": {
            "lima_604": -0.020911045372486115,
            "lima_587": 0.008280688896775246,
            "lima_195": -0.00018910635844804347,
            "lima_266": -0.02211270108819008,
            "lima_475": -0.03306197375059128
        }
    },
    "58838016": {
        "lima_585": {
            "lima_585": -0.019890479743480682,
            "lima_316": 0.0015392290661111474,
            "lima_731": -0.01179509423673153,
            "lima_13": -0.006288821808993816,
            "lima_614": 0.009026240557432175
        },
        "lima_586": {
            "lima_586": -0.04572226107120514,
            "lima_505": -0.042849041521549225,
            "lima_549": -0.019684378057718277,
            "lima_464": -0.03545805439352989,
            "lima_454": -0.017869919538497925
        },
        "lima_587": {
            "lima_587": -0.01433684304356575,
            "lima_519": 0.01641155406832695,
            "lima_161": -0.00878078117966652,
            "lima_597": -0.01902955025434494,
            "lima_658": -0.05536682903766632
        },
        "lima_588": {
            "lima_588": 0.018557926639914513,
            "lima_420": 0.03227601572871208,
            "lima_443": 0.0001569076848682016,
            "lima_380": 0.01683782786130905,
            "lima_31": 0.0032453625462949276
        },
        "lima_589": {
            "lima_589": -0.07223793864250183,
            "lima_559": -0.003549827728420496,
            "lima_112": 0.008234008215367794,
            "lima_569": 0.030756451189517975,
            "lima_533": -0.03998652473092079
        },
        "lima_590": {
            "lima_590": -0.05484730005264282,
            "lima_438": -0.028768254444003105,
            "lima_167": -0.018428603187203407,
            "lima_544": -0.048191916197538376,
            "lima_176": 0.004975982941687107
        },
        "lima_591": {
            "lima_591": 0.011680558323860168,
            "lima_512": -0.036141760647296906,
            "lima_392": -0.008187105879187584,
            "lima_571": -0.020351676270365715,
            "lima_37": -0.009776429273188114
        },
        "lima_592": {
            "lima_592": 0.021528758108615875,
            "lima_386": 0.03662244603037834,
            "lima_868": -0.010282686911523342,
            "lima_498": -0.005879453383386135,
            "lima_91": -0.030315816402435303
        },
        "lima_593": {
            "lima_593": -0.010839476250112057,
            "lima_905": -0.004389219917356968,
            "lima_22": -0.019793231040239334,
            "lima_134": 0.00020063029660377651,
            "lima_218": 0.02235591784119606
        },
        "lima_594": {
            "lima_594": -0.030859580263495445,
            "lima_183": -0.014261786825954914,
            "lima_571": -0.015936359763145447,
            "lima_274": 0.015272893011569977,
            "lima_151": -0.0007524564862251282
        },