{
    "11767808": {
        "lima_443": {
            "lima_443": -0.005015317350625992,
            "lima_588": 0.0026455428451299667,
            "lima_420": 0.011473694816231728,
            "lima_23": 0.0026714233681559563,
            "lima_91": 0.02372402884066105
        },
        "lima_444": {
            "lima_444": -0.051099665462970734,
            "lima_580": -0.01100292056798935,
            "lima_558": -0.016658755019307137,
            "lima_72": 0.008714609779417515,
            "lima_296": 0.005863254424184561
        },
        "lima_445": {
            "lima_445": -0.04719887673854828,
            "lima_427": -0.03063793107867241,
            "lima_60": -0.0018425753805786371,
            "lima_530": -0.013949718326330185,
            "lima_326": 0.0024543486069887877
        },
        "lima_446": {
            "lima_446": -0.04725955054163933,
            "lima_169": -0.01704975590109825,
            "lima_300": 0.010859542526304722,
            "lima_435": -0.00624527083709836,
            "lima_350": -0.016089875251054764
        },
        "lima_447": {
            "lima_447": -0.06295167654752731,
            "lima_491": 0.017594117671251297,
            "lima_153": -0.012551765888929367,
            "lima_259": 0.0006898251594975591,
            "lima_512": -0.012397226877510548
        },
        "lima_448": {
            "lima_448": 0.002240142086520791,
            "lima_134": 0.000726954429410398,
            "lima_740": -0.01991351507604122,
            "lima_672": -0.019655806943774223,
            "lima_266": -0.002426654566079378
        },
        "lima_449": {
            "lima_449": 0.008423129096627235,
            "lima_567": 0.053615860641002655,
            "lima_175": -0.004596424289047718,
            "lima_123": -0.017269372940063477,
            "lima_430": 0.02693209797143936
        },
        "lima_450": {
            "lima_450": -0.012338999658823013,
            "lima_559": -0.016412673518061638,
            "lima_500": -0.010903581976890564,
            "lima_589": -0.03106820583343506,
            "lima_427": -0.025115977972745895
        },
        "lima_451": {
            "lima_451": -0.02330853044986725,
            "lima_454": -0.011043354868888855,
            "lima_214": -0.005591723136603832,
            "lima_582": -0.008298068307340145,
            "lima_330": 0.00035075724008493125
        },
        "lima_452": {
            "lima_452": -0.0033951662480831146,
            "lima_54": -0.008653316646814346,
            "lima_235": -0.005862120538949966,
            "lima_34": -0.011860888451337814,
            "lima_403": 0.021183094009757042
        },
        "lima_453": {
            "lima_172": 0.007115757558494806,
            "lima_122": 0.023058714345097542,
            "lima_801": -0.0013661142438650131,
            "lima_806": 0.02009074203670025,
            "lima_453": -0.021813690662384033
        },
        "lima_454": {
            "lima_454": -0.021566372364759445,
            "lima_476": -0.02253938466310501,
            "lima_591": 0.003996848128736019,
            "lima_549": -0.0067967078648507595,
            "lima_541": -0.017025720328092575
        },
        "lima_455": {
            "lima_587": 0.01714281365275383,
            "lima_82": 0.0005458020605146885,
            "lima_455": 0.042199473828077316,
            "lima_151": 0.017932560294866562,
            "lima_123": 0.01722707785665989
        },
        "lima_456": {
            "lima_594": -0.0257208663970232,
            "lima_188": -0.02218758314847946,
            "lima_440": 0.0023041977547109127,
            "lima_54": 0.002167152240872383,
            "lima_456": 0.010378435254096985
        },
        "lima_458": {
            "lima_458": -0.029840823262929916,
            "lima_205": -0.012388705275952816,
            "lima_137": -0.004723133519291878,
            "lima_80": -0.01712069660425186,
            "lima_11": -0.022307561710476875
        },
        "lima_459": {
            "lima_459": -0.01706378534436226,
            "lima_105": 0.007175416219979525,
            "lima_29": 0.024262433871626854,
            "lima_392": 0.004478409420698881,
            "lima_101": -0.007544951047748327
        },
        "lima_460": {
            "lima_460": -0.0038707158528268337,
            "lima_118": -0.0053930156864225864,
            "lima_533": -0.0005770104471594095,
            "lima_888": 0.016936328262090683,
            "lima_413": -0.014806538820266724
        },
        "lima_461": {
            "lima_461": -0.015053183771669865,
            "lima_470": -0.007560549303889275,
            "lima_66": -0.004219542723149061,
            "lima_330": -0.004774920642375946,
            "lima_165": -0.00595548190176487
        },
        "lima_462": {
            "lima_462": -0.003911607898771763,
            "lima_64": -0.004259550012648106,
            "lima_517": -0.01124692801386118,
            "lima_533": -0.028546534478664398,
            "lima_436": 0.042960576713085175
        },
        "lima_463": {
            "lima_463": -0.02966361865401268,
            "lima_573": -0.03574938327074051,
            "lima_438": -0.03252561017870903,
            "lima_134": -0.0033122780732810497,
            "lima_518": -0.020131073892116547
        }
    },
    "58838016": {
        "lima_443": {
            "lima_443": -0.004601070191711187,
            "lima_588": 0.0021178547758609056,
            "lima_420": 0.011644490994513035,
            "lima_23": 0.002187298610806465,
            "lima_91": 0.02330309897661209
        },
        "lima_444": {
            "lima_444": -0.051094092428684235,
            "lima_580": -0.011290296912193298,
            "lima_558": -0.017021644860506058,
            "lima_72": 0.008169567212462425,
            "lima_296": 0.006202752236276865
        },
        "lima_445": {
            "lima_445": -0.04722674936056137,
            "lima_427": -0.03074948862195015,
            "lima_60": -0.002085332991555333,
            "lima_530": -0.01381947286427021,
            "lima_326": 0.002342684892937541
        },
        "lima_446": {
            "lima_446": -0.047379136085510254,
            "lima_169": -0.017244156450033188,
            "lima_300": 0.011308936402201653,
            "lima_435": -0.006178221199661493,
            "lima_350": -0.01590842381119728
        },
        "lima_447": {
            "lima_447": -0.06302198767662048,
            "lima_491": 0.0173502080142498,
            "lima_153": -0.013149792328476906,
            "lima_259": 0.000622253050096333,
            "lima_512": -0.012978272512555122
        },
        "lima_448": {
            "lima_448": 0.0024558159057050943,
            "lima_134": 0.0010248494800180197,
            "lima_740": -0.020709259435534477,
            "lima_672": -0.020050613209605217,
            "lima_266": -0.0017694010166451335
        },
        "lima_449": {
            "lima_449": 0.008949312381446362,
            "lima_567": 0.053347911685705185,
            "lima_175": -0.004150032997131348,
            "lima_123": -0.017429370433092117,
            "lima_430": 0.026877839118242264
        },
        "lima_450": {
            "lima_450": -0.012201844714581966,
            "lima_559": -0.016652366146445274,
            "lima_500": -0.011291474103927612,
            "lima_589": -0.03131468594074249,
            "lima_427": -0.024746358394622803
        },
        "lima_451": {
            "lima_451": -0.02344490773975849,
            "lima_454": -0.01087894942611456,
            "lima_214": -0.005238853860646486,
            "lima_582": -0.008785126730799675,
            "lima_330": -2.894992212532088e-05
        },
        "lima_452": {
            "lima_452": -0.003112694015726447,
            "lima_54": -0.008975869975984097,
            "lima_235": -0.005856277886778116,
            "lima_34": -0.012529190629720688,
            "lima_403": 0.02169756591320038
        },