{
    "11767808": {
        "lima_0": {
            "lima_0": -0.02259332686662674,
            "lima_451": -0.03828931599855423,
            "lima_947": -0.008623022586107254,
            "lima_266": -0.014166736975312233,
            "lima_110": -0.005754947662353516
        },
        "lima_1": {
            "lima_1": -0.010628762654960155,
            "lima_122": 0.011483268812298775,
            "lima_22": -0.012163016945123672,
            "lima_337": 0.0023835087195038795,
            "lima_83": -0.0014993662480264902
        },
        "lima_2": {
            "lima_2": -0.011066103354096413,
            "lima_1": 0.0046488381922245026,
            "lima_162": -0.017245979979634285,
            "lima_44": 0.013271791860461235,
            "lima_94": -0.006360515020787716
        },
        "lima_3": {
            "lima_3": 0.004789324477314949,
            "lima_249": -0.002430441090837121,
            "lima_211": -0.0053209178149700165,
            "lima_203": 0.007579820696264505,
            "lima_110": 0.0020136209204792976
        },
        "lima_4": {
            "lima_4": -0.024415530264377594,
            "lima_22": -0.017946064472198486,
            "lima_296": -0.007096217945218086,
            "lima_179": -0.013629390858113766,
            "lima_397": -0.006434201262891293
        },
        "lima_5": {
            "lima_5": -0.014996735379099846,
            "lima_378": -0.005402465350925922,
            "lima_145": -0.013575747609138489,
            "lima_199": 0.0019875946454703808,
            "lima_17": -0.008237045258283615
        },
        "lima_6": {
            "lima_6": 0.03998083621263504,
            "lima_40": -0.0006985125364735723,
            "lima_411": -0.014841091819107533,
            "lima_169": -0.016119975596666336,
            "lima_259": 0.004586536902934313
        },
        "lima_7": {
            "lima_7": 0.005253775045275688,
            "lima_170": -0.009038427844643593,
            "lima_64": -0.031657032668590546,
            "lima_17": -0.005823655053973198,
            "lima_87": 0.01069485954940319
        },
        "lima_8": {
            "lima_8": -0.02209440805017948,
            "lima_36": 0.015607630833983421,
            "lima_92": 0.00136991823092103,
            "lima_227": 0.007296394556760788,
            "lima_391": -0.0019283113069832325
        },
        "lima_9": {
            "lima_9": -0.009611330926418304,
            "lima_52": 0.006929219700396061,
            "lima_191": 0.010630846954882145,
            "lima_164": -0.003196701407432556,
            "lima_226": -0.0152339618653059
        },
        "lima_10": {
            "lima_10": -0.0031671186443418264,
            "lima_130": -0.0014967831084504724,
            "lima_942": -0.010410265065729618,
            "lima_905": 0.007535156793892384,
            "lima_551": -0.014130309224128723
        },
        "lima_11": {
            "lima_11": -0.02735130488872528,
            "lima_347": 0.004671894013881683,
            "lima_137": -0.017263546586036682,
            "lima_165": -0.019594136625528336,
            "lima_248": 0.0004578916705213487
        },
        "lima_12": {
            "lima_12": 0.03873971849679947,
            "lima_83": -0.01073756068944931,
            "lima_180": 0.039180561900138855,
            "lima_391": 0.00741170346736908,
            "lima_364": -0.020195454359054565
        },
        "lima_13": {
            "lima_13": -0.02283032238483429,
            "lima_378": 0.010276617482304573,
            "lima_542": 0.03549724072217941,
            "lima_179": -0.016643157228827477,
            "lima_267": 0.027726076543331146
        },
        "lima_14": {
            "lima_14": 0.0021968591026961803,
            "lima_164": -0.008731767535209656,
            "lima_191": -0.0165709238499403,
            "lima_72": 0.000947364664170891,
            "lima_103": -0.0045098233968019485
        },
        "lima_15": {
            "lima_15": 0.008079396560788155,
            "lima_308": 0.0011202119057998061,
            "lima_281": -0.010219814255833626,
            "lima_98": -0.010730848647654057,
            "lima_249": -0.004649836104363203
        },
        "lima_16": {
            "lima_16": -0.04156723991036415,
            "lima_80": -0.0155381690710783,
            "lima_211": 0.0041217077523469925,
            "lima_164": -0.007593656424432993,
            "lima_396": -0.0010305510368198156
        },
        "lima_17": {
            "lima_17": -0.04857219383120537,
            "lima_64": -0.01941763050854206,
            "lima_213": -0.019638117402791977,
            "lima_211": -0.0070180827751755714,
            "lima_78": -0.008400586433708668
        },
        "lima_18": {
            "lima_18": -0.06322227418422699,
            "lima_369": -0.010322838090360165,
            "lima_135": 0.008400287479162216,
            "lima_241": -0.00491748983040452,
            "lima_45": -0.014582164585590363
        },
        "lima_19": {
            "lima_19": 0.00780724361538887,
            "lima_3": -0.001302603748627007,
            "lima_195": -0.010190599597990513,
            "lima_265": -0.00685555674135685,
            "lima_241": -0.03094189614057541
        }
    },
    "58838016": {
        "lima_0": {
            "lima_0": -0.02304184064269066,
            "lima_451": -0.038466982543468475,
            "lima_947": -0.008650172501802444,
            "lima_266": -0.013727758079767227,
            "lima_110": -0.005989721976220608
        },
        "lima_1": {
            "lima_1": -0.010876880958676338,
            "lima_122": 0.011615151539444923,
            "lima_22": -0.011944464407861233,
            "lima_337": 0.002581351436674595,
            "lima_83": -0.0010506685357540846
        },
        "lima_2": {
            "lima_2": -0.011551611125469208,
            "lima_1": 0.004338136408478022,
            "lima_162": -0.016599567607045174,
            "lima_44": 0.013800472021102905,
            "lima_94": -0.005997790023684502
        },
        "lima_3": {
            "lima_3": 0.005292938090860844,
            "lima_249": -0.0027557648718357086,
            "lima_211": -0.0054732621647417545,
            "lima_203": 0.007607864681631327,
            "lima_110": 0.0017673824913799763
        },
        "lima_4": {
            "lima_4": -0.024985816329717636,
            "lima_22": -0.018122198060154915,
            "lima_296": -0.00698570441454649,
            "lima_179": -0.013645423576235771,
            "lima_397": -0.0064943693578243256
        },
        "lima_5": {
            "lima_5": -0.01473356131464243,
            "lima_378": -0.006174246780574322,
            "lima_145": -0.012842949479818344,
            "lima_199": 0.0018958591390401125,
            "lima_17": -0.007807132788002491
        },
        "lima_6": {
            "lima_6": 0.040423210710287094,
            "lima_40": -0.00048097717808559537,
            "lima_411": -0.014729451388120651,
            "lima_169": -0.01637166552245617,
            "lima_259": 0.0047532133758068085
        },
        "lima_7": {
            "lima_7": 0.005249397829174995,
            "lima_170": -0.009195022284984589,
            "lima_64": -0.031271062791347504,
            "lima_17": -0.005097664892673492,
            "lima_87": 0.010985665023326874
        },
        "lima_8": {
            "lima_8": -0.021842896938323975,
            "lima_36": 0.01590956375002861,
            "lima_92": 0.001177649013698101,
            "lima_227": 0.006854912266135216,
            "lima_391": -0.0021574036218225956
        },
        "lima_9": {
            "lima_9": -0.009789536707103252,
            "lima_52": 0.006485925056040287,
            "lima_191": 0.011188732460141182,
            "lima_164": -0.003104977775365114,
            "lima_226": -0.015748435631394386
        },
        "lima_10": {
            "lima_10": -0.0031218547374010086,
            "lima_130": -0.0015235270839184523,