{
    "11767808": {
        "lima_120": {
            "lima_120": -0.02933887578547001,
            "lima_104": -0.00941962469369173,
            "lima_134": -0.004768233746290207,
            "lima_530": -0.010040718130767345,
            "lima_204": 0.019001536071300507
        },
        "lima_121": {
            "lima_121": 0.005405403207987547,
            "lima_549": 0.0005413029575720429,
            "lima_353": -0.0019294407684355974,
            "lima_442": -0.021985258907079697,
            "lima_111": -0.012525912374258041
        },
        "lima_122": {
            "lima_122": 0.030373578891158104,
            "lima_838": -0.007907265797257423,
            "lima_145": -0.00915051531046629,
            "lima_808": -0.009463982656598091,
            "lima_806": 0.012051800265908241
        },
        "lima_123": {
            "lima_123": -0.010673768818378448,
            "lima_158": -0.005668840371072292,
            "lima_83": 0.0041645909659564495,
            "lima_259": -0.002154019195586443,
            "lima_1": -0.0035841665230691433
        },
        "lima_124": {
            "lima_124": -0.05115043371915817,
            "lima_44": -0.0025756601244211197,
            "lima_374": 0.0071244267746806145,
            "lima_588": -0.01479323673993349,
            "lima_4": -0.012754224240779877
        },
        "lima_125": {
            "lima_125": 0.023913608863949776,
            "lima_526": -0.009473267942667007,
            "lima_43": -0.004664985463023186,
            "lima_80": -0.009828227572143078,
            "lima_205": -0.0038494437467306852
        },
        "lima_126": {
            "lima_126": -6.443855818361044e-05,
            "lima_56": -0.023847272619605064,
            "lima_270": -0.010297155007719994,
            "lima_290": -0.0007402748451568186,
            "lima_253": -0.03439924865961075
        },
        "lima_127": {
            "lima_127": 0.0036949273198843002,
            "lima_398": 0.011139496229588985,
            "lima_862": 0.011859020218253136,
            "lima_998": -0.006138794124126434,
            "lima_275": 0.005445037502795458
        },
        "lima_128": {
            "lima_128": -0.016947314143180847,
            "lima_80": -0.018462486565113068,
            "lima_92": -0.0035382057540118694,
            "lima_177": -0.03107823058962822,
            "lima_594": -0.02814638242125511
        },
        "lima_129": {
            "lima_129": -0.025591518729925156,
            "lima_332": -0.027980856597423553,
            "lima_238": -0.010747638531029224,
            "lima_576": -0.023158561438322067,
            "lima_393": -0.01896495744585991
        },
        "lima_130": {
            "lima_130": 0.008860028348863125,
            "lima_393": 0.0033338728826493025,
            "lima_10": 0.0035464544780552387,
            "lima_211": -0.004152726382017136,
            "lima_248": 0.0037693078629672527
        },
        "lima_131": {
            "lima_131": 0.0034028436057269573,
            "lima_236": 0.017137257382273674,
            "lima_324": 0.002138799987733364,
            "lima_70": 0.0012623420916497707,
            "lima_81": -0.00846966914832592
        },
        "lima_132": {
            "lima_132": 0.01721884310245514,
            "lima_804": -0.019066352397203445,
            "lima_869": -0.017582222819328308,
            "lima_110": 0.004024411551654339,
            "lima_54": 0.005749707575887442
        },
        "lima_133": {
            "lima_133": -0.020611479878425598,
            "lima_107": 0.0007455340819433331,
            "lima_919": -0.022398538887500763,
            "lima_920": 0.004337979014962912,
            "lima_9": -0.003918791655451059
        },
        "lima_134": {
            "lima_134": -0.021221384406089783,
            "lima_52": -0.010213322006165981,
            "lima_367": -0.007219781167805195,
            "lima_22": -0.027968749403953552,
            "lima_462": -0.038240350782871246
        },
        "lima_135": {
            "lima_135": -0.001309832907281816,
            "lima_808": 0.0011247042566537857,
            "lima_211": -0.004971595481038094,
            "lima_64": 0.002003762871026993,
            "lima_814": 0.011560613289475441
        },
        "lima_136": {
            "lima_136": 0.04885797202587128,
            "lima_57": -0.021696705371141434,
            "lima_306": 0.0021731818560510874,
            "lima_134": -0.003748058108612895,
            "lima_11": -0.0019199736416339874
        },
        "lima_137": {
            "lima_137": -0.0032246545888483524,
            "lima_82": -0.012394257821142673,
            "lima_109": -0.02355184778571129,
            "lima_72": -0.005932387430220842,
            "lima_11": -0.03070686385035515
        },
        "lima_138": {
            "lima_138": -0.04740997403860092,
            "lima_294": -0.008488154038786888,
            "lima_310": -0.014379667118191719,
            "lima_205": -0.008218351751565933,
            "lima_150": 0.0170880313962698
        },
        "lima_139": {
            "lima_139": -0.007562399376183748,
            "lima_83": -0.003347861347720027,
            "lima_123": -0.014748294837772846,
            "lima_226": 0.0031547837425023317,
            "lima_393": -0.011313699185848236
        }
    },
    "58838016": {
        "lima_120": {
            "lima_120": -0.029265372082591057,
            "lima_104": -0.009962164796888828,
            "lima_134": -0.004323521628975868,
            "lima_530": -0.010703458450734615,
            "lima_204": 0.01911790668964386
        },
        "lima_121": {
            "lima_121": 0.0050622764974832535,
            "lima_549": 0.000838823732919991,
            "lima_353": -0.002134144539013505,
            "lima_442": -0.022721104323863983,
            "lima_111": -0.012645810842514038
        },
        "lima_122": {
            "lima_122": 0.030631085857748985,
            "lima_838": -0.007298968732357025,
            "lima_145": -0.009067736566066742,
            "lima_808": -0.00980048906058073,
            "lima_806": 0.012212797999382019
        },
        "lima_123": {
            "lima_123": -0.010966078378260136,
            "lima_158": -0.005722019821405411,
            "lima_83": 0.004669901914894581,
            "lima_259": -0.0019726024474948645,
            "lima_1": -0.0037115905433893204
        },
        "lima_124": {
            "lima_124": -0.0513879731297493,
            "lima_44": -0.002990707755088806,
            "lima_374": 0.007920147851109505,
            "lima_588": -0.01467449963092804,
            "lima_4": -0.012698914855718613
        },
        "lima_125": {
            "lima_125": 0.023526731878519058,
            "lima_526": -0.009219552390277386,
            "lima_43": -0.0050180833786726,
            "lima_80": -0.009266391396522522,
            "lima_205": -0.003804645501077175
        },
        "lima_126": {
            "lima_126": 0.00033242168137803674,
            "lima_56": -0.023646511137485504,
            "lima_270": -0.01043827272951603,
            "lima_290": -0.0006682262755930424,
            "lima_253": -0.03424295783042908
        },
        "lima_127": {
            "lima_127": 0.003706545801833272,
            "lima_398": 0.011362286284565926,
            "lima_862": 0.01184910163283348,
            "lima_998": -0.005876990035176277,
            "lima_275": 0.005146539770066738
        },
        "lima_128": {
            "lima_128": -0.01671670749783516,
            "lima_80": -0.01894381456077099,
            "lima_92": -0.0031963952351361513,
            "lima_177": -0.030480865389108658,
            "lima_594": -0.02785918489098549
        },
        "lima_129": {
            "lima_129": -0.02587020769715309,
            "lima_332": -0.028334099799394608,
            "lima_238": -0.010115832090377808,
            "lima_576": -0.02291036769747734,
            "lima_393": -0.01841958612203598
        },