{
    "11767808": {
        "lima_972": {
            "lima_203": 0.0019435110734775662,
            "lima_211": -0.00030194444116204977,
            "lima_1": 0.0013695511734113097,
            "lima_37": -0.016051817685365677,
            "lima_972": -0.009705931879580021
        },
        "lima_973": {
            "lima_973": -0.02144070714712143,
            "lima_850": -0.009125929325819016,
            "lima_550": -0.013849004171788692,
            "lima_859": 0.010333818383514881,
            "lima_875": 0.00439448794350028
        },
        "lima_974": {
            "lima_974": -0.053409136831760406,
            "lima_950": 0.05275961011648178,
            "lima_893": -0.033298201858997345,
            "lima_930": -0.021646341308951378,
            "lima_833": -0.01022735983133316
        },
        "lima_975": {
            "lima_975": -0.043063435703516006,
            "lima_933": -0.02946767397224903,
            "lima_993": 0.003326671663671732,
            "lima_183": -0.02490764670073986,
            "lima_937": -0.012422395870089531
        },
        "lima_976": {
            "lima_92": -0.0020323393400758505,
            "lima_364": 0.002707165665924549,
            "lima_350": -0.007772245444357395,
            "lima_999": -0.0010219999821856618,
            "lima_976": -0.000417181639932096
        },
        "lima_977": {
            "lima_819": -0.00462671834975481,
            "lima_233": -0.006738095078617334,
            "lima_930": 0.001621327712200582,
            "lima_211": -0.006252650171518326,
            "lima_977": -0.016222748905420303
        },
        "lima_978": {
            "lima_978": -0.019082721322774887,
            "lima_891": -0.05139757692813873,
            "lima_994": 0.0022581054363399744,
            "lima_917": -0.0008832431631162763,
            "lima_404": -0.01894431561231613
        },
        "lima_979": {
            "lima_979": -0.01720222271978855,
            "lima_967": 0.0063768355175852776,
            "lima_916": -0.016875388100743294,
            "lima_951": 0.03422204405069351,
            "lima_406": -0.03479917719960213
        },
        "lima_980": {
            "lima_808": -0.015243513509631157,
            "lima_838": -0.011547019705176353,
            "lima_846": 0.0041306884959340096,
            "lima_814": 0.012036122381687164,
            "lima_980": 0.0013733571395277977
        },
        "lima_981": {
            "lima_981": -0.0304933562874794,
            "lima_950": 0.027748174965381622,
            "lima_550": -0.017846334725618362,
            "lima_991": -0.016338054090738297,
            "lima_959": 0.005572618916630745
        },
        "lima_982": {
            "lima_982": -0.025841467082500458,
            "lima_364": 0.007459456566721201,
            "lima_919": -0.03291364759206772,
            "lima_516": -0.08920815587043762,
            "lima_830": -0.024004550650715828
        },
        "lima_983": {
            "lima_983": 0.02403336390852928,
            "lima_425": 0.04041989892721176,
            "lima_864": -0.0038840388879179955,
            "lima_136": 0.014959441497921944,
            "lima_527": -0.008001703768968582
        },
        "lima_984": {
            "lima_984": 0.0021761159878224134,
            "lima_905": -0.007374120876193047,
            "lima_135": -0.0017784909578040242,
            "lima_580": -0.014550021849572659,
            "lima_159": -0.013470776379108429
        },
        "lima_985": {
            "lima_550": -0.017835143953561783,
            "lima_981": -0.021914873272180557,
            "lima_170": -0.011959879659116268,
            "lima_318": -0.0010881124762818217,
            "lima_985": -0.009240697138011456
        },
        "lima_986": {
            "lima_877": -0.002957611344754696,
            "lima_992": 0.00635420810431242,
            "lima_317": -0.010535189881920815,
            "lima_845": -0.0004667466855607927,
            "lima_986": -0.030667386949062347
        },
        "lima_987": {
            "lima_987": 0.01971709355711937,
            "lima_956": 0.004928313661366701,
            "lima_994": 0.021369781345129013,
            "lima_862": 0.03384380787611008,
            "lima_510": 0.058692220598459244
        },
        "lima_988": {
            "lima_988": 0.017777912318706512,
            "lima_913": 0.11182576417922974,
            "lima_865": 0.005827050656080246,
            "lima_870": -0.0005537261604331434,
            "lima_930": -0.029046446084976196
        },
        "lima_989": {
            "lima_929": -0.0019517294131219387,
            "lima_869": -0.004857461899518967,
            "lima_453": -0.0445939302444458,
            "lima_557": -0.0033293827436864376,
            "lima_989": -0.028471054509282112
        },
        "lima_990": {
            "lima_852": -0.0029908076394349337,
            "lima_374": 0.0038446802645921707,
            "lima_499": 0.017275772988796234,
            "lima_839": -0.015324534848332405,
            "lima_990": 0.003841633442789316
        },
        "lima_991": {
            "lima_172": -0.012281963601708412,
            "lima_203": 0.002113881753757596,
            "lima_37": -0.003154827980324626,
            "lima_374": 0.00572896096855402,
            "lima_991": -0.009953731670975685
        }
    },
    "58838016": {
        "lima_972": {
            "lima_203": 0.0016106023686006665,
            "lima_211": 6.26267574261874e-05,
            "lima_1": 0.0015711323358118534,
            "lima_37": -0.015711117535829544,
            "lima_972": -0.009406422264873981
        },
        "lima_973": {
            "lima_973": -0.021800260990858078,
            "lima_850": -0.009963393211364746,
            "lima_550": -0.013550427742302418,
            "lima_859": 0.010039929300546646,
            "lima_875": 0.004476310685276985
        },
        "lima_974": {
            "lima_974": -0.053467802703380585,
            "lima_950": 0.05292887985706329,
            "lima_893": -0.03332594782114029,
            "lima_930": -0.021825827658176422,
            "lima_833": -0.010546425357460976
        },
        "lima_975": {
            "lima_975": -0.04337489604949951,
            "lima_933": -0.02895054593682289,
            "lima_993": 0.0037469866219908,
            "lima_183": -0.024655185639858246,
            "lima_937": -0.012787406332790852
        },
        "lima_976": {
            "lima_92": -0.002226864919066429,
            "lima_364": 0.0028876070864498615,
            "lima_350": -0.007677625864744186,
            "lima_999": -0.0009421561844646931,
            "lima_976": 0.00012621830683201551
        },
        "lima_977": {
            "lima_819": -0.004552362486720085,
            "lima_233": -0.007144520059227943,
            "lima_930": 0.002391709480434656,
            "lima_211": -0.006039307452738285,
            "lima_977": -0.016622211784124374
        },
        "lima_978": {
            "lima_978": -0.018385112285614014,
            "lima_891": -0.05095858871936798,
            "lima_994": 0.002234408399090171,
            "lima_917": -0.0011131572537124157,
            "lima_404": -0.01885528862476349
        },
        "lima_979": {
            "lima_979": -0.016242554411292076,
            "lima_967": 0.006547349039465189,
            "lima_916": -0.016630996018648148,
            "lima_951": 0.03350461274385452,
            "lima_406": -0.03482047840952873
        },
        "lima_980": {
            "lima_808": -0.015208354219794273,
            "lima_838": -0.011152612045407295,
            "lima_846": 0.004210298880934715,
            "lima_814": 0.012055303901433945,
            "lima_980": 0.0008987552719190717
        },
        "lima_981": {
            "lima_981": -0.030451105907559395,
            "lima_950": 0.028234126046299934,
            "lima_550": -0.01689263805747032,
            "lima_991": -0.016035277396440506,
            "lima_959": 0.0060902428813278675
        },