{
    "11767808": {
        "lima_628": {
            "lima_628": -0.04079815000295639,
            "lima_374": 0.00496257608756423,
            "lima_306": 0.0033928505145013332,
            "lima_512": -0.030294619500637054,
            "lima_588": -0.016351275146007538
        },
        "lima_629": {
            "lima_629": 0.00035890782601200044,
            "lima_80": -0.013120290823280811,
            "lima_589": -0.03801316022872925,
            "lima_512": -0.017824936658143997,
            "lima_588": -0.015082034282386303
        },
        "lima_630": {
            "lima_55": 0.04692038148641586,
            "lima_587": 0.030816782265901566,
            "lima_249": 0.00850326381623745,
            "lima_583": 0.003308513667434454,
            "lima_630": 0.010222136974334717
        },
        "lima_631": {
            "lima_631": -0.04456285014748573,
            "lima_587": -0.002982089761644602,
            "lima_583": -0.026873402297496796,
            "lima_988": 0.004874142352491617,
            "lima_551": -0.025780150666832924
        },
        "lima_632": {
            "lima_632": -0.08318865299224854,
            "lima_793": -0.00414816802367568,
            "lima_539": -0.013713110238313675,
            "lima_951": 0.018303584307432175,
            "lima_306": -0.0028369491919875145
        },
        "lima_633": {
            "lima_633": -0.02381347492337227,
            "lima_134": -0.008066142909228802,
            "lima_463": -0.004878951236605644,
            "lima_249": -0.012168352492153645,
            "lima_677": -0.00031877553556114435
        },
        "lima_634": {
            "lima_634": -0.028991281986236572,
            "lima_48": -0.008386019617319107,
            "lima_169": -0.005503984168171883,
            "lima_437": -0.003653717925772071,
            "lima_241": -0.027730632573366165
        },
        "lima_635": {
            "lima_635": 0.03310079127550125,
            "lima_374": 0.010318045504391193,
            "lima_195": 0.004202466458082199,
            "lima_512": -0.022641878575086594,
            "lima_588": 0.023005904629826546
        },
        "lima_636": {
            "lima_636": -0.04461704567074776,
            "lima_462": -0.019169718027114868,
            "lima_587": 0.013555923476815224,
            "lima_73": 0.0012916424311697483,
            "lima_315": 0.003726119175553322
        },
        "lima_637": {
            "lima_637": -0.0433075875043869,
            "lima_374": 0.0022621883545070887,
            "lima_588": -0.00176544941496104,
            "lima_380": 0.00800304301083088,
            "lima_98": -0.012739477679133415
        },
        "lima_638": {
            "lima_638": -0.019979801028966904,
            "lima_60": 0.0033104335889220238,
            "lima_180": 0.012838204391300678,
            "lima_512": -0.014934608712792397,
            "lima_588": -0.009895376861095428
        },
        "lima_639": {
            "lima_134": -0.009839427657425404,
            "lima_305": -0.013123840093612671,
            "lima_6": 0.00624763173982501,
            "lima_40": 0.002644517458975315,
            "lima_639": -0.04071886092424393
        },
        "lima_640": {
            "lima_587": -0.01140180416405201,
            "lima_137": -0.020606212317943573,
            "lima_640": -0.057861387729644775,
            "lima_462": -0.04498624801635742,
            "lima_147": -0.020953157916665077
        },
        "lima_641": {
            "lima_587": 0.005344698671251535,
            "lima_641": -0.011830167844891548,
            "lima_583": -0.02347494289278984,
            "lima_551": -0.035023950040340424,
            "lima_195": 0.002550932113081217
        },
        "lima_642": {
            "lima_642": -0.005257836077362299,
            "lima_587": 0.005961455404758453,
            "lima_256": -0.012775246053934097,
            "lima_583": -0.01944110170006752,
            "lima_169": -0.006095740012824535
        },
        "lima_643": {
            "lima_316": -0.003262078855186701,
            "lima_40": -0.0024848401080816984,
            "lima_643": -0.047262758016586304,
            "lima_195": -0.0002597262500785291,
            "lima_31": 0.009529180824756622
        },
        "lima_644": {
            "lima_644": 0.013634205795824528,
            "lima_349": 0.006770189851522446,
            "lima_374": 0.008109869435429573,
            "lima_123": -0.0033133868128061295,
            "lima_512": -0.01878931373357773
        },
        "lima_645": {
            "lima_645": -0.016978811472654343,
            "lima_80": -0.009122522547841072,
            "lima_205": -0.0040077888406813145,
            "lima_512": -0.01614278182387352,
            "lima_588": -0.007197843864560127
        },
        "lima_646": {
            "lima_646": -0.01628357172012329,
            "lima_587": 0.008747880347073078,
            "lima_492": 0.020931512117385864,
            "lima_910": -0.022060304880142212,
            "lima_531": 0.001634325715713203
        },
        "lima_647": {
            "lima_647": -0.023123955354094505,
            "lima_587": 0.005653719883412123,
            "lima_41": -0.009541700594127178,
            "lima_306": -0.002805000636726618,
            "lima_151": -0.014683565124869347
        }
    },
    "58838016": {
        "lima_628": {
            "lima_628": -0.04076089709997177,
            "lima_374": 0.004577629268169403,
            "lima_306": 0.003208564128726721,
            "lima_512": -0.029987609013915062,
            "lima_588": -0.016139810904860497
        },
        "lima_629": {
            "lima_629": 0.0006760958931408823,
            "lima_80": -0.012752790935337543,
            "lima_589": -0.0382055900990963,
            "lima_512": -0.01787411794066429,
            "lima_588": -0.01505653653293848
        },
        "lima_630": {
            "lima_55": 0.04636824131011963,
            "lima_587": 0.030960408970713615,
            "lima_249": 0.008131860755383968,
            "lima_583": 0.0033033997751772404,
            "lima_630": 0.009943604469299316
        },
        "lima_631": {
            "lima_631": -0.044838160276412964,
            "lima_587": -0.00313685555011034,
            "lima_583": -0.02622954733669758,
            "lima_988": 0.005111457780003548,
            "lima_551": -0.02553725615143776
        },
        "lima_632": {
            "lima_632": -0.08325362205505371,
            "lima_793": -0.003654216416180134,
            "lima_539": -0.013398241251707077,
            "lima_951": 0.01835721731185913,
            "lima_306": -0.0036306208930909634
        },
        "lima_633": {
            "lima_633": -0.023680400103330612,
            "lima_134": -0.007642627693712711,
            "lima_463": -0.005233287811279297,
            "lima_249": -0.01247602328658104,
            "lima_677": -0.0003550335532054305
        },
        "lima_634": {
            "lima_634": -0.028749259188771248,
            "lima_48": -0.008155661635100842,
            "lima_169": -0.005415802821516991,
            "lima_437": -0.0038460055366158485,
            "lima_241": -0.028520828112959862
        },
        "lima_635": {
            "lima_635": 0.03330041468143463,
            "lima_374": 0.010102449916303158,
            "lima_195": 0.0037545543164014816,
            "lima_512": -0.02242412231862545,
            "lima_588": 0.023289840668439865
        },
        "lima_636": {
            "lima_636": -0.04448176920413971,
            "lima_462": -0.018608571961522102,
            "lima_587": 0.01399623230099678,
            "lima_73": 0.0010542016243562102,
            "lima_315": 0.004331077449023724
        },
        "lima_637": {
            "lima_637": -0.04313774034380913,
            "lima_374": 0.0021352125331759453,
            "lima_588": -0.0015358992386609316,
            "lima_380": 0.008847169578075409,
            "lima_98": -0.013406033627688885
        },