{
    "11767808": {
        "lima_484": {
            "lima_484": -0.0024408346507698298,
            "lima_393": -0.0033338135108351707,
            "lima_739": -0.0037562930956482887,
            "lima_6": 0.0010675520170480013,
            "lima_134": 0.005223952233791351
        },
        "lima_485": {
            "lima_485": 0.0020113845821470022,
            "lima_852": -0.013500885106623173,
            "lima_838": -0.012685905210673809,
            "lima_183": -0.00310971075668931,
            "lima_240": 0.013809049502015114
        },
        "lima_486": {
            "lima_486": -0.009704118594527245,
            "lima_417": -0.006718412972986698,
            "lima_574": 0.026893053203821182,
            "lima_903": 0.07213655859231949,
            "lima_550": -0.01470206119120121
        },
        "lima_487": {
            "lima_487": 0.061952732503414154,
            "lima_539": -0.017343703657388687,
            "lima_979": 0.008386571891605854,
            "lima_406": -0.02126152627170086,
            "lima_681": 0.0027828409802168608
        },
        "lima_488": {
            "lima_488": 0.010695860721170902,
            "lima_951": 0.014235636219382286,
            "lima_916": 0.0011879568919539452,
            "lima_863": 0.013373157940804958,
            "lima_810": 0.0312500037252903
        },
        "lima_489": {
            "lima_489": -0.01787196658551693,
            "lima_589": -0.054152823984622955,
            "lima_188": -0.03293461352586746,
            "lima_151": -0.018774112686514854,
            "lima_587": 0.018879933282732964
        },
        "lima_490": {
            "lima_490": -0.09114351868629456,
            "lima_562": -0.014478120021522045,
            "lima_463": -0.001738435821607709,
            "lima_533": -0.013656060211360455,
            "lima_613": -0.010801564902067184
        },
        "lima_491": {
            "lima_491": 0.06148232892155647,
            "lima_183": -0.005788946524262428,
            "lima_83": -0.0027346033602952957,
            "lima_179": -0.0105467913672328,
            "lima_506": -0.019063258543610573
        },
        "lima_492": {
            "lima_492": 0.01913296803832054,
            "lima_377": -0.008559489622712135,
            "lima_850": 0.006305089220404625,
            "lima_318": -0.00971502810716629,
            "lima_37": -0.006738167256116867
        },
        "lima_493": {
            "lima_493": 0.0015038740821182728,
            "lima_830": -0.00472957082092762,
            "lima_814": 0.007901886478066444,
            "lima_841": -0.006531776860356331,
            "lima_808": -0.01245835330337286
        },
        "lima_494": {
            "lima_494": -0.028606172651052475,
            "lima_487": -0.019155049696564674,
            "lima_539": -0.01723422296345234,
            "lima_431": -0.001430918462574482,
            "lima_136": 0.011539590544998646
        },
        "lima_495": {
            "lima_360": -0.02823883667588234,
            "lima_318": -0.00209976127371192,
            "lima_37": -0.017267584800720215,
            "lima_852": -0.009949686005711555,
            "lima_495": -0.012672580778598785
        },
        "lima_496": {
            "lima_364": 0.012142758816480637,
            "lima_841": -0.002442590892314911,
            "lima_496": -0.021817713975906372,
            "lima_418": -0.02734988182783127,
            "lima_814": 0.012250370346009731
        },
        "lima_497": {
            "lima_497": -0.025303734466433525,
            "lima_134": -0.0028369626961648464,
            "lima_325": 0.0021940399892628193,
            "lima_186": 0.003966600634157658,
            "lima_596": -0.012347704730927944
        },
        "lima_498": {
            "lima_159": 0.0015341949183493853,
            "lima_498": -0.04597999528050423,
            "lima_167": -0.006566997617483139,
            "lima_945": -0.0010922161163762212,
            "lima_176": -0.0021206196397542953
        },
        "lima_499": {
            "lima_499": 0.043690275400877,
            "lima_999": 0.006951347924768925,
            "lima_22": -0.012457559816539288,
            "lima_179": -0.003958177752792835,
            "lima_405": -0.016385307535529137
        },
        "lima_500": {
            "lima_427": 0.01651258021593094,
            "lima_500": -0.005714165046811104,
            "lima_450": -0.0023752530105412006,
            "lima_373": 0.011085465550422668,
            "lima_62": 0.017704633995890617
        },
        "lima_501": {
            "lima_501": -0.002100354293361306,
            "lima_160": -0.011309640482068062,
            "lima_275": 0.0027741766534745693,
            "lima_179": -0.010970532894134521,
            "lima_850": -0.016528327018022537
        },
        "lima_502": {
            "lima_502": -0.031800199300050735,
            "lima_136": 0.011573594063520432,
            "lima_468": -0.007927348837256432,
            "lima_42": 0.0018781829858198762,
            "lima_537": -0.0377572700381279
        },
        "lima_503": {
            "lima_503": -0.06184457987546921,
            "lima_259": 0.006772403605282307,
            "lima_396": -0.005282839294523001,
            "lima_235": -0.021824907511472702,
            "lima_385": -0.0011119667906314135
        }
    },
    "58838016": {
        "lima_484": {
            "lima_484": -0.0019046689849346876,
            "lima_393": -0.003493770956993103,
            "lima_739": -0.0034791738726198673,
            "lima_6": 0.0010216275695711374,
            "lima_134": 0.0051207528449594975
        },
        "lima_485": {
            "lima_485": 0.0024084579199552536,
            "lima_852": -0.013714417815208435,
            "lima_838": -0.011832920834422112,
            "lima_183": -0.0032998279202729464,
            "lima_240": 0.013603394851088524
        },
        "lima_486": {
            "lima_486": -0.009836156852543354,
            "lima_417": -0.007008656393736601,
            "lima_574": 0.02605261281132698,
            "lima_903": 0.07220292836427689,
            "lima_550": -0.014895954169332981
        },
        "lima_487": {
            "lima_487": 0.06167113408446312,
            "lima_539": -0.01648196578025818,
            "lima_979": 0.008590327575802803,
            "lima_406": -0.021560685709118843,
            "lima_681": 0.0027548889629542828
        },
        "lima_488": {
            "lima_488": 0.010096852667629719,
            "lima_951": 0.01427103579044342,
            "lima_916": 0.0009846962057054043,
            "lima_863": 0.01275516115128994,
            "lima_810": 0.030770400539040565
        },
        "lima_489": {
            "lima_489": -0.01852549985051155,
            "lima_589": -0.0543205551803112,
            "lima_188": -0.033349622040987015,
            "lima_151": -0.01849520206451416,
            "lima_587": 0.018705785274505615
        },
        "lima_490": {
            "lima_490": -0.09079183638095856,
            "lima_562": -0.014371048659086227,
            "lima_463": -0.002096831565722823,
            "lima_533": -0.013688769191503525,
            "lima_613": -0.011016981676220894
        },
        "lima_491": {
            "lima_491": 0.061102379113435745,
            "lima_183": -0.005833737086504698,
            "lima_83": -0.0026382291689515114,
            "lima_179": -0.010815133340656757,
            "lima_506": -0.01962084323167801
        },
        "lima_492": {
            "lima_492": 0.01980588585138321,
            "lima_377": -0.008657487109303474,
            "lima_850": 0.006191897206008434,
            "lima_318": -0.00960872694849968,
            "lima_37": -0.0066715748980641365
        },
        "lima_493": {
            "lima_493": 0.0016043111681938171,
            "lima_830": -0.00557504128664732,
            "lima_814": 0.0071503096260130405,
            "lima_841": -0.005881456658244133,
            "lima_808": -0.012187320739030838
        },