{
    "11767808": {
        "lima_140": {
            "lima_140": -0.004690120927989483,
            "lima_502": -0.008126513101160526,
            "lima_234": 0.010562230832874775,
            "lima_349": 0.004096516408026218,
            "lima_537": -0.00823014322668314
        },
        "lima_142": {
            "lima_142": -0.005756285972893238,
            "lima_64": 0.009743829257786274,
            "lima_164": 0.00472248625010252,
            "lima_319": -0.017531398683786392,
            "lima_395": 0.005900849588215351
        },
        "lima_143": {
            "lima_143": -0.015916967764496803,
            "lima_332": -0.0017810211284086108,
            "lima_211": -0.02192191779613495,
            "lima_852": -0.00837815273553133,
            "lima_256": -0.018589764833450317
        },
        "lima_144": {
            "lima_144": 0.09609593451023102,
            "lima_327": 0.00650224182754755,
            "lima_106": -0.012859142385423183,
            "lima_56": 0.005885472521185875,
            "lima_393": 0.011173243634402752
        },
        "lima_145": {
            "lima_145": -0.024704286828637123,
            "lima_534": -0.010269072838127613,
            "lima_415": 0.0023690678644925356,
            "lima_253": -0.0026758082676678896,
            "lima_233": -0.005133345723152161
        },
        "lima_146": {
            "lima_146": -0.00910099782049656,
            "lima_391": 0.003774436190724373,
            "lima_393": -0.0021249509882181883,
            "lima_905": 0.00330691272392869,
            "lima_383": -0.005853726528584957
        },
        "lima_147": {
            "lima_147": 0.0048463838174939156,
            "lima_64": -0.002405378036201,
            "lima_306": 0.007115570828318596,
            "lima_393": -0.00482017919421196,
            "lima_237": -0.017053287476301193
        },
        "lima_148": {
            "lima_148": 0.01801212504506111,
            "lima_454": -0.019129861146211624,
            "lima_39": -0.0019595646299421787,
            "lima_196": -0.009301631711423397,
            "lima_392": -0.014355220831930637
        },
        "lima_149": {
            "lima_149": 0.002001313492655754,
            "lima_493": 0.01045631617307663,
            "lima_400": -0.02552405372262001,
            "lima_924": 0.0006293485057540238,
            "lima_995": -0.023995866999030113
        },
        "lima_150": {
            "lima_150": 0.02804139256477356,
            "lima_294": -0.004057818558067083,
            "lima_174": 0.0009948275983333588,
            "lima_297": -0.020059507340192795,
            "lima_21": -0.001438056118786335
        },
        "lima_151": {
            "lima_151": 0.014380285516381264,
            "lima_852": -0.0050981612876057625,
            "lima_396": -0.003670454490929842,
            "lima_259": 0.0016438441816717386,
            "lima_228": 0.021175552159547806
        },
        "lima_152": {
            "lima_152": 0.014196885749697685,
            "lima_188": -0.02755948156118393,
            "lima_144": -0.0067050461657345295,
            "lima_997": -0.019361525774002075,
            "lima_815": -0.004580007866024971
        },
        "lima_153": {
            "lima_153": -0.009321894496679306,
            "lima_374": 0.006367242895066738,
            "lima_527": 0.0012410687049850821,
            "lima_210": 0.0029437486082315445,
            "lima_296": 0.0004577938234433532
        },
        "lima_154": {
            "lima_154": -0.007415462750941515,
            "lima_374": 0.010385552421212196,
            "lima_837": -0.018052201718091965,
            "lima_106": 0.007949411869049072,
            "lima_165": -0.012208955362439156
        },
        "lima_155": {
            "lima_155": -0.02472822554409504,
            "lima_240": 0.01319526880979538,
            "lima_37": 0.005003887228667736,
            "lima_183": -0.0026333602145314217,
            "lima_374": 0.0074847545474767685
        },
        "lima_157": {
            "lima_157": -0.0031679971143603325,
            "lima_11": -0.026245329529047012,
            "lima_119": -0.008065990172326565,
            "lima_204": -0.025220554322004318,
            "lima_387": -0.02438497729599476
        },
        "lima_158": {
            "lima_158": -0.012967230752110481,
            "lima_123": -0.0122716398909688,
            "lima_211": -0.02679971233010292,
            "lima_82": -0.003146983217447996,
            "lima_259": 0.0017583490116521716
        },
        "lima_159": {
            "lima_159": -0.044745080173015594,
            "lima_167": -0.010086598806083202,
            "lima_176": 0.0026813240256160498,
            "lima_930": -0.0033545447513461113,
            "lima_22": -0.017452076077461243
        },
        "lima_160": {
            "lima_160": 0.004151236731559038,
            "lima_501": 0.002226389478892088,
            "lima_179": -0.0058745453134179115,
            "lima_167": -0.005943048279732466,
            "lima_313": -0.014095546677708626
        },
        "lima_161": {
            "lima_161": 0.00895976647734642,
            "lima_597": 0.019261550158262253,
            "lima_561": -0.01730775088071823,
            "lima_519": 0.03258441388607025,
            "lima_211": -0.010035852901637554
        }
    },
    "58838016": {
        "lima_140": {
            "lima_140": -0.005515280179679394,
            "lima_502": -0.008648796938359737,
            "lima_234": 0.010228769853711128,
            "lima_349": 0.0039823404513299465,
            "lima_537": -0.008354934863746166
        },
        "lima_142": {
            "lima_142": -0.005921332165598869,
            "lima_64": 0.010308030992746353,
            "lima_164": 0.005497300997376442,
            "lima_319": -0.017324157059192657,
            "lima_395": 0.005698579363524914
        },
        "lima_143": {
            "lima_143": -0.01594702899456024,
            "lima_332": -0.0015873527154326439,
            "lima_211": -0.02116813138127327,
            "lima_852": -0.009139332920312881,
            "lima_256": -0.01870129257440567
        },
        "lima_144": {
            "lima_144": 0.09626911580562592,
            "lima_327": 0.006410520989447832,
            "lima_106": -0.013117310591042042,
            "lima_56": 0.0061592343263328075,
            "lima_393": 0.010691352188587189
        },
        "lima_145": {
            "lima_145": -0.024278055876493454,
            "lima_534": -0.010701606050133705,
            "lima_415": 0.0023600375279784203,
            "lima_253": -0.002786306431517005,
            "lima_233": -0.004983583465218544
        },
        "lima_146": {
            "lima_146": -0.009413802064955235,
            "lima_391": 0.0035878722555935383,
            "lima_393": -0.0022677655797451735,
            "lima_905": 0.002630270551890135,
            "lima_383": -0.00624522939324379
        },
        "lima_147": {
            "lima_147": 0.004654621705412865,
            "lima_64": -0.002603866159915924,
            "lima_306": 0.007579210214316845,
            "lima_393": -0.005011104047298431,
            "lima_237": -0.01704454980790615
        },
        "lima_148": {
            "lima_148": 0.01813128963112831,
            "lima_454": -0.01917554810643196,
            "lima_39": -0.0013986960984766483,
            "lima_196": -0.009000139310956001,
            "lima_392": -0.014391409233212471
        },
        "lima_149": {
            "lima_149": 0.002810161095112562,
            "lima_493": 0.01036854088306427,
            "lima_400": -0.025809165090322495,
            "lima_924": 0.0007923369412310421,
            "lima_995": -0.023427201434969902
        },
        "lima_150": {
            "lima_150": 0.02796061709523201,
            "lima_294": -0.00386608368717134,
            "lima_174": 0.0010922274086624384,
            "lima_297": -0.019834818318486214,
            "lima_21": -0.0011361893266439438
        },