{
    "11767808": {
        "lima_302": {
            "lima_302": 0.062420714646577835,
            "lima_901": -0.017645126208662987,
            "lima_382": -0.003355642780661583,
            "lima_215": -0.0019607061985880136,
            "lima_928": 0.002832340309396386
        },
        "lima_303": {
            "lima_303": -0.018818311393260956,
            "lima_94": -0.00788186676800251,
            "lima_80": -0.022270267829298973,
            "lima_1": -0.00040516312583349645,
            "lima_97": 0.008252862840890884
        },
        "lima_304": {
            "lima_304": -0.03128182142972946,
            "lima_272": -0.0011516802478581667,
            "lima_281": 0.0014637891435995698,
            "lima_290": 0.007707337848842144,
            "lima_196": -0.007009873166680336
        },
        "lima_305": {
            "lima_305": -0.032410990446805954,
            "lima_188": -0.006395345088094473,
            "lima_336": -0.010657025501132011,
            "lima_80": 0.003960564732551575,
            "lima_416": 0.01379877794533968
        },
        "lima_306": {
            "lima_306": -0.04131033271551132,
            "lima_127": -0.012449282221496105,
            "lima_162": -0.0072379810735583305,
            "lima_988": 0.00681817252188921,
            "lima_98": -0.002004748908802867
        },
        "lima_307": {
            "lima_307": 0.04468275234103203,
            "lima_261": -0.002737625502049923,
            "lima_33": 0.004342756699770689,
            "lima_117": -0.013540519401431084,
            "lima_327": -0.014451923780143261
        },
        "lima_308": {
            "lima_308": 0.007960852235555649,
            "lima_290": -0.0028126153629273176,
            "lima_248": -0.005541792139410973,
            "lima_22": -0.0030533215031027794,
            "lima_808": -0.010059217922389507
        },
        "lima_309": {
            "lima_309": 0.045223452150821686,
            "lima_118": -0.012215903028845787,
            "lima_145": -0.008462796919047832,
            "lima_251": -0.0036851447075605392,
            "lima_330": -0.006851540878415108
        },
        "lima_310": {
            "lima_310": -0.06468269228935242,
            "lima_294": -0.026270534843206406,
            "lima_206": 0.0016166626010090113,
            "lima_138": -0.007482435554265976,
            "lima_164": -0.004882764536887407
        },
        "lima_311": {
            "lima_311": 0.0003768394235521555,
            "lima_109": 7.008769898675382e-05,
            "lima_144": -0.0014581430004909635,
            "lima_234": 0.013416383415460587,
            "lima_30": -0.025915155187249184
        },
        "lima_312": {
            "lima_383": -0.008609654381871223,
            "lima_312": -0.01413046009838581,
            "lima_95": -0.0046560028567910194,
            "lima_327": -0.0027844184078276157,
            "lima_134": 0.003156499471515417
        },
        "lima_313": {
            "lima_313": 0.005812937393784523,
            "lima_228": 0.052129559218883514,
            "lima_56": 0.0003964004572480917,
            "lima_215": -0.007514570374041796,
            "lima_347": -0.007951116189360619
        },
        "lima_314": {
            "lima_314": -0.02113642729818821,
            "lima_78": -0.014973443001508713,
            "lima_116": -0.007960918359458447,
            "lima_87": -0.007301167584955692,
            "lima_231": -0.009413046762347221
        },
        "lima_315": {
            "lima_315": 0.01385453436523676,
            "lima_374": 0.0004934208700433373,
            "lima_247": -0.0027712881565093994,
            "lima_158": -0.0012247886043041945,
            "lima_169": -0.006271899677813053
        },
        "lima_316": {
            "lima_316": 0.01685783639550209,
            "lima_92": 0.002629438880831003,
            "lima_345": -0.022036176174879074,
            "lima_189": -0.0035917891655117273,
            "lima_507": -0.030309444293379784
        },
        "lima_317": {
            "lima_317": -0.02943849004805088,
            "lima_290": -0.0019151972373947501,
            "lima_162": -0.010589568875730038,
            "lima_905": 0.015174850821495056,
            "lima_229": 0.015046601183712482
        },
        "lima_318": {
            "lima_318": 0.0024905349127948284,
            "lima_381": 0.001958855427801609,
            "lima_203": 0.0032474338077008724,
            "lima_374": -0.0007172865443862975,
            "lima_175": -0.006408529821783304
        },
        "lima_319": {
            "lima_319": 0.00788622535765171,
            "lima_45": -0.005564223974943161,
            "lima_395": 0.01592130772769451,
            "lima_162": -0.02152956649661064,
            "lima_287": 0.004242248833179474
        },
        "lima_320": {
            "lima_320": 0.014479726552963257,
            "lima_393": -0.002654967363923788,
            "lima_188": -0.008363882079720497,
            "lima_83": 0.003718635533004999,
            "lima_123": -0.008134621195495129
        },
        "lima_321": {
            "lima_321": -0.03429363667964935,
            "lima_137": 0.00257969181984663,
            "lima_229": 0.020784877240657806,
            "lima_618": -0.01705964095890522,
            "lima_262": 0.02360493130981922
        }
    },
    "58838016": {
        "lima_302": {
            "lima_302": 0.06327369809150696,
            "lima_901": -0.017278755083680153,
            "lima_382": -0.0026555429212749004,
            "lima_215": -0.0021748801227658987,
            "lima_928": 0.0026127095334231853
        },
        "lima_303": {
            "lima_303": -0.01801973395049572,
            "lima_94": -0.008733347058296204,
            "lima_80": -0.022232895717024803,
            "lima_1": -0.00013567734276875854,
            "lima_97": 0.00865311361849308
        },
        "lima_304": {
            "lima_304": -0.031440459191799164,
            "lima_272": -0.0010652452474460006,
            "lima_281": 0.001243723090738058,
            "lima_290": 0.007897351868450642,
            "lima_196": -0.00713324174284935
        },
        "lima_305": {
            "lima_305": -0.03250905126333237,
            "lima_188": -0.006458300165832043,
            "lima_336": -0.010449761524796486,
            "lima_80": 0.003636686597019434,
            "lima_416": 0.013424139469861984
        },
        "lima_306": {
            "lima_306": -0.04115110635757446,
            "lima_127": -0.012742873281240463,
            "lima_162": -0.0070180948823690414,
            "lima_988": 0.006488674320280552,
            "lima_98": -0.0012318625813350081
        },
        "lima_307": {
            "lima_307": 0.04495947062969208,
            "lima_261": -0.002754736924543977,
            "lima_33": 0.004156686831265688,
            "lima_117": -0.013167180120944977,
            "lima_327": -0.014444760046899319
        },
        "lima_308": {
            "lima_308": 0.008377369493246078,
            "lima_290": -0.0028785590548068285,
            "lima_248": -0.005489762406796217,
            "lima_22": -0.002666907384991646,
            "lima_808": -0.009947183541953564
        },
        "lima_309": {
            "lima_309": 0.045845210552215576,
            "lima_118": -0.01169801689684391,
            "lima_145": -0.008428769186139107,
            "lima_251": -0.0033293634187430143,
            "lima_330": -0.007027369923889637
        },
        "lima_310": {
            "lima_310": -0.06482217460870743,
            "lima_294": -0.02554810419678688,
            "lima_206": 0.0009516533464193344,
            "lima_138": -0.007531403098255396,
            "lima_164": -0.00480158906430006
        },
        "lima_311": {
            "lima_311": 0.0006078552105464041,
            "lima_109": -4.1921084630303085e-05,
            "lima_144": -0.0011397008784115314,
            "lima_234": 0.013830296695232391,
            "lima_30": -0.02604498900473118
        },