{
    "11767808": {
        "lima_831": {
            "lima_54": -0.0076391142792999744,
            "lima_758": -0.01880592294037342,
            "lima_452": -0.00886575598269701,
            "lima_217": 0.00021235458552837372,
            "lima_831": 0.016023803502321243
        },
        "lima_832": {
            "lima_964": -0.004147869534790516,
            "lima_965": 0.010178806260228157,
            "lima_966": 0.006428146734833717,
            "lima_967": 0.01903364062309265,
            "lima_832": -0.014759877696633339
        },
        "lima_833": {
            "lima_833": 0.130665123462677,
            "lima_800": 0.052031390368938446,
            "lima_837": -0.06945271044969559,
            "lima_160": 0.010217675939202309,
            "lima_813": -0.05496314913034439
        },
        "lima_834": {
            "lima_834": -0.017479747533798218,
            "lima_31": 0.0008547033648937941,
            "lima_749": -0.008441712707281113,
            "lima_240": 0.0018437067046761513,
            "lima_286": 0.008148258551955223
        },
        "lima_835": {
            "lima_835": -0.06903450191020966,
            "lima_293": 0.0023877015337347984,
            "lima_804": 0.011268049478530884,
            "lima_522": -0.003499526996165514,
            "lima_805": -0.009308436885476112
        },
        "lima_836": {
            "lima_490": -0.047308728098869324,
            "lima_520": -0.04193662106990814,
            "lima_905": -0.010226018726825714,
            "lima_618": -0.02966275066137314,
            "lima_836": -0.033300478011369705
        },
        "lima_837": {
            "lima_837": -0.037955958396196365,
            "lima_593": -0.002924175001680851,
            "lima_451": -0.007158269640058279,
            "lima_583": -0.00042523202137090266,
            "lima_160": -0.007580283563584089
        },
        "lima_838": {
            "lima_838": -0.07407593727111816,
            "lima_814": 0.003512750379741192,
            "lima_846": -0.0405643992125988,
            "lima_808": -0.019077692180871964,
            "lima_37": 0.004939294420182705
        },
        "lima_839": {
            "lima_839": -0.009628556668758392,
            "lima_806": 0.016477324068546295,
            "lima_814": 0.005023705307394266,
            "lima_999": -0.012862281873822212,
            "lima_64": -0.007642268668860197
        },
        "lima_840": {
            "lima_840": -0.06967082619667053,
            "lima_281": -0.003038588911294937,
            "lima_271": 0.0012358429376035929,
            "lima_175": -0.01575688272714615,
            "lima_230": -0.008745641447603703
        },
        "lima_841": {
            "lima_841": 0.013044487684965134,
            "lima_166": -0.008539676666259766,
            "lima_56": -0.00017258385196328163,
            "lima_580": 0.0009418802801519632,
            "lima_211": -0.007419591769576073
        },
        "lima_842": {
            "lima_842": 0.011219413951039314,
            "lima_561": -0.028163166716694832,
            "lima_175": -0.004219187423586845,
            "lima_839": -0.03231757879257202,
            "lima_806": 0.012558386661112309
        },
        "lima_843": {
            "lima_646": 0.0028041310142725706,
            "lima_751": -0.004784792196005583,
            "lima_910": 0.005059408023953438,
            "lima_748": 0.007958570495247841,
            "lima_843": 0.006457844283431768
        },
        "lima_844": {
            "lima_844": 0.008532697334885597,
            "lima_516": -0.0071941036731004715,
            "lima_160": -0.0029894316103309393,
            "lima_501": 0.003690514247864485,
            "lima_810": 0.03259693458676338
        },
        "lima_845": {
            "lima_806": 0.00769838597625494,
            "lima_814": 0.0154584851115942,
            "lima_808": -0.006059423089027405,
            "lima_845": 0.0537656769156456,
            "lima_801": -0.009869156405329704
        },
        "lima_846": {
            "lima_846": 0.027641376480460167,
            "lima_808": -0.018273934721946716,
            "lima_982": 0.0011908577289432287,
            "lima_814": 0.02166605368256569,
            "lima_838": -0.02319776639342308
        },
        "lima_847": {
            "lima_964": -0.012938188388943672,
            "lima_965": -0.01308813039213419,
            "lima_966": -0.003009288338944316,
            "lima_967": 0.006160575896501541,
            "lima_847": -0.01171313226222992
        },
        "lima_848": {
            "lima_848": -0.049395203590393066,
            "lima_561": -0.026770753785967827,
            "lima_842": -0.007577466778457165,
            "lima_938": -0.009222583845257759,
            "lima_826": -0.010119725950062275
        },
        "lima_849": {
            "lima_561": -0.03972760587930679,
            "lima_835": -0.03693694993853569,
            "lima_848": -0.014454405754804611,
            "lima_806": 0.010132770985364914,
            "lima_849": -0.031140558421611786
        },
        "lima_850": {
            "lima_801": 0.0006108719389885664,
            "lima_211": -0.007492187432944775,
            "lima_808": -0.00041218037949874997,
            "lima_905": 0.0068684774450957775,
            "lima_850": 0.004663126077502966
        }
    },
    "58838016": {
        "lima_831": {
            "lima_54": -0.0076753487810492516,
            "lima_758": -0.01905760169029236,
            "lima_452": -0.009101834148168564,
            "lima_217": -2.5339217245345935e-05,
            "lima_831": 0.01579177752137184
        },
        "lima_832": {
            "lima_964": -0.004788164049386978,
            "lima_965": 0.010268786922097206,
            "lima_966": 0.006225302815437317,
            "lima_967": 0.018772173672914505,
            "lima_832": -0.014070985838770866
        },
        "lima_833": {
            "lima_833": 0.13098350167274475,
            "lima_800": 0.05296764522790909,
            "lima_837": -0.06927962601184845,
            "lima_160": 0.010254142805933952,
            "lima_813": -0.05466928333044052
        },
        "lima_834": {
            "lima_834": -0.017585700377821922,
            "lima_31": 0.0007280696881935,
            "lima_749": -0.008572472259402275,
            "lima_240": 0.002219182439148426,
            "lima_286": 0.008474238216876984
        },
        "lima_835": {
            "lima_835": -0.0687064677476883,
            "lima_293": 0.0022914777509868145,
            "lima_804": 0.01155053824186325,
            "lima_522": -0.003343716263771057,
            "lima_805": -0.008854972198605537
        },
        "lima_836": {
            "lima_490": -0.04743538424372673,
            "lima_520": -0.04170112684369087,
            "lima_905": -0.010539622977375984,
            "lima_618": -0.029233887791633606,
            "lima_836": -0.03368271142244339
        },
        "lima_837": {
            "lima_837": -0.03754812479019165,
            "lima_593": -0.002449528081342578,
            "lima_451": -0.00721239997074008,
            "lima_583": -0.00010871950507862493,
            "lima_160": -0.007534063421189785
        },
        "lima_838": {
            "lima_838": -0.07357829809188843,
            "lima_814": 0.003782126121222973,
            "lima_846": -0.04009217768907547,
            "lima_808": -0.019125116989016533,
            "lima_37": 0.005340229254215956
        },
        "lima_839": {
            "lima_839": -0.009415821172297001,
            "lima_806": 0.016325926408171654,
            "lima_814": 0.004992255475372076,
            "lima_999": -0.012802967801690102,
            "lima_64": -0.00742837879806757
        },
        "lima_840": {
            "lima_840": -0.070140041410923,
            "lima_281": -0.003113312879577279,
            "lima_271": 0.0008867040742188692,
            "lima_175": -0.015800703316926956,
            "lima_230": -0.009386885911226273
        },