{
    "11767808": {
        "lima_80": {
            "lima_80": -0.010376223362982273,
            "lima_164": -0.008667092770338058,
            "lima_20": -0.008593136444687843,
            "lima_395": -0.0018192201387137175,
            "lima_367": 0.0035656907130032778
        },
        "lima_81": {
            "lima_81": -0.007755339611321688,
            "lima_289": 0.003924926742911339,
            "lima_169": -0.007999415509402752,
            "lima_97": 0.010927775874733925,
            "lima_206": -0.01703156903386116
        },
        "lima_82": {
            "lima_82": 0.012538477778434753,
            "lima_137": 0.0004212195926811546,
            "lima_109": -0.003023179480805993,
            "lima_158": 0.004408958368003368,
            "lima_163": 0.007649010978639126
        },
        "lima_83": {
            "lima_83": -0.004296072758734226,
            "lima_203": 0.0033163491170853376,
            "lima_123": -0.006453194655478001,
            "lima_1": -0.010230300016701221,
            "lima_172": -0.008219458162784576
        },
        "lima_84": {
            "lima_84": 0.005925727542489767,
            "lima_196": -0.011625608429312706,
            "lima_80": -0.008357357233762741,
            "lima_190": 0.0004989845911040902,
            "lima_152": 0.0029961317777633667
        },
        "lima_85": {
            "lima_85": -0.016194462776184082,
            "lima_106": 0.0070849996991455555,
            "lima_98": -0.006767873652279377,
            "lima_151": 0.0018915783148258924,
            "lima_848": 0.0007977935019880533
        },
        "lima_86": {
            "lima_86": 0.005921794567257166,
            "lima_290": 0.007962733507156372,
            "lima_174": -0.003165853675454855,
            "lima_68": -0.022674307227134705,
            "lima_462": -0.02693130075931549
        },
        "lima_87": {
            "lima_87": 0.015448681078851223,
            "lima_231": 0.0016628194134682417,
            "lima_163": 0.005780451465398073,
            "lima_211": -0.006730646826326847,
            "lima_267": 0.014351416379213333
        },
        "lima_88": {
            "lima_88": 0.012706675566732883,
            "lima_75": -0.005695829633623362,
            "lima_277": -0.00015925294428598136,
            "lima_48": -0.01548529788851738,
            "lima_218": 0.014648046344518661
        },
        "lima_89": {
            "lima_89": -0.0006602786015719175,
            "lima_542": 0.031154323369264603,
            "lima_372": -0.00558513356372714,
            "lima_66": 0.006262228824198246,
            "lima_373": -0.0005567173357121646
        },
        "lima_90": {
            "lima_90": -0.007787998765707016,
            "lima_812": -0.0409989207983017,
            "lima_196": 0.00374937173910439,
            "lima_271": 0.003314343746751547,
            "lima_35": -0.005574214272201061
        },
        "lima_91": {
            "lima_91": 0.004156292881816626,
            "lima_534": -0.007388290949165821,
            "lima_272": -0.004692934453487396,
            "lima_303": -0.014934157021343708,
            "lima_281": -0.0012101478641852736
        },
        "lima_92": {
            "lima_92": 0.004199317656457424,
            "lima_316": -0.0039252592250704765,
            "lima_253": -0.004938378930091858,
            "lima_27": 0.015092781744897366,
            "lima_56": -0.003912775311619043
        },
        "lima_93": {
            "lima_93": -0.028091926127672195,
            "lima_364": 0.004096441902220249,
            "lima_228": 0.0032332935370504856,
            "lima_123": -0.010995820164680481,
            "lima_211": -0.006293324287980795
        },
        "lima_94": {
            "lima_94": -0.012317871674895287,
            "lima_249": -0.016236551105976105,
            "lima_274": 0.0015043115708976984,
            "lima_69": -0.03540170192718506,
            "lima_179": -0.014855113811790943
        },
        "lima_95": {
            "lima_95": 0.023101121187210083,
            "lima_27": 0.009079746901988983,
            "lima_360": -0.019467774778604507,
            "lima_96": -0.006808333098888397,
            "lima_174": 0.004092605318874121
        },
        "lima_96": {
            "lima_96": -0.051563188433647156,
            "lima_247": -0.004565975163131952,
            "lima_95": -0.001845234539359808,
            "lima_360": -0.02023884281516075,
            "lima_2": -0.018291806802153587
        },
        "lima_97": {
            "lima_97": -0.002212323248386383,
            "lima_92": 8.492707274854183e-05,
            "lima_391": -0.006490349303930998,
            "lima_396": -0.004424137528985739,
            "lima_162": -0.022704029455780983
        },
        "lima_98": {
            "lima_98": -0.018871961161494255,
            "lima_22": -0.009496594779193401,
            "lima_290": 0.002271579811349511,
            "lima_119": 0.0002150549553334713,
            "lima_64": -0.01593705266714096
        },
        "lima_99": {
            "lima_99": -0.00588079821318388,
            "lima_374": 0.02313227951526642,
            "lima_95": -0.011893600225448608,
            "lima_588": -0.017599575221538544,
            "lima_345": 0.006628412753343582
        }
    },
    "58838016": {
        "lima_80": {
            "lima_80": -0.010491536930203438,
            "lima_164": -0.008774537593126297,
            "lima_20": -0.009017975069582462,
            "lima_395": -0.002017171587795019,
            "lima_367": 0.0034884121268987656
        },
        "lima_81": {
            "lima_81": -0.0075757140293717384,
            "lima_289": 0.0036652099806815386,
            "lima_169": -0.008728350512683392,
            "lima_97": 0.010625764727592468,
            "lima_206": -0.016612883657217026
        },
        "lima_82": {
            "lima_82": 0.01206934079527855,
            "lima_137": 0.0008636243874207139,
            "lima_109": -0.0032456717453897,
            "lima_158": 0.003992910496890545,
            "lima_163": 0.008282974362373352
        },
        "lima_83": {
            "lima_83": -0.0042958506383001804,
            "lima_203": 0.0027047242037951946,
            "lima_123": -0.0061896494589746,
            "lima_1": -0.010087392292916775,
            "lima_172": -0.008545443415641785
        },
        "lima_84": {
            "lima_84": 0.005445484071969986,
            "lima_196": -0.0119636757299304,
            "lima_80": -0.008939029648900032,
            "lima_190": 0.0009927664650604129,
            "lima_152": 0.0031289574690163136
        },
        "lima_85": {
            "lima_85": -0.01597888022661209,
            "lima_106": 0.006644696928560734,
            "lima_98": -0.006724982522428036,
            "lima_151": 0.002246325137093663,
            "lima_848": 0.0012405776651576161
        },
        "lima_86": {
            "lima_86": 0.006448828615248203,
            "lima_290": 0.008228759281337261,
            "lima_174": -0.0031411137897521257,
            "lima_68": -0.022817004472017288,
            "lima_462": -0.027286779135465622
        },
        "lima_87": {
            "lima_87": 0.014998860657215118,
            "lima_231": 0.0017392861191183329,
            "lima_163": 0.005687084514647722,
            "lima_211": -0.00698122289031744,
            "lima_267": 0.01374201849102974
        },
        "lima_88": {
            "lima_88": 0.012987678870558739,
            "lima_75": -0.006088047754019499,
            "lima_277": -0.0001845500519266352,
            "lima_48": -0.015370804816484451,
            "lima_218": 0.014774364419281483
        },
        "lima_89": {
            "lima_89": -5.030466127209365e-06,
            "lima_542": 0.03160066157579422,
            "lima_372": -0.005571397021412849,
            "lima_66": 0.006415131501853466,
            "lima_373": -0.0006457700510509312
        },
        "lima_90": {
            "lima_90": -0.007598069962114096,