{
    "11767808": {
        "lima_871": {
            "lima_658": -0.02788647636771202,
            "lima_587": 0.012085014954209328,
            "lima_221": 0.010013367980718613,
            "lima_60": -0.001590166473761201,
            "lima_871": -0.037464696913957596
        },
        "lima_872": {
            "lima_374": 0.004519930575042963,
            "lima_172": -0.000345774955349043,
            "lima_127": -0.0011131841456517577,
            "lima_203": -0.0055526443757116795,
            "lima_872": -0.02205961011350155
        },
        "lima_873": {
            "lima_873": -0.0106743685901165,
            "lima_905": 0.0052466909401118755,
            "lima_290": 0.002135255839675665,
            "lima_270": -0.014508822932839394,
            "lima_317": -0.013536248356103897
        },
        "lima_874": {
            "lima_874": -0.008924534544348717,
            "lima_885": 0.0009067183127626777,
            "lima_875": 0.004979046992957592,
            "lima_931": 0.02114206925034523,
            "lima_587": 0.008369246497750282
        },
        "lima_875": {
            "lima_806": 0.009952167049050331,
            "lima_814": 0.026798943057656288,
            "lima_850": 0.006666684523224831,
            "lima_808": -0.006521537899971008,
            "lima_875": -0.02922336757183075
        },
        "lima_876": {
            "lima_876": -0.03043697215616703,
            "lima_161": 0.006106615532189608,
            "lima_863": 0.0020106269512325525,
            "lima_428": -0.007935680449008942,
            "lima_127": -0.002391529968008399
        },
        "lima_877": {
            "lima_901": -0.025687916204333305,
            "lima_550": -0.021662041544914246,
            "lima_881": -0.03038991242647171,
            "lima_34": 0.0007295843097381294,
            "lima_877": -0.03591470792889595
        },
        "lima_878": {
            "lima_878": 0.002104623708873987,
            "lima_550": -0.0215170755982399,
            "lima_157": -0.00019831344252452254,
            "lima_991": -0.01935981586575508,
            "lima_361": -0.004041349980980158
        },
        "lima_879": {
            "lima_971": -0.019223937764763832,
            "lima_528": -0.03766091912984848,
            "lima_915": -0.015109343454241753,
            "lima_801": -0.017494462430477142,
            "lima_879": -0.015292638912796974
        },
        "lima_880": {
            "lima_561": -0.0451684445142746,
            "lima_806": 0.005240239202976227,
            "lima_842": -0.001054019434377551,
            "lima_938": -0.015839042142033577,
            "lima_880": -0.024658668786287308
        },
        "lima_881": {
            "lima_830": 0.008486788719892502,
            "lima_64": -0.006447783671319485,
            "lima_844": 0.0022983094677329063,
            "lima_516": -0.027400221675634384,
            "lima_881": 0.013082718476653099
        },
        "lima_882": {
            "lima_42": 0.001134368241764605,
            "lima_808": -0.00675587635487318,
            "lima_806": 0.007182622328400612,
            "lima_937": -0.02201562188565731,
            "lima_882": -0.005168181378394365
        },
        "lima_883": {
            "lima_883": -0.03173809126019478,
            "lima_921": -0.018946263939142227,
            "lima_867": -0.008334320969879627,
            "lima_453": -0.03045126050710678,
            "lima_965": -0.017336780205368996
        },
        "lima_884": {
            "lima_884": 0.00891330000013113,
            "lima_925": -0.028291331604123116,
            "lima_373": 0.0037299017421901226,
            "lima_910": -0.01078493706882,
            "lima_919": -0.03763893246650696
        },
        "lima_885": {
            "lima_350": -0.010529562830924988,
            "lima_293": -0.0031697340309619904,
            "lima_64": -0.00381583534181118,
            "lima_364": -0.0005757190519943833,
            "lima_885": -0.00840875506401062
        },
        "lima_886": {
            "lima_886": -0.04005289077758789,
            "lima_874": -0.0012027944903820753,
            "lima_374": 0.005899984389543533,
            "lima_998": -0.04322734475135803,
            "lima_256": -0.006290654186159372
        },
        "lima_887": {
            "lima_887": 0.027578724548220634,
            "lima_953": -0.03540787845849991,
            "lima_987": 0.02269948646426201,
            "lima_923": -0.010249532759189606,
            "lima_561": -0.05660504847764969
        },
        "lima_888": {
            "lima_888": -0.020795773714780807,
            "lima_864": -0.03352483734488487,
            "lima_986": 0.006493512541055679,
            "lima_893": -0.023696348071098328,
            "lima_905": 0.005721190478652716
        },
        "lima_889": {
            "lima_889": 0.057431094348430634,
            "lima_177": -0.00637145945802331,
            "lima_930": -0.03408444672822952,
            "lima_987": 0.005399948451668024,
            "lima_221": 0.005122547969222069
        },
        "lima_890": {
            "lima_808": -0.06455489993095398,
            "lima_814": -0.014781272038817406,
            "lima_440": -0.0035603223368525505,
            "lima_846": -0.02961117774248123,
            "lima_890": -0.006302011664956808
        }
    },
    "58838016": {
        "lima_871": {
            "lima_658": -0.027904745191335678,
            "lima_587": 0.011552676558494568,
            "lima_221": 0.009542636573314667,
            "lima_60": -0.0023414371535182,
            "lima_871": -0.03737128525972366
        },
        "lima_872": {
            "lima_374": 0.0041862977668643,
            "lima_172": -4.3800362618640065e-05,
            "lima_127": -0.001214386778883636,
            "lima_203": -0.004929247312247753,
            "lima_872": -0.022268060594797134
        },
        "lima_873": {
            "lima_873": -0.010032481513917446,
            "lima_905": 0.005298067815601826,
            "lima_290": 0.0019457670859992504,
            "lima_270": -0.014422073028981686,
            "lima_317": -0.013276608660817146
        },
        "lima_874": {
            "lima_874": -0.009028367698192596,
            "lima_885": 0.000504803319927305,
            "lima_875": 0.005250392947345972,
            "lima_931": 0.021671127527952194,
            "lima_587": 0.008543767966330051
        },
        "lima_875": {
            "lima_806": 0.010385029017925262,
            "lima_814": 0.026680447161197662,
            "lima_850": 0.007224908098578453,
            "lima_808": -0.006567554548382759,
            "lima_875": -0.029670044779777527
        },
        "lima_876": {
            "lima_876": -0.030140260234475136,
            "lima_161": 0.006608615163713694,
            "lima_863": 0.002102237194776535,
            "lima_428": -0.007181106135249138,
            "lima_127": -0.0030335895717144012
        },
        "lima_877": {
            "lima_901": -0.02531326934695244,
            "lima_550": -0.021510379388928413,
            "lima_881": -0.030160285532474518,
            "lima_34": 0.00041989784222096205,
            "lima_877": -0.035309307277202606
        },
        "lima_878": {
            "lima_878": 0.001821192679926753,
            "lima_550": -0.021486148238182068,
            "lima_157": -0.0003432806406635791,
            "lima_991": -0.019034208729863167,
            "lima_361": -0.0036095636896789074
        },
        "lima_879": {
            "lima_971": -0.018786132335662842,
            "lima_528": -0.037699900567531586,
            "lima_915": -0.015126172453165054,
            "lima_801": -0.01786404475569725,
            "lima_879": -0.015508879907429218
        },
        "lima_880": {
            "lima_561": -0.04512936621904373,
            "lima_806": 0.006343589164316654,
            "lima_842": -0.00046527819358743727,
            "lima_938": -0.01606699451804161,
            "lima_880": -0.02578168362379074
        },