{
    "11767808": {
        "lima_282": {
            "lima_282": -0.03655679523944855,
            "lima_342": 0.001144489157013595,
            "lima_905": 0.002564017428085208,
            "lima_290": 0.005291514564305544,
            "lima_396": -0.0031400073785334826
        },
        "lima_283": {
            "lima_283": 0.014531719498336315,
            "lima_37": 0.008953492157161236,
            "lima_203": 0.009000436402857304,
            "lima_172": -0.0027535681147128344,
            "lima_374": 0.01052095927298069
        },
        "lima_284": {
            "lima_284": -0.03781145438551903,
            "lima_173": 0.0016654713544994593,
            "lima_364": -0.00019997177878394723,
            "lima_397": 0.0021790144965052605,
            "lima_318": -0.002049185335636139
        },
        "lima_285": {
            "lima_285": 0.006297282408922911,
            "lima_294": -0.01568477973341942,
            "lima_223": 0.017479732632637024,
            "lima_138": -0.006536257918924093,
            "lima_178": 0.004141002427786589
        },
        "lima_286": {
            "lima_286": -0.009909012354910374,
            "lima_190": 0.015491010621190071,
            "lima_173": 0.0062180617824196815,
            "lima_293": -0.002969700377434492,
            "lima_205": -0.0028393645770847797
        },
        "lima_287": {
            "lima_287": 0.0007909832056611776,
            "lima_225": -0.01716211810708046,
            "lima_123": -0.018087400123476982,
            "lima_319": -0.006454809568822384,
            "lima_83": -0.005041790194809437
        },
        "lima_288": {
            "lima_288": -0.005249967332929373,
            "lima_145": -0.008524562232196331,
            "lima_380": -0.010120281018316746,
            "lima_130": -0.0005096817621961236,
            "lima_364": -0.000427607330493629
        },
        "lima_289": {
            "lima_289": 0.006205399986356497,
            "lima_81": -0.016732219606637955,
            "lima_316": -0.006121033802628517,
            "lima_227": -0.0001272408408112824,
            "lima_391": 0.0054387799464166164
        },
        "lima_290": {
            "lima_290": 0.0008444064878858626,
            "lima_22": -0.024392884224653244,
            "lima_98": -0.0073026567697525024,
            "lima_225": 0.0037287017330527306,
            "lima_281": -0.008392355404794216
        },
        "lima_291": {
            "lima_291": 0.018935859203338623,
            "lima_167": -0.0040123360231518745,
            "lima_57": 0.0022998955100774765,
            "lima_438": -0.017978811636567116,
            "lima_819": 0.0038505196571350098
        },
        "lima_292": {
            "lima_292": -0.021975470706820488,
            "lima_335": -0.01216198317706585,
            "lima_273": -0.022152472287416458,
            "lima_254": -0.0022657124791294336,
            "lima_245": -0.023341936990618706
        },
        "lima_293": {
            "lima_293": -0.012742945924401283,
            "lima_1": 0.0019324313616380095,
            "lima_294": -0.019162848591804504,
            "lima_64": -0.0047174482606351376,
            "lima_830": -0.010829594917595387
        },
        "lima_294": {
            "lima_294": -0.01716739684343338,
            "lima_297": 0.007949503138661385,
            "lima_9": 0.008223894983530045,
            "lima_191": 0.008569641038775444,
            "lima_206": 0.0021007987670600414
        },
        "lima_295": {
            "lima_23": -0.01185375452041626,
            "lima_295": -0.012875999324023724,
            "lima_961": 0.00625414215028286,
            "lima_711": -0.021050043404102325,
            "lima_720": 0.0007001290796324611
        },
        "lima_296": {
            "lima_296": 0.010326706804335117,
            "lima_179": -0.013492162339389324,
            "lima_274": -0.0005607944913208485,
            "lima_571": -0.008175808005034924,
            "lima_158": -0.00046395129174925387
        },
        "lima_297": {
            "lima_297": -9.906120249070227e-05,
            "lima_294": 0.007117357105016708,
            "lima_150": 0.013986576348543167,
            "lima_191": -0.0042438264936208725,
            "lima_231": 0.01121690683066845
        },
        "lima_298": {
            "lima_298": 0.034558989107608795,
            "lima_374": 0.005637151189148426,
            "lima_965": -0.016166459769010544,
            "lima_140": -0.01849408447742462,
            "lima_837": -0.03849422186613083
        },
        "lima_299": {
            "lima_299": -0.011547284200787544,
            "lima_559": 0.003120811190456152,
            "lima_413": -0.04966523498296738,
            "lima_973": -0.011648988351225853,
            "lima_572": 0.025421056896448135
        },
        "lima_300": {
            "lima_300": 0.0162508562207222,
            "lima_264": 0.019491396844387054,
            "lima_819": -0.0031893951818346977,
            "lima_162": -0.01333657931536436,
            "lima_83": -0.015203917399048805
        },
        "lima_301": {
            "lima_301": 0.007585100829601288,
            "lima_40": -0.0008978003170341253,
            "lima_431": -0.0070281922817230225,
            "lima_152": 0.007074606604874134,
            "lima_188": -0.023199856281280518
        }
    },
    "58838016": {
        "lima_282": {
            "lima_282": -0.03677452355623245,
            "lima_342": 0.0011031044414266944,
            "lima_905": 0.00228249398060143,
            "lima_290": 0.005269003100693226,
            "lima_396": -0.00298496475443244
        },
        "lima_283": {
            "lima_283": 0.014198752120137215,
            "lima_37": 0.009397154673933983,
            "lima_203": 0.009328397922217846,
            "lima_172": -0.0034832055680453777,
            "lima_374": 0.010233390145003796
        },
        "lima_284": {
            "lima_284": -0.038153864443302155,
            "lima_173": 0.0024258641060441732,
            "lima_364": -0.0006893220124766231,
            "lima_397": 0.0024568832013756037,
            "lima_318": -0.0019561308436095715
        },
        "lima_285": {
            "lima_285": 0.005895053036510944,
            "lima_294": -0.015811562538146973,
            "lima_223": 0.017116375267505646,
            "lima_138": -0.006316375453025103,
            "lima_178": 0.00377358915284276
        },
        "lima_286": {
            "lima_286": -0.010213684290647507,
            "lima_190": 0.015405035577714443,
            "lima_173": 0.006413761992007494,
            "lima_293": -0.0033381590619683266,
            "lima_205": -0.0034061588812619448
        },
        "lima_287": {
            "lima_287": 0.0005312417633831501,
            "lima_225": -0.017067022621631622,
            "lima_123": -0.018138686195015907,
            "lima_319": -0.006502359174191952,
            "lima_83": -0.005149605683982372
        },
        "lima_288": {
            "lima_288": -0.00534780602902174,
            "lima_145": -0.008396459743380547,
            "lima_380": -0.01008085161447525,
            "lima_130": -0.00045149915968067944,
            "lima_364": -0.0004323277098592371
        },
        "lima_289": {
            "lima_289": 0.006515768356621265,
            "lima_81": -0.016741100698709488,
            "lima_316": -0.00603434257209301,
            "lima_227": 0.00010816632129717618,
            "lima_391": 0.005706217139959335
        },
        "lima_290": {
            "lima_290": 0.001356624299660325,
            "lima_22": -0.02470204420387745,
            "lima_98": -0.006663051899522543,
            "lima_225": 0.0038202637806534767,
            "lima_281": -0.00825563259422779
        },
        "lima_291": {
            "lima_291": 0.01887619122862816,
            "lima_167": -0.004031752236187458,
            "lima_57": 0.002981136552989483,
            "lima_438": -0.018186338245868683,
            "lima_819": 0.004284036345779896
        },