{
    "11767808": {
        "lima_751": {
            "lima_751": -0.012922791764140129,
            "lima_587": 0.01350255124270916,
            "lima_491": 0.016732189804315567,
            "lima_646": -0.019062381237745285,
            "lima_583": -0.02911856397986412
        },
        "lima_752": {
            "lima_752": -0.0328211635351181,
            "lima_290": 0.004530423786491156,
            "lima_6": -0.0016354010440409184,
            "lima_588": 0.003898531198501587,
            "lima_462": -0.008285671472549438
        },
        "lima_753": {
            "lima_374": 0.0030746005941182375,
            "lima_753": 0.014522768557071686,
            "lima_615": -0.0026973553467541933,
            "lima_512": -0.01166386716067791,
            "lima_588": -0.024956392124295235
        },
        "lima_754": {
            "lima_754": 0.0131868626922369,
            "lima_428": -0.0001602435950189829,
            "lima_279": -0.009628730826079845,
            "lima_11": -0.017585929483175278,
            "lima_48": -0.01898682303726673
        },
        "lima_755": {
            "lima_755": -0.010605552233755589,
            "lima_11": -0.014626916497945786,
            "lima_119": 0.012883145362138748,
            "lima_157": 0.006875508930534124,
            "lima_387": -0.008483847603201866
        },
        "lima_756": {
            "lima_756": -0.05702383071184158,
            "lima_374": 0.011253029108047485,
            "lima_720": -0.01199709065258503,
            "lima_711": -0.02615726739168167,
            "lima_837": -0.03217972069978714
        },
        "lima_757": {
            "lima_757": -0.021222278475761414,
            "lima_315": -0.002960165496915579,
            "lima_759": -0.0004010730772279203,
            "lima_671": -0.018313981592655182,
            "lima_462": -0.015291918069124222
        },
        "lima_758": {
            "lima_758": -0.027950283139944077,
            "lima_512": -0.008186319842934608,
            "lima_588": 0.0006919018924236298,
            "lima_489": 0.015352362766861916,
            "lima_583": -0.009268935769796371
        },
        "lima_759": {
            "lima_374": 0.009048862382769585,
            "lima_588": -0.017548609524965286,
            "lima_759": -0.04058576375246048,
            "lima_380": 0.002276054350659251,
            "lima_98": 0.002974404953420162
        },
        "lima_760": {
            "lima_11": -0.017354771494865417,
            "lima_101": -0.012815983034670353,
            "lima_52": -0.010895312763750553,
            "lima_279": 0.003542971797287464,
            "lima_760": -0.00673421286046505
        },
        "lima_761": {
            "lima_199": -0.006628655828535557,
            "lima_761": -0.06389770656824112,
            "lima_374": 0.001300558913499117,
            "lima_440": -0.007116730324923992,
            "lima_837": -0.0377301424741745
        },
        "lima_762": {
            "lima_587": 0.0117350397631526,
            "lima_40": -0.000915400916710496,
            "lima_762": -0.013727620244026184,
            "lima_862": 0.013820664957165718,
            "lima_583": -0.009673008695244789
        },
        "lima_763": {
            "lima_763": -0.019500382244586945,
            "lima_961": 0.0205075666308403,
            "lima_409": -0.054215118288993835,
            "lima_604": -0.02420397475361824,
            "lima_134": -0.005405081436038017
        },
        "lima_764": {
            "lima_764": -0.010746277868747711,
            "lima_80": -0.007263200357556343,
            "lima_611": -0.0050283679738640785,
            "lima_205": 0.005514820106327534,
            "lima_512": -0.01927870139479637
        },
        "lima_765": {
            "lima_587": 0.01596924476325512,
            "lima_462": -0.03281576931476593,
            "lima_6": 0.0068751135841012,
            "lima_134": 0.0003307696315459907,
            "lima_765": -0.0256374329328537
        },
        "lima_766": {
            "lima_766": -0.0062105292454361916,
            "lima_282": -0.01586265116930008,
            "lima_40": -0.008073821663856506,
            "lima_187": 0.000566128350328654,
            "lima_191": -0.0020723571069538593
        },
        "lima_767": {
            "lima_587": -0.005891025997698307,
            "lima_6": -0.0068031176924705505,
            "lima_134": -0.00703818816691637,
            "lima_462": -0.04389723762869835,
            "lima_767": 0.0015851686475798488
        },
        "lima_768": {
            "lima_768": -0.0020488398149609566,
            "lima_80": -0.004817838780581951,
            "lima_395": 0.007353038992732763,
            "lima_196": -0.016464658081531525,
            "lima_164": -0.0005222741747274995
        },
        "lima_769": {
            "lima_769": -0.0009299697121605277,
            "lima_587": 0.01035054586827755,
            "lima_55": 0.010548638179898262,
            "lima_916": -0.0019919192418456078,
            "lima_601": -0.01888861693441868
        },
        "lima_770": {
            "lima_770": 0.003677442204207182,
            "lima_40": 0.008096275851130486,
            "lima_136": 0.0012683803215622902,
            "lima_374": 0.0030586272478103638,
            "lima_837": -0.01810910552740097
        }
    },
    "58838016": {
        "lima_751": {
            "lima_751": -0.013460630550980568,
            "lima_587": 0.013220317661762238,
            "lima_491": 0.01668117195367813,
            "lima_646": -0.01873658411204815,
            "lima_583": -0.02905159257352352
        },
        "lima_752": {
            "lima_752": -0.03286221995949745,
            "lima_290": 0.004579906351864338,
            "lima_6": -0.0015681255608797073,
            "lima_588": 0.004273541737347841,
            "lima_462": -0.008368761278688908
        },
        "lima_753": {
            "lima_374": 0.003121682908385992,
            "lima_753": 0.01466444507241249,
            "lima_615": -0.0022810259833931923,
            "lima_512": -0.011399994604289532,
            "lima_588": -0.025031063705682755
        },
        "lima_754": {
            "lima_754": 0.012998944148421288,
            "lima_428": 8.262027404271066e-05,
            "lima_279": -0.0094157624989748,
            "lima_11": -0.017134128138422966,
            "lima_48": -0.018851429224014282
        },
        "lima_755": {
            "lima_755": -0.009768333286046982,
            "lima_11": -0.014938680455088615,
            "lima_119": 0.012983670458197594,
            "lima_157": 0.0068696727976202965,
            "lima_387": -0.009072110056877136
        },
        "lima_756": {
            "lima_756": -0.05651918053627014,
            "lima_374": 0.010768301784992218,
            "lima_720": -0.012265892699360847,
            "lima_711": -0.02583352103829384,
            "lima_837": -0.03237307071685791
        },
        "lima_757": {
            "lima_757": -0.021381599828600883,
            "lima_315": -0.003025663550943136,
            "lima_759": -0.0008579625864513218,
            "lima_671": -0.0183191429823637,
            "lima_462": -0.015740852802991867
        },
        "lima_758": {
            "lima_758": -0.027794906869530678,
            "lima_512": -0.0076767075806856155,
            "lima_588": 0.0006164632504805923,
            "lima_489": 0.015739182010293007,
            "lima_583": -0.009614610113203526
        },
        "lima_759": {
            "lima_374": 0.009343907237052917,
            "lima_588": -0.01790250837802887,
            "lima_759": -0.040669143199920654,
            "lima_380": 0.0021187742240726948,
            "lima_98": 0.0024134765844792128
        },
        "lima_760": {
            "lima_11": -0.016885042190551758,
            "lima_101": -0.012634127400815487,
            "lima_52": -0.011195782572031021,
            "lima_279": 0.0032221991568803787,
            "lima_760": -0.0062941317446529865
        },