{
    "11767808": {
        "lima_242": {
            "lima_242": 0.002813363913446665,
            "lima_224": 0.05074363201856613,
            "lima_139": 0.012443936429917812,
            "lima_197": 0.002459944225847721,
            "lima_999": -0.007459038868546486
        },
        "lima_243": {
            "lima_243": -0.01096552237868309,
            "lima_203": -0.011655502021312714,
            "lima_251": -0.003933239728212357,
            "lima_172": -0.006541121285408735,
            "lima_253": -0.014176660217344761
        },
        "lima_244": {
            "lima_244": -0.02121642790734768,
            "lima_374": 0.0026607890613377094,
            "lima_205": 0.0007627529557794333,
            "lima_512": -0.024113278836011887,
            "lima_588": -0.009083719924092293
        },
        "lima_245": {
            "lima_245": -0.031655553728342056,
            "lima_263": -0.020538033917546272,
            "lima_292": -0.028892893344163895,
            "lima_273": -0.013319532386958599,
            "lima_260": -0.022280355915427208
        },
        "lima_246": {
            "lima_246": -0.023671522736549377,
            "lima_438": -0.02510688453912735,
            "lima_328": -0.007416600361466408,
            "lima_100": -0.0006141681224107742,
            "lima_386": 0.009485045447945595
        },
        "lima_247": {
            "lima_247": -0.009262939915060997,
            "lima_145": -0.010909542441368103,
            "lima_972": 0.007816650904715061,
            "lima_211": -0.014270857907831669,
            "lima_808": -0.02638813853263855
        },
        "lima_248": {
            "lima_248": 0.003703748807311058,
            "lima_393": -0.0004376996657811105,
            "lima_179": -0.006188614293932915,
            "lima_283": 0.00309923873282969,
            "lima_22": -0.003716766834259033
        },
        "lima_249": {
            "lima_249": 0.010304097086191177,
            "lima_98": 0.007183182053267956,
            "lima_145": 0.0006049883086234331,
            "lima_270": 0.0028563090600073338,
            "lima_166": -0.009455249644815922
        },
        "lima_250": {
            "lima_250": 0.0021726987324655056,
            "lima_395": -0.013335412368178368,
            "lima_211": -0.008639233186841011,
            "lima_391": -0.0036819877568632364,
            "lima_271": 0.0012541264295578003
        },
        "lima_251": {
            "lima_251": -0.012465747073292732,
            "lima_243": -0.011531607247889042,
            "lima_922": 0.011195600032806396,
            "lima_514": 0.008335454389452934,
            "lima_330": -8.449555025435984e-05
        },
        "lima_252": {
            "lima_252": -0.03689983859658241,
            "lima_364": -0.008917884901165962,
            "lima_190": 0.03876762464642525,
            "lima_391": -0.011695222929120064,
            "lima_83": -0.014806960709393024
        },
        "lima_253": {
            "lima_253": -0.05159483850002289,
            "lima_1": 0.0035765510983765125,
            "lima_172": 0.006985984276980162,
            "lima_211": 0.005133901722729206,
            "lima_83": -0.005904914811253548
        },
        "lima_254": {
            "lima_254": -0.046073559671640396,
            "lima_394": -0.035640016198158264,
            "lima_260": -0.04098547250032425,
            "lima_292": -0.021489404141902924,
            "lima_335": -0.022480132058262825
        },
        "lima_255": {
            "lima_255": -0.012281701900064945,
            "lima_195": -0.005132053047418594,
            "lima_69": -0.01053592562675476,
            "lima_411": -0.012520300224423409,
            "lima_241": -0.013913549482822418
        },
        "lima_256": {
            "lima_256": -0.01682358793914318,
            "lima_290": -0.0029946472495794296,
            "lima_275": 0.009258107282221317,
            "lima_27": 0.014036748558282852,
            "lima_316": 0.011571235954761505
        },
        "lima_257": {
            "lima_257": 0.07189372181892395,
            "lima_475": -0.020665407180786133,
            "lima_380": 0.0002713055582717061,
            "lima_266": -0.004516293294727802,
            "lima_393": -0.009861202910542488
        },
        "lima_258": {
            "lima_258": -0.010401302948594093,
            "lima_69": -0.020454779267311096,
            "lima_272": 0.0033702522050589323,
            "lima_48": -0.02725799009203911,
            "lima_240": -0.00429899524897337
        },
        "lima_259": {
            "lima_259": 0.0002881241962313652,
            "lima_430": 0.007903411984443665,
            "lima_290": 0.002361901104450226,
            "lima_296": 0.00556700536981225,
            "lima_203": 0.006754561327397823
        },
        "lima_260": {
            "lima_260": -0.024646447971463203,
            "lima_273": -0.008251506835222244,
            "lima_242": -0.008390802890062332,
            "lima_254": -0.020092612132430077,
            "lima_245": -0.024913465604186058
        },
        "lima_261": {
            "lima_261": 0.045255355536937714,
            "lima_572": 0.03168901428580284,
            "lima_307": 0.02910742536187172,
            "lima_117": -0.01743055321276188,
            "lima_111": -0.015455721877515316
        }
    },
    "58838016": {
        "lima_242": {
            "lima_242": 0.00289333937689662,
            "lima_224": 0.05056154355406761,
            "lima_139": 0.012745015323162079,
            "lima_197": 0.0029968591406941414,
            "lima_999": -0.007579158991575241
        },
        "lima_243": {
            "lima_243": -0.010979799553751945,
            "lima_203": -0.01163627952337265,
            "lima_251": -0.003812212962657213,
            "lima_172": -0.006408029235899448,
            "lima_253": -0.014181312173604965
        },
        "lima_244": {
            "lima_244": -0.02093430981040001,
            "lima_374": 0.0028648613952100277,
            "lima_205": 0.0010911333374679089,
            "lima_512": -0.02509091980755329,
            "lima_588": -0.008909596130251884
        },
        "lima_245": {
            "lima_245": -0.03209691867232323,
            "lima_263": -0.02079780399799347,
            "lima_292": -0.02890944853425026,
            "lima_273": -0.013264071196317673,
            "lima_260": -0.022114958614110947
        },
        "lima_246": {
            "lima_246": -0.02291284129023552,
            "lima_438": -0.025230448693037033,
            "lima_328": -0.007768864743411541,
            "lima_100": -7.182026456575841e-05,
            "lima_386": 0.009856157004833221
        },
        "lima_247": {
            "lima_247": -0.009122520685195923,
            "lima_145": -0.011196649633347988,
            "lima_972": 0.008211981505155563,
            "lima_211": -0.014390889555215836,
            "lima_808": -0.02583930641412735
        },
        "lima_248": {
            "lima_248": 0.0038420583587139845,
            "lima_393": -0.0006184871890582144,
            "lima_179": -0.006145556457340717,
            "lima_283": 0.0031187233980745077,
            "lima_22": -0.002938059624284506
        },
        "lima_249": {
            "lima_249": 0.010427354834973812,
            "lima_98": 0.007240961771458387,
            "lima_145": 9.254041651729494e-05,
            "lima_270": 0.0027751235757023096,
            "lima_166": -0.009774291887879372
        },
        "lima_250": {
            "lima_250": 0.002450035884976387,
            "lima_395": -0.01336269173771143,
            "lima_211": -0.008020313456654549,
            "lima_391": -0.0037710722535848618,
            "lima_271": 0.0015041469596326351
        },
        "lima_251": {
            "lima_251": -0.012909757904708385,
            "lima_243": -0.011853870935738087,
            "lima_922": 0.010964631102979183,
            "lima_514": 0.008100279606878757,
            "lima_330": -0.0002460793766658753
        },