{
    "11767808": {
        "lima_383": {
            "lima_383": 4.788720980286598e-05,
            "lima_270": -0.010530753061175346,
            "lima_290": -0.0015049250796437263,
            "lima_235": -0.01139198150485754,
            "lima_147": -0.014250418171286583
        },
        "lima_384": {
            "lima_384": -0.023993350565433502,
            "lima_762": -0.005055549554526806,
            "lima_31": -0.007953152991831303,
            "lima_908": 0.013193076476454735,
            "lima_319": -0.017291611060500145
        },
        "lima_385": {
            "lima_385": 0.0039682695642113686,
            "lima_290": 0.0011217710562050343,
            "lima_283": 0.0029745984356850386,
            "lima_841": 0.01464476902037859,
            "lima_867": 0.019528236240148544
        },
        "lima_386": {
            "lima_386": 0.019957533106207848,
            "lima_255": 0.001670328201726079,
            "lima_328": -0.016284432262182236,
            "lima_23": 0.006395834498107433,
            "lima_316": 0.0042338441126048565
        },
        "lima_387": {
            "lima_387": -0.023576248437166214,
            "lima_11": -0.02659817598760128,
            "lima_137": -0.012554215267300606,
            "lima_934": -0.0058258939534425735,
            "lima_157": 0.003265725215896964
        },
        "lima_388": {
            "lima_388": 0.007394352462142706,
            "lima_972": 0.028268475085496902,
            "lima_925": -0.011360247619450092,
            "lima_902": -0.010028725489974022,
            "lima_953": 0.008397812023758888
        },
        "lima_389": {
            "lima_389": 0.01086127944290638,
            "lima_208": -0.006340725347399712,
            "lima_255": -0.0031533550936728716,
            "lima_252": 0.0022077406756579876,
            "lima_327": -0.0038510423619300127
        },
        "lima_390": {
            "lima_390": -0.01441787090152502,
            "lima_9": 0.00421674782410264,
            "lima_191": 0.0031581385992467403,
            "lima_43": -0.0026503370609134436,
            "lima_174": 0.012776171788573265
        },
        "lima_391": {
            "lima_391": 0.0050904592499136925,
            "lima_215": -0.011569898575544357,
            "lima_249": -0.0010440661571919918,
            "lima_172": -0.012722872197628021,
            "lima_163": 0.007473587989807129
        },
        "lima_392": {
            "lima_392": -0.039839163422584534,
            "lima_506": -0.03167181462049484,
            "lima_520": -0.0506502166390419,
            "lima_216": -0.014971962198615074,
            "lima_228": 0.037368420511484146
        },
        "lima_393": {
            "lima_393": 0.00583389587700367,
            "lima_69": -0.007158746011555195,
            "lima_64": -0.003031620290130377,
            "lima_342": 0.005566146224737167,
            "lima_1": 0.010713932104408741
        },
        "lima_394": {
            "lima_394": 0.0017894465709105134,
            "lima_680": -0.001681934343650937,
            "lima_254": -0.016914192587137222,
            "lima_485": -0.002298900159075856,
            "lima_273": -0.006844763178378344
        },
        "lima_395": {
            "lima_395": -0.022961236536502838,
            "lima_56": 0.002049412112683058,
            "lima_49": -0.008052941411733627,
            "lima_250": -0.009927855804562569,
            "lima_319": -0.018330812454223633
        },
        "lima_396": {
            "lima_396": -0.00022401392925530672,
            "lima_801": -0.010721233673393726,
            "lima_259": 0.010573490522801876,
            "lima_103": 0.009823196567595005,
            "lima_179": -0.005758711136877537
        },
        "lima_397": {
            "lima_397": -0.003777415957301855,
            "lima_158": 0.007173747755587101,
            "lima_499": 0.001117839477956295,
            "lima_123": -0.010649185627698898,
            "lima_231": 0.01965215802192688
        },
        "lima_398": {
            "lima_398": 0.04706859216094017,
            "lima_127": -0.015449750237166882,
            "lima_896": 0.034849125891923904,
            "lima_950": 0.04779772087931633,
            "lima_988": 0.019919103011488914
        },
        "lima_399": {
            "lima_399": 0.00044654490193352103,
            "lima_359": 0.01716400496661663,
            "lima_57": -0.005925196222960949,
            "lima_357": 0.017809297889471054,
            "lima_145": -0.009052356705069542
        },
        "lima_400": {
            "lima_2": -0.021183127537369728,
            "lima_7": -0.0010352134704589844,
            "lima_400": -0.07135014981031418,
            "lima_316": -0.0072531672194600105,
            "lima_44": -0.0018252416048198938
        },
        "lima_401": {
            "lima_401": -0.016788756474852562,
            "lima_301": -0.0011984131997451186,
            "lima_998": -0.025428924709558487,
            "lima_214": -0.01085045374929905,
            "lima_919": -0.019227053970098495
        },
        "lima_402": {
            "lima_402": -0.059149011969566345,
            "lima_11": -0.020425263792276382,
            "lima_552": 0.006075276993215084,
            "lima_523": 0.010774115100502968,
            "lima_944": -0.007853423245251179
        }
    },
    "58838016": {
        "lima_383": {
            "lima_383": 0.00027560521266423166,
            "lima_270": -0.010618103668093681,
            "lima_290": -0.001946103060618043,
            "lima_235": -0.011336705647408962,
            "lima_147": -0.014014732092618942
        },
        "lima_384": {
            "lima_384": -0.024709898978471756,
            "lima_762": -0.005261600948870182,
            "lima_31": -0.008113306015729904,
            "lima_908": 0.013821065425872803,
            "lima_319": -0.016639208421111107
        },
        "lima_385": {
            "lima_385": 0.003263798775151372,
            "lima_290": 0.0011294764699414372,
            "lima_283": 0.0034107216633856297,
            "lima_841": 0.014678234234452248,
            "lima_867": 0.019656969234347343
        },
        "lima_386": {
            "lima_386": 0.01990427076816559,
            "lima_255": 0.001484861597418785,
            "lima_328": -0.01647580787539482,
            "lima_23": 0.006963586434721947,
            "lima_316": 0.004600119777023792
        },
        "lima_387": {
            "lima_387": -0.02314087375998497,
            "lima_11": -0.026918089017271996,
            "lima_137": -0.01239250972867012,
            "lima_934": -0.005440490320324898,
            "lima_157": 0.0035188416950404644
        },
        "lima_388": {
            "lima_388": 0.0068470509722828865,
            "lima_972": 0.02805146388709545,
            "lima_925": -0.01126057468354702,
            "lima_902": -0.008800964802503586,
            "lima_953": 0.008578415960073471
        },
        "lima_389": {
            "lima_389": 0.01115086954087019,
            "lima_208": -0.006027014926075935,
            "lima_255": -0.003198909107595682,
            "lima_252": 0.001899948576465249,
            "lima_327": -0.004130860790610313
        },
        "lima_390": {
            "lima_390": -0.014528037048876286,
            "lima_9": 0.004126913379877806,
            "lima_191": 0.003391561098396778,
            "lima_43": -0.002304029418155551,
            "lima_174": 0.012565499171614647
        },
        "lima_391": {
            "lima_391": 0.005544689483940601,
            "lima_215": -0.011718599125742912,
            "lima_249": -0.0008822327363304794,
            "lima_172": -0.013402814045548439,
            "lima_163": 0.007571457419544458
        },
        "lima_392": {
            "lima_392": -0.04002733901143074,
            "lima_506": -0.03180185705423355,
            "lima_520": -0.05070977285504341,
            "lima_216": -0.014927045442163944,
            "lima_228": 0.03780393674969673
        },