{
    "11767808": {
        "lima_648": {
            "lima_648": 0.0036482717841863632,
            "lima_374": -0.003865457372739911,
            "lima_512": 0.0021155402064323425,
            "lima_588": 0.007009340915828943,
            "lima_205": -0.001454617828130722
        },
        "lima_649": {
            "lima_649": -0.028874561190605164,
            "lima_89": 0.001743791624903679,
            "lima_374": 0.005982177332043648,
            "lima_588": -0.03841039538383484,
            "lima_380": -0.017758209258317947
        },
        "lima_650": {
            "lima_650": -0.033642686903476715,
            "lima_11": -0.00797069538384676,
            "lima_52": -0.012719804421067238,
            "lima_237": -0.013377645052969456,
            "lima_48": -0.009358873590826988
        },
        "lima_651": {
            "lima_651": -0.003883908735588193,
            "lima_587": -0.0017345381202176213,
            "lima_763": -0.024404723197221756,
            "lima_820": -0.01659618504345417,
            "lima_134": -0.012872504070401192
        },
        "lima_652": {
            "lima_652": 0.0005809318390674889,
            "lima_489": 0.013745937496423721,
            "lima_536": -0.015656117349863052,
            "lima_583": 0.005830666050314903,
            "lima_169": -0.000235706043895334
        },
        "lima_653": {
            "lima_653": -0.024799972772598267,
            "lima_587": 0.021103650331497192,
            "lima_462": -0.02378506027162075,
            "lima_729": -0.027921073138713837,
            "lima_41": -0.012427611276507378
        },
        "lima_654": {
            "lima_11": -0.005625477991998196,
            "lima_279": -0.00859273225069046,
            "lima_361": -0.007501786109060049,
            "lima_41": -0.011699600145220757,
            "lima_654": -0.06390473246574402
        },
        "lima_655": {
            "lima_655": -0.04434271529316902,
            "lima_725": 0.01494879461824894,
            "lima_55": 0.01203969120979309,
            "lima_249": -0.014407018199563026,
            "lima_463": -0.015313904732465744
        },
        "lima_656": {
            "lima_656": 0.0009547931258566678,
            "lima_587": 0.025131814181804657,
            "lima_6": 0.022395700216293335,
            "lima_816": 0.01677376963198185,
            "lima_462": -0.009516669437289238
        },
        "lima_657": {
            "lima_657": 0.005792415700852871,
            "lima_344": -0.011137657798826694,
            "lima_6": 0.01632298156619072,
            "lima_134": -0.005398170091211796,
            "lima_462": -0.01368025690317154
        },
        "lima_658": {
            "lima_658": -0.07171918451786041,
            "lima_587": -0.0056079900823533535,
            "lima_40": -0.005905919708311558,
            "lima_136": -0.00853710062801838,
            "lima_6": -0.002182562369853258
        },
        "lima_659": {
            "lima_659": -0.022532735019922256,
            "lima_176": 0.0025150661822408438,
            "lima_177": -0.011573552154004574,
            "lima_6": 0.008124331012368202,
            "lima_462": -0.028366688638925552
        },
        "lima_660": {
            "lima_660": -0.040296293795108795,
            "lima_55": -0.002898833714425564,
            "lima_249": -0.007279491983354092,
            "lima_195": -0.007404685486108065,
            "lima_489": -0.024132288992404938
        },
        "lima_661": {
            "lima_587": 0.010099726729094982,
            "lima_661": -0.057389263063669205,
            "lima_583": -0.02819576859474182,
            "lima_551": -0.04657118767499924,
            "lima_195": -0.0018902737647294998
        },
        "lima_662": {
            "lima_662": -0.006064302287995815,
            "lima_55": 0.034281015396118164,
            "lima_274": 0.0018963002366945148,
            "lima_6": 0.0074472129344940186,
            "lima_134": -0.009540862403810024
        },
        "lima_663": {
            "lima_663": -0.002783724805340171,
            "lima_748": -0.02018076926469803,
            "lima_642": -0.04096877947449684,
            "lima_528": -0.02695656754076481,
            "lima_380": -0.020006021484732628
        },
        "lima_664": {
            "lima_664": -0.004333952441811562,
            "lima_364": 0.008296441286802292,
            "lima_721": 0.007654703222215176,
            "lima_368": -0.005214093718677759,
            "lima_279": -0.004378973506391048
        },
        "lima_665": {
            "lima_665": 0.002933736890554428,
            "lima_11": 0.002183270640671253,
            "lima_147": -0.010497689247131348,
            "lima_909": -0.022080905735492706,
            "lima_52": 0.005407092161476612
        },
        "lima_666": {
            "lima_666": -0.004369168542325497,
            "lima_6": -0.0007561467355117202,
            "lima_462": -0.019412348046898842,
            "lima_176": 0.012094768695533276,
            "lima_315": 0.0015668303240090609
        },
        "lima_667": {
            "lima_279": -0.0015667349798604846,
            "lima_11": -0.0003460950683802366,
            "lima_667": -0.027611255645751953,
            "lima_462": -0.01972171664237976,
            "lima_41": -0.005289103835821152
        }
    },
    "58838016": {
        "lima_648": {
            "lima_648": 0.003949811682105064,
            "lima_374": -0.004249000921845436,
            "lima_512": 0.0020767669193446636,
            "lima_588": 0.00738130696117878,
            "lima_205": -0.0011962128337472677
        },
        "lima_649": {
            "lima_649": -0.028992749750614166,
            "lima_89": 0.0018780457321554422,
            "lima_374": 0.006433195434510708,
            "lima_588": -0.0379432737827301,
            "lima_380": -0.018250111490488052
        },
        "lima_650": {
            "lima_650": -0.03389737755060196,
            "lima_11": -0.007197652943432331,
            "lima_52": -0.012462109327316284,
            "lima_237": -0.013413771986961365,
            "lima_48": -0.009447735734283924
        },
        "lima_651": {
            "lima_651": -0.004152774810791016,
            "lima_587": -0.002537041436880827,
            "lima_763": -0.023910362273454666,
            "lima_820": -0.0164865143597126,
            "lima_134": -0.013150322251021862
        },
        "lima_652": {
            "lima_652": 0.0009546644287183881,
            "lima_489": 0.01348983682692051,
            "lima_536": -0.015265414491295815,
            "lima_583": 0.005776125472038984,
            "lima_169": -0.0008730756817385554
        },
        "lima_653": {
            "lima_653": -0.024546470493078232,
            "lima_587": 0.020795853808522224,
            "lima_462": -0.0236564539372921,
            "lima_729": -0.02729269489645958,
            "lima_41": -0.012504452839493752
        },
        "lima_654": {
            "lima_11": -0.005157487466931343,
            "lima_279": -0.008059334941208363,
            "lima_361": -0.007159074302762747,
            "lima_41": -0.011655321344733238,
            "lima_654": -0.06369458138942719
        },
        "lima_655": {
            "lima_655": -0.0438271202147007,
            "lima_725": 0.01455608382821083,
            "lima_55": 0.012157943099737167,
            "lima_249": -0.014173085801303387,
            "lima_463": -0.014956426806747913
        },
        "lima_656": {
            "lima_656": 0.0008658765000291169,
            "lima_587": 0.024130549281835556,
            "lima_6": 0.0220494382083416,
            "lima_816": 0.016934096813201904,
            "lima_462": -0.009830393828451633
        },
        "lima_657": {
            "lima_657": 0.00511003565043211,
            "lima_344": -0.011271309107542038,
            "lima_6": 0.01670456863939762,
            "lima_134": -0.004516910761594772,
            "lima_462": -0.013903705403208733
        },