{
    "11767808": {
        "lima_504": {
            "lima_504": -0.017946623265743256,
            "lima_293": -0.00841318815946579,
            "lima_303": 0.009895199909806252,
            "lima_294": -0.006321609485894442,
            "lima_347": -0.008268674835562706
        },
        "lima_505": {
            "lima_505": -0.03715386986732483,
            "lima_559": -0.006894850172102451,
            "lima_794": -0.033643752336502075,
            "lima_503": 0.0015128090744838119,
            "lima_464": -0.016220498830080032
        },
        "lima_506": {
            "lima_506": -0.048805657774209976,
            "lima_175": 0.00834596622735262,
            "lima_581": -0.004472485277801752,
            "lima_465": -0.004349792841821909,
            "lima_521": 0.026751454919576645
        },
        "lima_507": {
            "lima_507": -0.0060503482818603516,
            "lima_863": 0.006392889656126499,
            "lima_810": 0.025814304128289223,
            "lima_956": 0.002045095432549715,
            "lima_876": 0.007369609549641609
        },
        "lima_508": {
            "lima_508": -0.11410270631313324,
            "lima_510": 0.05211853235960007,
            "lima_577": -0.030493589118123055,
            "lima_726": -0.00177888129837811,
            "lima_521": 0.021183328703045845
        },
        "lima_509": {
            "lima_509": -0.011210883036255836,
            "lima_454": -0.03159000724554062,
            "lima_549": -0.009014416486024857,
            "lima_586": -0.029276063665747643,
            "lima_559": -0.010065199807286263
        },
        "lima_510": {
            "lima_510": 0.048484548926353455,
            "lima_374": 0.009800007566809654,
            "lima_37": -0.02281038463115692,
            "lima_283": -3.506694338284433e-05,
            "lima_203": 0.007782242726534605
        },
        "lima_511": {
            "lima_511": 0.019780535250902176,
            "lima_23": -3.7306686863303185e-05,
            "lima_441": -0.01792120188474655,
            "lima_961": -0.00739684933796525,
            "lima_316": -0.001353284576907754
        },
        "lima_512": {
            "lima_512": -0.047418344765901566,
            "lima_411": -0.014366216957569122,
            "lima_435": 0.010380104184150696,
            "lima_262": 0.0012298688525334,
            "lima_205": -0.0035486756823956966
        },
        "lima_513": {
            "lima_513": 0.008737150579690933,
            "lima_487": 0.04178575426340103,
            "lima_431": 0.0012820151168853045,
            "lima_539": -0.016528770327568054,
            "lima_534": 0.006103730760514736
        },
        "lima_514": {
            "lima_514": 0.019011586904525757,
            "lima_251": -0.02230176143348217,
            "lima_134": -0.005907448939979076,
            "lima_563": 0.025051970034837723,
            "lima_922": 0.016533173620700836
        },
        "lima_515": {
            "lima_515": -0.024530760943889618,
            "lima_420": 0.029705770313739777,
            "lima_415": -0.008084261789917946,
            "lima_406": -0.00010075350292026997,
            "lima_48": -0.003426183946430683
        },
        "lima_516": {
            "lima_410": 0.001654015388339758,
            "lima_281": -0.0013366029597818851,
            "lima_287": -0.0039866771548986435,
            "lima_93": 0.0024662220384925604,
            "lima_516": -0.014093635603785515
        },
        "lima_517": {
            "lima_517": -0.044817857444286346,
            "lima_512": -0.04160900413990021,
            "lima_392": -0.011383023113012314,
            "lima_436": 0.030070431530475616,
            "lima_462": -0.023249804973602295
        },
        "lima_518": {
            "lima_518": 0.01295943558216095,
            "lima_37": -0.02785227820277214,
            "lima_300": 0.008156743831932545,
            "lima_13": -0.011314048431813717,
            "lima_793": -0.02944725751876831
        },
        "lima_519": {
            "lima_519": 0.03661530464887619,
            "lima_597": -0.04294116050004959,
            "lima_161": -0.014439054764807224,
            "lima_587": 0.0024510687217116356,
            "lima_561": -0.04793073982000351
        },
        "lima_520": {
            "lima_520": -0.0005394829204306006,
            "lima_822": -0.005752084776759148,
            "lima_916": 0.006845977623015642,
            "lima_159": 0.0009455003309994936,
            "lima_176": -0.010363075882196426
        },
        "lima_521": {
            "lima_521": -0.01559915579855442,
            "lima_259": -0.0026946943253278732,
            "lima_852": -0.020792704075574875,
            "lima_582": -0.004821661859750748,
            "lima_374": 0.006781065370887518
        },
        "lima_522": {
            "lima_522": -0.11137492954730988,
            "lima_545": -0.021276485174894333,
            "lima_41": 0.004319349303841591,
            "lima_240": -0.014798296615481377,
            "lima_56": -0.011101068928837776
        },
        "lima_523": {
            "lima_523": 0.04653117060661316,
            "lima_49": -0.002023810986429453,
            "lima_347": -0.0034836274571716785,
            "lima_56": 0.002578871324658394,
            "lima_841": 0.004860544577240944
        }
    },
    "58838016": {
        "lima_504": {
            "lima_504": -0.017804894596338272,
            "lima_293": -0.008102953433990479,
            "lima_303": 0.010044298134744167,
            "lima_294": -0.005969846621155739,
            "lima_347": -0.007982425391674042
        },
        "lima_505": {
            "lima_505": -0.036860141903162,
            "lima_559": -0.006739695556461811,
            "lima_794": -0.033785492181777954,
            "lima_503": 0.001522802165709436,
            "lima_464": -0.016379041597247124
        },
        "lima_506": {
            "lima_506": -0.04803968220949173,
            "lima_175": 0.009027624502778053,
            "lima_581": -0.004126512445509434,
            "lima_465": -0.004079070407897234,
            "lima_521": 0.02672232873737812
        },
        "lima_507": {
            "lima_507": -0.00631442666053772,
            "lima_863": 0.006593587342649698,
            "lima_810": 0.025885237380862236,
            "lima_956": 0.001558707095682621,
            "lima_876": 0.007817554287612438
        },
        "lima_508": {
            "lima_508": -0.11456421762704849,
            "lima_510": 0.05229347571730614,
            "lima_577": -0.02991071715950966,
            "lima_726": -0.0015571988187730312,
            "lima_521": 0.02134929597377777
        },
        "lima_509": {
            "lima_509": -0.011381661519408226,
            "lima_454": -0.03141306713223457,
            "lima_549": -0.010311891324818134,
            "lima_586": -0.029505973681807518,
            "lima_559": -0.010051671415567398
        },
        "lima_510": {
            "lima_510": 0.048710569739341736,
            "lima_374": 0.010252472013235092,
            "lima_37": -0.023450763896107674,
            "lima_283": 0.00034032395342364907,
            "lima_203": 0.008094418793916702
        },
        "lima_511": {
            "lima_511": 0.019760578870773315,
            "lima_23": -0.00034190452424809337,
            "lima_441": -0.017957940697669983,
            "lima_961": -0.0065908352844417095,
            "lima_316": -0.0019329464994370937
        },
        "lima_512": {
            "lima_512": -0.0476585328578949,
            "lima_411": -0.01364041119813919,
            "lima_435": 0.00989516545087099,
            "lima_262": 0.0016293360386043787,
            "lima_205": -0.0033182951156049967
        },
        "lima_513": {
            "lima_513": 0.009149107150733471,
            "lima_487": 0.04168788343667984,
            "lima_431": 0.0009411673527210951,
            "lima_539": -0.016041535884141922,
            "lima_534": 0.005559510085731745
        },