{
    "11767808": {
        "lima_911": {
            "lima_240": -0.0036906753666698933,
            "lima_846": 0.0026219889987260103,
            "lima_838": -0.015886850655078888,
            "lima_905": -0.010761396959424019,
            "lima_911": -0.025746025145053864
        },
        "lima_912": {
            "lima_806": 0.0008015856146812439,
            "lima_814": -0.006434937939047813,
            "lima_842": 0.008721109479665756,
            "lima_938": -0.01075279712677002,
            "lima_912": -0.0051449378952383995
        },
        "lima_913": {
            "lima_913": 0.11554217338562012,
            "lima_988": -0.025979895144701004,
            "lima_306": 0.0039391531608998775,
            "lima_916": -0.018305707722902298,
            "lima_993": -0.0015153468120843172
        },
        "lima_914": {
            "lima_550": -0.0325748473405838,
            "lima_875": -0.007549946196377277,
            "lima_859": -0.013789288699626923,
            "lima_850": -0.03150104358792305,
            "lima_914": -0.02539801225066185
        },
        "lima_915": {
            "lima_228": -0.008921578526496887,
            "lima_374": 0.000266737537458539,
            "lima_203": 0.0015751027967780828,
            "lima_915": 0.007574446499347687,
            "lima_332": -0.004497643560171127
        },
        "lima_916": {
            "lima_916": -0.00808853842318058,
            "lima_988": 0.0049254558980464935,
            "lima_950": 0.05989783629775047,
            "lima_127": 0.006407906301319599,
            "lima_492": 0.024159902706742287
        },
        "lima_917": {
            "lima_806": 0.024726370349526405,
            "lima_561": -0.01628197357058525,
            "lima_814": 0.004117774777114391,
            "lima_842": 0.0001783143961802125,
            "lima_917": 0.012453528121113777
        },
        "lima_918": {
            "lima_918": -0.07070820033550262,
            "lima_315": 0.013431617990136147,
            "lima_988": -0.0025220150128006935,
            "lima_499": 0.014493657276034355,
            "lima_965": -0.007141863461583853
        },
        "lima_919": {
            "lima_364": -0.0024230482522398233,
            "lima_203": -0.003942323848605156,
            "lima_172": -0.0075827594846487045,
            "lima_37": -0.02073867991566658,
            "lima_919": -0.012637986801564693
        },
        "lima_920": {
            "lima_920": -0.0046549513936042786,
            "lima_300": 0.02969648502767086,
            "lima_264": 0.01822306029498577,
            "lima_209": 0.0012877880362793803,
            "lima_364": 0.0020981784909963608
        },
        "lima_921": {
            "lima_921": -0.0024061771109700203,
            "lima_80": -0.007648243568837643,
            "lima_806": 0.008053768426179886,
            "lima_240": 0.012520059943199158,
            "lima_270": -0.01164749264717102
        },
        "lima_922": {
            "lima_374": 0.0037359106354415417,
            "lima_163": -9.290350135415792e-06,
            "lima_225": 0.0004868273390457034,
            "lima_430": 0.0030050049535930157,
            "lima_922": -0.009816482663154602
        },
        "lima_923": {
            "lima_923": -0.00980103388428688,
            "lima_901": -0.025014817714691162,
            "lima_902": -0.02696419321000576,
            "lima_998": -0.019286399707198143,
            "lima_561": -0.03793586418032646
        },
        "lima_924": {
            "lima_924": -0.01407780684530735,
            "lima_109": -0.0044061485677957535,
            "lima_906": -0.009294436313211918,
            "lima_203": -0.0012105783680453897,
            "lima_245": -0.015413438901305199
        },
        "lima_925": {
            "lima_925": -0.024142133072018623,
            "lima_972": 0.026667479425668716,
            "lima_550": -0.02855537459254265,
            "lima_953": -0.004764067009091377,
            "lima_884": 0.01774398237466812
        },
        "lima_926": {
            "lima_926": -0.006691700778901577,
            "lima_808": 0.003121655900031328,
            "lima_927": -0.0093856705352664,
            "lima_1": 0.002586503280326724,
            "lima_100": -0.005558611825108528
        },
        "lima_927": {
            "lima_927": -0.02387263998389244,
            "lima_972": 0.029500218108296394,
            "lima_499": 0.022095894441008568,
            "lima_905": 0.020392749458551407,
            "lima_808": 0.0023282095789909363
        },
        "lima_928": {
            "lima_463": -0.0019263388821855187,
            "lima_196": 0.008693665266036987,
            "lima_379": -0.003310511354357004,
            "lima_428": -0.0065446887165308,
            "lima_928": -0.012055127881467342
        },
        "lima_929": {
            "lima_905": -0.006558189634233713,
            "lima_350": -0.010322771035134792,
            "lima_45": -0.00437272060662508,
            "lima_999": -0.008930692449212074,
            "lima_929": -0.020208247005939484
        },
        "lima_930": {
            "lima_930": -0.034250590950250626,
            "lima_819": 0.00271358760073781,
            "lima_159": -0.001944240415468812,
            "lima_950": 0.026183733716607094,
            "lima_233": -0.01034574769437313
        }
    },
    "58838016": {
        "lima_911": {
            "lima_240": -0.0034595467150211334,
            "lima_846": 0.0023157582618296146,
            "lima_838": -0.01563536562025547,
            "lima_905": -0.010493550449609756,
            "lima_911": -0.02545405551791191
        },
        "lima_912": {
            "lima_806": 0.0009554678690619767,
            "lima_814": -0.006368091329932213,
            "lima_842": 0.008480964228510857,
            "lima_938": -0.010057366453111172,
            "lima_912": -0.005039330571889877
        },
        "lima_913": {
            "lima_913": 0.11514905840158463,
            "lima_988": -0.025820836424827576,
            "lima_306": 0.0039210631512105465,
            "lima_916": -0.017847875133156776,
            "lima_993": -0.0022576770279556513
        },
        "lima_914": {
            "lima_550": -0.032623305916786194,
            "lima_875": -0.008426487445831299,
            "lima_859": -0.013906149193644524,
            "lima_850": -0.03174658864736557,
            "lima_914": -0.025917435064911842
        },
        "lima_915": {
            "lima_228": -0.008586818352341652,
            "lima_374": 0.00019938855257350951,
            "lima_203": 0.0019885979127138853,
            "lima_915": 0.007283207960426807,
            "lima_332": -0.004390411078929901
        },
        "lima_916": {
            "lima_916": -0.007719940505921841,
            "lima_988": 0.005563803017139435,
            "lima_950": 0.059080541133880615,
            "lima_127": 0.006845911033451557,
            "lima_492": 0.024324286729097366
        },
        "lima_917": {
            "lima_806": 0.0244147889316082,
            "lima_561": -0.016037771478295326,
            "lima_814": 0.0049375812523067,
            "lima_842": 0.00031313119689002633,
            "lima_917": 0.012266253121197224
        },
        "lima_918": {
            "lima_918": -0.07058242708444595,
            "lima_315": 0.01338228676468134,
            "lima_988": -0.0024034229572862387,
            "lima_499": 0.014519121497869492,
            "lima_965": -0.00716477120295167
        },
        "lima_919": {
            "lima_364": -0.0025043662171810865,
            "lima_203": -0.003561184275895357,
            "lima_172": -0.00782706867903471,
            "lima_37": -0.020407773554325104,
            "lima_919": -0.012893413193523884
        },
        "lima_920": {
            "lima_920": -0.004955373704433441,
            "lima_300": 0.029977191239595413,
            "lima_264": 0.01862943544983864,
            "lima_209": 0.000792768900282681,
            "lima_364": 0.001374445972032845
        },