{
    "11767808": {
        "lima_363": {
            "lima_363": 0.015247895382344723,
            "lima_380": -0.005908888764679432,
            "lima_205": 0.014175777323544025,
            "lima_348": 0.014391697943210602,
            "lima_512": -0.01889675110578537
        },
        "lima_364": {
            "lima_364": -0.009586969390511513,
            "lima_64": -0.014129944145679474,
            "lima_368": -0.007516451179981232,
            "lima_83": -0.013292444869875908,
            "lima_211": -0.0025053671561181545
        },
        "lima_365": {
            "lima_365": -0.09001240879297256,
            "lima_164": 0.004173556342720985,
            "lima_80": -0.010877734050154686,
            "lima_316": -0.016673292964696884,
            "lima_259": 0.007267593871802092
        },
        "lima_366": {
            "lima_366": 0.007041058968752623,
            "lima_106": -0.00566670298576355,
            "lima_98": -0.0024797574151307344,
            "lima_134": 0.009787308052182198,
            "lima_964": 0.0012413086369633675
        },
        "lima_367": {
            "lima_367": 0.0032983534038066864,
            "lima_368": -0.01424923911690712,
            "lima_294": -0.02571592479944229,
            "lima_376": 0.003949862904846668,
            "lima_126": -0.004842913709580898
        },
        "lima_368": {
            "lima_368": -0.006957535166293383,
            "lima_364": -0.0005125851021148264,
            "lima_367": -0.004960198421031237,
            "lima_231": 0.0021203181240707636,
            "lima_64": -0.010772365145385265
        },
        "lima_369": {
            "lima_369": -0.015904270112514496,
            "lima_315": 0.0071787526831030846,
            "lima_483": 0.007808482274413109,
            "lima_320": 0.010813881643116474,
            "lima_516": -0.03940070420503616
        },
        "lima_370": {
            "lima_370": 0.01830602064728737,
            "lima_287": -0.007719122339040041,
            "lima_138": -0.006237147841602564,
            "lima_83": -0.005729516968131065,
            "lima_183": -0.011674365028738976
        },
        "lima_371": {
            "lima_371": 0.002378544770181179,
            "lima_183": 0.0002846080460585654,
            "lima_73": 0.0020410390570759773,
            "lima_256": -0.010096259415149689,
            "lima_123": -0.014454327523708344
        },
        "lima_372": {
            "lima_372": -0.0037549284752458334,
            "lima_174": -0.00799189880490303,
            "lima_109": -0.006577271968126297,
            "lima_163": -0.002079796278849244,
            "lima_177": -0.025882992893457413
        },
        "lima_373": {
            "lima_373": 0.023782406002283096,
            "lima_346": 0.002150878543034196,
            "lima_542": 0.029571838676929474,
            "lima_766": -0.006851358339190483,
            "lima_161": 0.017587274312973022
        },
        "lima_374": {
            "lima_374": 0.021476369351148605,
            "lima_37": -0.00890704058110714,
            "lima_172": 0.003808388253673911,
            "lima_381": 0.005647342652082443,
            "lima_83": -0.013630196452140808
        },
        "lima_375": {
            "lima_375": -0.0015701462980359793,
            "lima_376": 0.008237283676862717,
            "lima_190": 0.007533649913966656,
            "lima_67": -0.0023096094373613596,
            "lima_346": -0.00653439573943615
        },
        "lima_376": {
            "lima_376": -0.0030098995193839073,
            "lima_190": 0.011041390709578991,
            "lima_78": 0.0007055733585730195,
            "lima_238": -0.0166158527135849,
            "lima_191": 0.0018098836299031973
        },
        "lima_377": {
            "lima_377": -0.026071667671203613,
            "lima_226": -0.009050246328115463,
            "lima_830": -0.01085864007472992,
            "lima_814": 0.010429060086607933,
            "lima_808": -0.0002073149080388248
        },
        "lima_378": {
            "lima_378": -0.01809670589864254,
            "lima_272": 0.020250733941793442,
            "lima_303": 0.0026395288296043873,
            "lima_319": -0.0017764056101441383,
            "lima_726": -0.008346790447831154
        },
        "lima_379": {
            "lima_379": 0.0037034840788692236,
            "lima_864": 0.010678239166736603,
            "lima_533": -0.00617627426981926,
            "lima_23": 0.004323981702327728,
            "lima_430": 0.026222873479127884
        },
        "lima_380": {
            "lima_380": 0.0011859439546242356,
            "lima_588": -0.007458510808646679,
            "lima_180": 0.0017973146168515086,
            "lima_247": -0.012630620039999485,
            "lima_122": 0.008095798082649708
        },
        "lima_381": {
            "lima_381": 0.0009291111491620541,
            "lima_330": -0.0018853791989386082,
            "lima_203": 0.0006238478235900402,
            "lima_83": -0.0038987803272902966,
            "lima_253": -0.019935771822929382
        },
        "lima_382": {
            "lima_382": -0.013536405749619007,
            "lima_506": -0.03867560997605324,
            "lima_211": -0.0125652514398098,
            "lima_162": -0.016991697251796722,
            "lima_203": 0.002243742113932967
        }
    },
    "58838016": {
        "lima_363": {
            "lima_363": 0.015176987275481224,
            "lima_380": -0.006516514346003532,
            "lima_205": 0.013848565518856049,
            "lima_348": 0.014419815503060818,
            "lima_512": -0.01880233734846115
        },
        "lima_364": {
            "lima_364": -0.009780876338481903,
            "lima_64": -0.01393251121044159,
            "lima_368": -0.007480663247406483,
            "lima_83": -0.01368176843971014,
            "lima_211": -0.002521251793950796
        },
        "lima_365": {
            "lima_365": -0.0904959887266159,
            "lima_164": 0.0037342256400734186,
            "lima_80": -0.01121002621948719,
            "lima_316": -0.01663452386856079,
            "lima_259": 0.007682522758841515
        },
        "lima_366": {
            "lima_366": 0.00687683979049325,
            "lima_106": -0.005836391355842352,
            "lima_98": -0.002646862994879484,
            "lima_134": 0.00938665121793747,
            "lima_964": 0.0011572635266929865
        },
        "lima_367": {
            "lima_367": 0.0028908085078001022,
            "lima_368": -0.014551802538335323,
            "lima_294": -0.02505272999405861,
            "lima_376": 0.004725399427115917,
            "lima_126": -0.0047025834210217
        },
        "lima_368": {
            "lima_368": -0.007018492557108402,
            "lima_364": -0.00047604189603589475,
            "lima_367": -0.005284473299980164,
            "lima_231": 0.0016907197423279285,
            "lima_64": -0.010901194997131824
        },
        "lima_369": {
            "lima_369": -0.01567016914486885,
            "lima_315": 0.007863249629735947,
            "lima_483": 0.007977940142154694,
            "lima_320": 0.011057739146053791,
            "lima_516": -0.039381153881549835
        },
        "lima_370": {
            "lima_370": 0.01785832643508911,
            "lima_287": -0.007082266733050346,
            "lima_138": -0.006162687204778194,
            "lima_83": -0.0061945668421685696,
            "lima_183": -0.011124443262815475
        },
        "lima_371": {
            "lima_371": 0.001528063090518117,
            "lima_183": 0.00010626225412124768,
            "lima_73": 0.002751133404672146,
            "lima_256": -0.010286442935466766,
            "lima_123": -0.014384523034095764
        },
        "lima_372": {
            "lima_372": -0.0039618308655917645,
            "lima_174": -0.00802682526409626,
            "lima_109": -0.006144724786281586,
            "lima_163": -0.0019245536532253027,
            "lima_177": -0.02548946626484394
        },