{
    "11767808": {
        "lima_20": {
            "lima_20": -0.025215165689587593,
            "lima_391": 0.00018577463924884796,
            "lima_167": -0.004468375816941261,
            "lima_316": 0.0010640793479979038,
            "lima_230": -0.0007430623518303037
        },
        "lima_21": {
            "lima_21": -0.023192502558231354,
            "lima_459": -0.0338951051235199,
            "lima_840": -0.006689996458590031,
            "lima_89": 0.010071526281535625,
            "lima_137": -0.001267551095224917
        },
        "lima_22": {
            "lima_22": -0.02384267747402191,
            "lima_290": 0.00027722041704691947,
            "lima_37": -0.019091978669166565,
            "lima_169": -0.002547400537878275,
            "lima_211": -0.004879297688603401
        },
        "lima_23": {
            "lima_23": 0.04254836589097977,
            "lima_961": -0.0047051250003278255,
            "lima_380": 0.0038335206918418407,
            "lima_56": -0.00590131152421236,
            "lima_319": -0.01695379987359047
        },
        "lima_24": {
            "lima_24": -0.007319298572838306,
            "lima_56": -0.0052851224318146706,
            "lima_27": 0.004074119962751865,
            "lima_205": 0.0030754422768950462,
            "lima_348": 0.0049799117259681225
        },
        "lima_25": {
            "lima_25": -0.012946298345923424,
            "lima_23": 0.0036970232613384724,
            "lima_462": -0.013896310701966286,
            "lima_570": -0.004448908381164074,
            "lima_6": 0.00517241470515728
        },
        "lima_26": {
            "lima_26": -0.012547635473310947,
            "lima_23": -0.012225445359945297,
            "lima_345": -0.018848907202482224,
            "lima_89": -0.014399596489965916,
            "lima_45": -0.014640869572758675
        },
        "lima_27": {
            "lima_27": 0.027587823569774628,
            "lima_190": 0.017037268728017807,
            "lima_95": 0.003374196123331785,
            "lima_376": -0.0017434355104342103,
            "lima_78": -0.002411589026451111
        },
        "lima_28": {
            "lima_28": -0.040541186928749084,
            "lima_625": 8.343026274815202e-05,
            "lima_494": -0.010167954489588737,
            "lima_161": -0.0008990963688120246,
            "lima_361": -0.0024408698081970215
        },
        "lima_29": {
            "lima_29": 0.02783871628344059,
            "lima_162": -0.01905539631843567,
            "lima_769": 0.01839699223637581,
            "lima_237": -0.009513933211565018,
            "lima_982": -0.0038959106896072626
        },
        "lima_30": {
            "lima_30": -0.03331093490123749,
            "lima_98": -0.0024753352627158165,
            "lima_393": 0.0004630417679436505,
            "lima_138": -0.014772296883165836,
            "lima_3": 0.005723632872104645
        },
        "lima_31": {
            "lima_31": -0.01050222385674715,
            "lima_259": 0.010421201586723328,
            "lima_11": -0.0069556692615151405,
            "lima_162": -0.02374960482120514,
            "lima_256": -0.010864673182368279
        },
        "lima_32": {
            "lima_32": -0.006400898564606905,
            "lima_459": 0.003603699617087841,
            "lima_284": -0.00757235661149025,
            "lima_228": 0.028863318264484406,
            "lima_210": 0.0006944893975742161
        },
        "lima_33": {
            "lima_33": -0.004035660531371832,
            "lima_135": -0.012775592505931854,
            "lima_972": 0.005739107728004456,
            "lima_440": -0.004396095871925354,
            "lima_51": -0.0008671394316479564
        },
        "lima_34": {
            "lima_34": -0.014901324175298214,
            "lima_203": -0.0030510169453918934,
            "lima_179": -0.010938119143247604,
            "lima_145": -0.005488515365868807,
            "lima_1": 0.004508256912231445
        },
        "lima_35": {
            "lima_35": -0.013567233458161354,
            "lima_87": -0.006149806547909975,
            "lima_119": 0.003523964434862137,
            "lima_92": 0.0005997345433570445,
            "lima_364": -0.008960489183664322
        },
        "lima_36": {
            "lima_36": 0.002875481266528368,
            "lima_64": -0.0024322071112692356,
            "lima_374": 0.0017263619229197502,
            "lima_226": -0.007207541726529598,
            "lima_227": -0.0021103322505950928
        },
        "lima_37": {
            "lima_37": -0.006338412873446941,
            "lima_283": 0.005680976435542107,
            "lima_203": 0.0015704312827438116,
            "lima_374": 0.009760662913322449,
            "lima_524": 0.00034071155823767185
        },
        "lima_38": {
            "lima_38": -0.05185110867023468,
            "lima_34": -0.004253160208463669,
            "lima_256": -0.020622925832867622,
            "lima_196": -0.011462273076176643,
            "lima_15": 0.016579963266849518
        },
        "lima_39": {
            "lima_39": -0.016303569078445435,
            "lima_101": -0.004250023514032364,
            "lima_158": 0.003817466553300619,
            "lima_221": 0.005529418587684631,
            "lima_196": 0.008577865548431873
        }
    },
    "58838016": {
        "lima_20": {
            "lima_20": -0.025417011231184006,
            "lima_391": 9.777882951311767e-06,
            "lima_167": -0.004732939414680004,
            "lima_316": 0.0007411607657559216,
            "lima_230": -0.0003478500875644386
        },
        "lima_21": {
            "lima_21": -0.023418329656124115,
            "lima_459": -0.03331858664751053,
            "lima_840": -0.006401583086699247,
            "lima_89": 0.010323818773031235,
            "lima_137": -0.0014755718875676394
        },
        "lima_22": {
            "lima_22": -0.023397812619805336,
            "lima_290": 7.037178875179961e-05,
            "lima_37": -0.018988922238349915,
            "lima_169": -0.002827607560902834,
            "lima_211": -0.0051669767126441
        },
        "lima_23": {
            "lima_23": 0.04309489578008652,
            "lima_961": -0.005196749232709408,
            "lima_380": 0.003341562347486615,
            "lima_56": -0.005559601821005344,
            "lima_319": -0.016963928937911987
        },
        "lima_24": {
            "lima_24": -0.007357357535511255,
            "lima_56": -0.005563916638493538,
            "lima_27": 0.0038677628617733717,
            "lima_205": 0.0030589892994612455,
            "lima_348": 0.0049011195078492165
        },
        "lima_25": {
            "lima_25": -0.012714014388620853,
            "lima_23": 0.0036793705075979233,
            "lima_462": -0.014412444084882736,
            "lima_570": -0.004309839569032192,
            "lima_6": 0.00544854998588562
        },
        "lima_26": {
            "lima_26": -0.012096788734197617,
            "lima_23": -0.012207367457449436,
            "lima_345": -0.019430525600910187,
            "lima_89": -0.014566801488399506,
            "lima_45": -0.014402063563466072
        },
        "lima_27": {
            "lima_27": 0.027235552668571472,
            "lima_190": 0.01718003675341606,
            "lima_95": 0.002893999684602022,
            "lima_376": -0.0018364496063441038,
            "lima_78": -0.00197308836504817
        },
        "lima_28": {
            "lima_28": -0.04020097106695175,
            "lima_625": 0.0003649046120699495,
            "lima_494": -0.009785987436771393,
            "lima_161": -0.001094131381250918,
            "lima_361": -0.001942698610946536
        },
        "lima_29": {
            "lima_29": 0.02779451757669449,
            "lima_162": -0.01930985599756241,
            "lima_769": 0.018424447625875473,
            "lima_237": -0.00914712529629469,
            "lima_982": -0.004364734515547752
        },
        "lima_30": {
            "lima_30": -0.03340645506978035,