{
    "11767808": {
        "lima_40": {
            "lima_40": -0.011601977050304413,
            "lima_6": 0.06154246628284454,
            "lima_311": -0.0043792519718408585,
            "lima_820": -0.007268482819199562,
            "lima_523": 0.02928828075528145
        },
        "lima_41": {
            "lima_41": -0.003621394746005535,
            "lima_166": -0.006261770613491535,
            "lima_64": 0.0032427171245217323,
            "lima_237": 0.007916482165455818,
            "lima_56": -0.0029218303970992565
        },
        "lima_42": {
            "lima_42": 0.028806032612919807,
            "lima_315": 0.0056363544426858425,
            "lima_283": 0.0011464020935818553,
            "lima_905": 0.023502200841903687,
            "lima_98": 0.0023193478118628263
        },
        "lima_43": {
            "lima_43": -0.018322929739952087,
            "lima_125": -0.007537392433732748,
            "lima_103": 0.006975229829549789,
            "lima_191": 0.012863101437687874,
            "lima_226": -0.01985500007867813
        },
        "lima_44": {
            "lima_44": 0.0019160641822963953,
            "lima_332": -0.014670254662632942,
            "lima_271": 0.015735410153865814,
            "lima_230": -0.005656911991536617,
            "lima_64": -0.01322062686085701
        },
        "lima_45": {
            "lima_45": 0.028656985610723495,
            "lima_319": -0.015945687890052795,
            "lima_282": -0.023478958755731583,
            "lima_854": -0.0032617836259305477,
            "lima_203": -0.006942485459148884
        },
        "lima_46": {
            "lima_46": 0.005730523727834225,
            "lima_191": 0.015807274729013443,
            "lima_190": 0.016556572169065475,
            "lima_9": 0.006292334292083979,
            "lima_43": 0.02021559700369835
        },
        "lima_47": {
            "lima_47": 0.0301084965467453,
            "lima_463": -0.011834303848445415,
            "lima_145": -0.0004617837839759886,
            "lima_288": 0.006808597128838301,
            "lima_602": -0.030880257487297058
        },
        "lima_48": {
            "lima_48": -0.010966544970870018,
            "lima_103": 0.022886313498020172,
            "lima_72": -0.024752341210842133,
            "lima_190": 0.016207927837967873,
            "lima_252": 0.002911321120336652
        },
        "lima_49": {
            "lima_49": 0.008294019848108292,
            "lima_122": 0.02011279948055744,
            "lima_253": -0.013731639832258224,
            "lima_135": 0.006295572500675917,
            "lima_83": -0.0035913267638534307
        },
        "lima_50": {
            "lima_50": -0.007776840124279261,
            "lima_37": 0.008122522383928299,
            "lima_902": -0.006223260425031185,
            "lima_296": 0.0008421700913459063,
            "lima_328": -0.0016415293794125319
        },
        "lima_51": {
            "lima_51": -0.02719488926231861,
            "lima_28": -0.010766211897134781,
            "lima_1": -0.000455067289294675,
            "lima_364": -0.004151459317654371,
            "lima_530": 0.03764301910996437
        },
        "lima_52": {
            "lima_52": -0.023704230785369873,
            "lima_9": 0.002275478094816208,
            "lima_197": -0.006341001018881798,
            "lima_222": -0.015492789447307587,
            "lima_226": -0.0029829232953488827
        },
        "lima_53": {
            "lima_53": 0.011045712977647781,
            "lima_327": -0.011617021635174751,
            "lima_56": -0.02058725617825985,
            "lima_22": -0.021097637712955475,
            "lima_249": -0.013492749072611332
        },
        "lima_54": {
            "lima_54": -0.015239657834172249,
            "lima_830": 0.005728822201490402,
            "lima_230": -0.0059644621796905994,
            "lima_267": 0.02271370403468609,
            "lima_822": -0.01377235446125269
        },
        "lima_55": {
            "lima_55": 0.0731063187122345,
            "lima_521": 0.026592113077640533,
            "lima_183": -0.04661579057574272,
            "lima_151": -0.019505687057971954,
            "lima_37": -0.030175328254699707
        },
        "lima_56": {
            "lima_56": -0.04100537300109863,
            "lima_126": -0.0011570854112505913,
            "lima_313": -1.4443707186728716e-05,
            "lima_844": -0.027293268591165543,
            "lima_247": 0.0035020308569073677
        },
        "lima_57": {
            "lima_57": -0.006009198725223541,
            "lima_253": -0.011102348566055298,
            "lima_122": 0.013249777257442474,
            "lima_359": 0.018313482403755188,
            "lima_838": -0.013625609688460827
        },
        "lima_58": {
            "lima_58": 0.0033622602932155132,
            "lima_199": -0.006022987887263298,
            "lima_232": -0.01192777045071125,
            "lima_112": 0.037138424813747406,
            "lima_119": 0.01252829935401678
        },
        "lima_59": {
            "lima_59": 0.020693453028798103,
            "lima_162": -0.010323034599423409,
            "lima_951": 0.04647410660982132,
            "lima_236": 0.02115967869758606,
            "lima_360": -0.018346508964896202
        }
    },
    "58838016": {
        "lima_40": {
            "lima_40": -0.011173117905855179,
            "lima_6": 0.061860233545303345,
            "lima_311": -0.003529713489115238,
            "lima_820": -0.007512723561376333,
            "lima_523": 0.02968459576368332
        },
        "lima_41": {
            "lima_41": -0.004160188604146242,
            "lima_166": -0.006024918518960476,
            "lima_64": 0.0030222744680941105,
            "lima_237": 0.0074479286558926105,
            "lima_56": -0.0025027627125382423
        },
        "lima_42": {
            "lima_42": 0.02877093479037285,
            "lima_315": 0.006139759905636311,
            "lima_283": 0.000840779219288379,
            "lima_905": 0.02384086698293686,
            "lima_98": 0.0024228408001363277
        },
        "lima_43": {
            "lima_43": -0.018078535795211792,
            "lima_125": -0.007526773028075695,
            "lima_103": 0.006972000002861023,
            "lima_191": 0.012297745794057846,
            "lima_226": -0.020425423979759216
        },
        "lima_44": {
            "lima_44": 0.0015272349119186401,
            "lima_332": -0.014767160639166832,
            "lima_271": 0.016256071627140045,
            "lima_230": -0.005210565403103828,
            "lima_64": -0.013517387211322784
        },
        "lima_45": {
            "lima_45": 0.028532816097140312,
            "lima_319": -0.01624860055744648,
            "lima_282": -0.023270249366760254,
            "lima_854": -0.0038666194304823875,
            "lima_203": -0.007259572856128216
        },
        "lima_46": {
            "lima_46": 0.005752428900450468,
            "lima_191": 0.015947353094816208,
            "lima_190": 0.016667671501636505,
            "lima_9": 0.005869545042514801,
            "lima_43": 0.020575929433107376
        },
        "lima_47": {
            "lima_47": 0.029702747240662575,
            "lima_463": -0.011780297383666039,
            "lima_145": -0.0006870401557534933,
            "lima_288": 0.0068270000629127026,
            "lima_602": -0.0311427004635334
        },
        "lima_48": {
            "lima_48": -0.010467112064361572,
            "lima_103": 0.023532211780548096,
            "lima_72": -0.02489236555993557,
            "lima_190": 0.01632649451494217,
            "lima_252": 0.0026255380362272263
        },
        "lima_49": {
            "lima_49": 0.00849903468042612,
            "lima_122": 0.020524265244603157,
            "lima_253": -0.01376153901219368,
            "lima_135": 0.006196650210767984,
            "lima_83": -0.0038733938708901405
        },
        "lima_50": {
            "lima_50": -0.007346359081566334,
            "lima_37": 0.008604190312325954,