{
    "11767808": {
        "lima_423": {
            "lima_538": 0.04556116834282875,
            "lima_406": -0.011088118888437748,
            "lima_862": -0.008027407340705395,
            "lima_776": -0.008231360465288162,
            "lima_423": -0.08775752037763596
        },
        "lima_424": {
            "lima_424": 0.06763339042663574,
            "lima_134": 0.014584528282284737,
            "lima_433": 0.02281523309648037,
            "lima_167": 0.01149106863886118,
            "lima_196": 0.009651286527514458
        },
        "lima_425": {
            "lima_425": -0.017380785197019577,
            "lima_227": 0.0014928948367014527,
            "lima_864": -0.004294189158827066,
            "lima_506": -0.026132678613066673,
            "lima_64": -0.001296567264944315
        },
        "lima_426": {
            "lima_426": 0.04467781260609627,
            "lima_329": -0.0006296888459473848,
            "lima_538": -0.009451361373066902,
            "lima_577": -0.005476087331771851,
            "lima_336": -0.017822084948420525
        },
        "lima_427": {
            "lima_427": -0.047351203858852386,
            "lima_144": -0.01583685539662838,
            "lima_460": 0.0071712397038936615,
            "lima_330": -0.004548265598714352,
            "lima_374": 0.00782763585448265
        },
        "lima_428": {
            "lima_428": -0.00012868561316281557,
            "lima_213": -0.0040816739201545715,
            "lima_127": 0.006760403513908386,
            "lima_961": -0.013607267290353775,
            "lima_573": -0.031515881419181824
        },
        "lima_429": {
            "lima_429": -0.014025174081325531,
            "lima_134": -0.009538558311760426,
            "lima_196": -0.01026337593793869,
            "lima_249": -0.004458250477910042,
            "lima_48": -0.012336001731455326
        },
        "lima_430": {
            "lima_430": 0.028321808204054832,
            "lima_228": 0.028269771486520767,
            "lima_296": -0.011358819901943207,
            "lima_259": 0.010962184518575668,
            "lima_123": -0.008303934708237648
        },
        "lima_431": {
            "lima_431": 0.008444314822554588,
            "lima_179": -0.0027822665870189667,
            "lima_353": -0.005240645259618759,
            "lima_83": -0.0015322740655392408,
            "lima_45": -0.0188496895134449
        },
        "lima_432": {
            "lima_432": -0.03889693319797516,
            "lima_435": 0.017881829291582108,
            "lima_227": 0.00731287058442831,
            "lima_6": 0.01524694450199604,
            "lima_134": -0.005509129725396633
        },
        "lima_433": {
            "lima_433": 0.07207366079092026,
            "lima_98": 0.00010438026220072061,
            "lima_424": 0.004858491942286491,
            "lima_185": 0.019558053463697433,
            "lima_45": -0.012235963717103004
        },
        "lima_434": {
            "lima_434": -0.02027762308716774,
            "lima_526": 0.002260100096464157,
            "lima_364": -0.001601573545485735,
            "lima_373": -0.00174493168015033,
            "lima_837": -0.036987319588661194
        },
        "lima_435": {
            "lima_435": 0.003373129991814494,
            "lima_562": -0.04951911047101021,
            "lima_463": -0.02085072174668312,
            "lima_464": -0.05065081641077995,
            "lima_136": 0.0014484080020338297
        },
        "lima_436": {
            "lima_436": 0.017105810344219208,
            "lima_505": -0.0023717668373137712,
            "lima_517": -0.010277662426233292,
            "lima_235": -0.00808820128440857,
            "lima_230": 0.00442335894331336
        },
        "lima_437": {
            "lima_374": 0.004438607953488827,
            "lima_37": -0.020254645496606827,
            "lima_852": -0.010680655017495155,
            "lima_228": 0.01148727722465992,
            "lima_437": -0.010470498353242874
        },
        "lima_438": {
            "lima_438": -0.03615362197160721,
            "lima_463": -0.03693551570177078,
            "lima_176": 0.00995715893805027,
            "lima_724": -0.022974614053964615,
            "lima_190": -0.008919941261410713
        },
        "lima_439": {
            "lima_439": -0.00620743352919817,
            "lima_581": -0.015863271430134773,
            "lima_559": -0.023310426622629166,
            "lima_535": 0.015548702329397202,
            "lima_549": 0.0005217257421463728
        },
        "lima_440": {
            "lima_410": -0.011501064524054527,
            "lima_281": -0.011713175103068352,
            "lima_287": -0.007821060717105865,
            "lima_93": -0.003941233269870281,
            "lima_440": 0.002698589116334915
        },
        "lima_441": {
            "lima_441": 0.04385297745466232,
            "lima_23": 0.001966667827218771,
            "lima_511": 0.017568979412317276,
            "lima_961": 0.0010824266355484724,
            "lima_507": -0.031074408441781998
        },
        "lima_442": {
            "lima_442": -0.08531612157821655,
            "lima_480": -0.10745126754045486,
            "lima_472": -0.10275055468082428,
            "lima_560": -0.06391496956348419,
            "lima_133": 0.005225061438977718
        }
    },
    "58838016": {
        "lima_423": {
            "lima_538": 0.04556608572602272,
            "lima_406": -0.011122453957796097,
            "lima_862": -0.008245687931776047,
            "lima_776": -0.007807746529579163,
            "lima_423": -0.08746404200792313
        },
        "lima_424": {
            "lima_424": 0.06735881417989731,
            "lima_134": 0.013736207969486713,
            "lima_433": 0.02317820116877556,
            "lima_167": 0.011113700456917286,
            "lima_196": 0.009783590212464333
        },
        "lima_425": {
            "lima_425": -0.01703098975121975,
            "lima_227": 0.0014564052689820528,
            "lima_864": -0.003775917226448655,
            "lima_506": -0.026680896058678627,
            "lima_64": -0.0009128894889727235
        },
        "lima_426": {
            "lima_426": 0.0442219004034996,
            "lima_329": -0.0009397032554261386,
            "lima_538": -0.00934192817658186,
            "lima_577": -0.005577997304499149,
            "lima_336": -0.017757926136255264
        },
        "lima_427": {
            "lima_427": -0.04705648124217987,
            "lima_144": -0.015626393258571625,
            "lima_460": 0.006774901412427425,
            "lima_330": -0.0038683218881487846,
            "lima_374": 0.00841035321354866
        },
        "lima_428": {
            "lima_428": 0.000776470173150301,
            "lima_213": -0.003973313141614199,
            "lima_127": 0.006712659262120724,
            "lima_961": -0.01349102333188057,
            "lima_573": -0.031988754868507385
        },
        "lima_429": {
            "lima_429": -0.013953430578112602,
            "lima_134": -0.008901087567210197,
            "lima_196": -0.010367218405008316,
            "lima_249": -0.00505747739225626,
            "lima_48": -0.012328139506280422
        },
        "lima_430": {
            "lima_430": 0.028165511786937714,
            "lima_228": 0.028030384331941605,
            "lima_296": -0.011418708600103855,
            "lima_259": 0.009864643216133118,
            "lima_123": -0.008401893079280853
        },
        "lima_431": {
            "lima_431": 0.008021006360650063,
            "lima_179": -0.002814741339534521,
            "lima_353": -0.005429593846201897,
            "lima_83": -0.0011605083709582686,
            "lima_45": -0.01919352263212204
        },
        "lima_432": {
            "lima_432": -0.03935570269823074,
            "lima_435": 0.01695658080279827,
            "lima_227": 0.0070810457691550255,
            "lima_6": 0.016072571277618408,
            "lima_134": -0.00585151044651866
        },