{
    "11767808": {
        "lima_100": {
            "lima_100": 0.005706250201910734,
            "lima_982": -0.0032676702830940485,
            "lima_838": -0.0037892814725637436,
            "lima_846": 0.010800762102007866,
            "lima_814": 0.005015672650188208
        },
        "lima_101": {
            "lima_101": -0.012718242593109608,
            "lima_342": -0.004659228026866913,
            "lima_39": -0.0030330726876854897,
            "lima_471": -0.012362283654510975,
            "lima_218": 0.003209479618817568
        },
        "lima_102": {
            "lima_102": 0.016759835183620453,
            "lima_354": 0.04051339626312256,
            "lima_575": -0.00945951510220766,
            "lima_29": 0.008224042132496834,
            "lima_572": 0.032754018902778625
        },
        "lima_103": {
            "lima_103": -0.017671268433332443,
            "lima_190": 0.025726590305566788,
            "lima_164": -0.0005214076372794807,
            "lima_191": 0.0029443041421473026,
            "lima_226": -0.019616398960351944
        },
        "lima_104": {
            "lima_104": -0.021284231916069984,
            "lima_106": 0.007170915137976408,
            "lima_594": -0.01469930075109005,
            "lima_116": -0.01260265801101923,
            "lima_519": 0.03919798135757446
        },
        "lima_105": {
            "lima_105": 0.017669398337602615,
            "lima_171": -0.0009638501796871424,
            "lima_209": -0.0109248673543334,
            "lima_317": -0.01205901987850666,
            "lima_364": 0.006177992094308138
        },
        "lima_106": {
            "lima_106": -0.010849164798855782,
            "lima_168": -0.004922122694551945,
            "lima_66": -0.0002206157660111785,
            "lima_259": -0.010158289223909378,
            "lima_211": -0.0006559783942066133
        },
        "lima_107": {
            "lima_107": 0.027936972677707672,
            "lima_320": 0.009577651508152485,
            "lima_34": -0.00666336202993989,
            "lima_391": 0.004031949210911989,
            "lima_393": -0.005621316377073526
        },
        "lima_108": {
            "lima_108": -0.03187277913093567,
            "lima_97": 0.0027498924173414707,
            "lima_80": -0.009297139942646027,
            "lima_428": -0.0004818397865165025,
            "lima_164": -0.005289097316563129
        },
        "lima_109": {
            "lima_109": 0.006252420134842396,
            "lima_211": 0.008486565202474594,
            "lima_87": -0.010522734373807907,
            "lima_163": 0.006036556325852871,
            "lima_72": 0.04193909093737602
        },
        "lima_110": {
            "lima_110": 0.009106872603297234,
            "lima_249": 0.0050883907824754715,
            "lima_122": 0.0036743395030498505,
            "lima_113": -0.020926935598254204,
            "lima_270": -0.007636646274477243
        },
        "lima_111": {
            "lima_111": -0.04401013255119324,
            "lima_121": -0.005062693264335394,
            "lima_925": -0.018886659294366837,
            "lima_508": -0.04509592056274414,
            "lima_900": 0.0030723668169230223
        },
        "lima_112": {
            "lima_112": 0.05151425302028656,
            "lima_62": -0.014596489258110523,
            "lima_373": 0.016761019825935364,
            "lima_938": -0.003780943341553211,
            "lima_199": 0.002504493575543165
        },
        "lima_113": {
            "lima_113": -0.01954520493745804,
            "lima_53": -0.0020829644054174423,
            "lima_353": 0.0005852783797308803,
            "lima_262": 0.00961311161518097,
            "lima_101": -0.002879792358726263
        },
        "lima_114": {
            "lima_114": 0.02120133303105831,
            "lima_376": 0.006655512377619743,
            "lima_368": -0.018830355256795883,
            "lima_174": 0.012099070474505424,
            "lima_281": 0.017630692571401596
        },
        "lima_115": {
            "lima_115": 0.0049151345156133175,
            "lima_210": 0.011010855436325073,
            "lima_325": 0.009552663192152977,
            "lima_271": 0.010802008211612701,
            "lima_430": 0.01051174197345972
        },
        "lima_116": {
            "lima_116": 0.03703445568680763,
            "lima_72": 0.035922590643167496,
            "lima_87": 0.0006308472948148847,
            "lima_163": -0.0009760148823261261,
            "lima_78": -0.00653278362005949
        },
        "lima_117": {
            "lima_117": -0.00218769209459424,
            "lima_167": -0.007526915054768324,
            "lima_921": -0.001311328262090683,
            "lima_225": -0.01515967771410942,
            "lima_57": -0.011616876348853111
        },
        "lima_118": {
            "lima_118": 0.008727770298719406,
            "lima_460": -0.0009209457784891129,
            "lima_145": -0.02411697432398796,
            "lima_385": 0.0033584514167159796,
            "lima_435": 0.01175161637365818
        },
        "lima_119": {
            "lima_119": -0.005129419267177582,
            "lima_87": -0.0020565090235322714,
            "lima_35": -0.013628784567117691,
            "lima_281": 0.0002720214833971113,
            "lima_271": 0.006944403983652592
        }
    },
    "58838016": {
        "lima_100": {
            "lima_100": 0.005932641215622425,
            "lima_982": -0.002987720537930727,
            "lima_838": -0.0038870114367455244,
            "lima_846": 0.01094388123601675,
            "lima_814": 0.004651954397559166
        },
        "lima_101": {
            "lima_101": -0.012703265994787216,
            "lima_342": -0.0050170584581792355,
            "lima_39": -0.003040266688913107,
            "lima_471": -0.012287281453609467,
            "lima_218": 0.0031651982571929693
        },
        "lima_102": {
            "lima_102": 0.016849715262651443,
            "lima_354": 0.04102098196744919,
            "lima_575": -0.009155318140983582,
            "lima_29": 0.008500881493091583,
            "lima_572": 0.03222031146287918
        },
        "lima_103": {
            "lima_103": -0.017690535634756088,
            "lima_190": 0.026138102635741234,
            "lima_164": -0.00020656072592828423,
            "lima_191": 0.003580430056899786,
            "lima_226": -0.01963076740503311
        },
        "lima_104": {
            "lima_104": -0.021421514451503754,
            "lima_106": 0.007154704071581364,
            "lima_594": -0.014378933236002922,
            "lima_116": -0.012466181069612503,
            "lima_519": 0.03930303454399109
        },
        "lima_105": {
            "lima_105": 0.017977243289351463,
            "lima_171": -0.0007628592429682612,
            "lima_209": -0.010626082308590412,
            "lima_317": -0.013074465095996857,
            "lima_364": 0.006830865517258644
        },
        "lima_106": {
            "lima_106": -0.010814407840371132,
            "lima_168": -0.004348159767687321,
            "lima_66": -0.00011576988617889583,
            "lima_259": -0.010261911898851395,
            "lima_211": -0.0007501087384298444
        },
        "lima_107": {
            "lima_107": 0.028180083259940147,
            "lima_320": 0.009587032720446587,
            "lima_34": -0.00693909777328372,
            "lima_391": 0.0037339748814702034,
            "lima_393": -0.005667314399033785
        },
        "lima_108": {
            "lima_108": -0.031944483518600464,
            "lima_97": 0.002929670736193657,
            "lima_80": -0.009290178306400776,
            "lima_428": -0.000942080921959132,
            "lima_164": -0.005684943869709969
        },
        "lima_109": {
            "lima_109": 0.005537712015211582,
            "lima_211": 0.00843830592930317,
            "lima_87": -0.010354077443480492,
            "lima_163": 0.005687141790986061,
            "lima_72": 0.04155641794204712
        },