{
    "11767808": {
        "lima_811": {
            "lima_811": -0.006924129091203213,
            "lima_324": -0.022850491106510162,
            "lima_829": -0.007090795785188675,
            "lima_20": -0.02144794911146164,
            "lima_396": 0.004411087371408939
        },
        "lima_812": {
            "lima_812": -0.039545394480228424,
            "lima_396": -0.009421143680810928,
            "lima_844": -0.019645769149065018,
            "lima_36": 0.009468333795666695,
            "lima_144": -0.008197233080863953
        },
        "lima_813": {
            "lima_813": -0.0046767243184149265,
            "lima_160": 0.0035179653204977512,
            "lima_612": -0.0012203685473650694,
            "lima_593": -0.0007053659064695239,
            "lima_847": -0.01211409829556942
        },
        "lima_814": {
            "lima_814": -0.020839698612689972,
            "lima_808": -0.02768241986632347,
            "lima_846": -0.02842363715171814,
            "lima_100": -0.011877419427037239,
            "lima_838": -0.026077669113874435
        },
        "lima_815": {
            "lima_815": -0.023751556873321533,
            "lima_848": -0.034850236028432846,
            "lima_742": 0.01320622768253088,
            "lima_406": -0.00627197977155447,
            "lima_851": 0.013937514275312424
        },
        "lima_816": {
            "lima_816": -0.015111572109162807,
            "lima_806": -0.00542765948921442,
            "lima_199": 0.005402092821896076,
            "lima_186": -0.002491157269105315,
            "lima_838": -0.016330691054463387
        },
        "lima_817": {
            "lima_817": -0.0028047384694218636,
            "lima_382": 0.012297265231609344,
            "lima_580": 0.007245826534926891,
            "lima_840": -0.011237448081374168,
            "lima_953": -0.0066381581127643585
        },
        "lima_818": {
            "lima_664": -0.008615275844931602,
            "lima_818": 0.006815318018198013,
            "lima_849": -0.0021921389270573854,
            "lima_851": 0.016866281628608704,
            "lima_399": 0.014762605540454388
        },
        "lima_819": {
            "lima_819": -0.005303188227117062,
            "lima_286": -0.0012654636520892382,
            "lima_183": -0.014192841947078705,
            "lima_153": -0.0006532620172947645,
            "lima_174": 0.017379991710186005
        },
        "lima_820": {
            "lima_820": -0.036569271236658096,
            "lima_749": -0.029343105852603912,
            "lima_392": -0.009143334813416004,
            "lima_429": -0.0005878715310245752,
            "lima_575": -0.003095204010605812
        },
        "lima_821": {
            "lima_821": -0.010211795568466187,
            "lima_828": -0.06634198129177094,
            "lima_695": -0.011566673405468464,
            "lima_545": -0.019748345017433167,
            "lima_196": 0.0010753544047474861
        },
        "lima_822": {
            "lima_964": -0.0035332427360117435,
            "lima_965": -0.0005658352165482938,
            "lima_966": 0.00045940326526761055,
            "lima_967": 0.01065936777740717,
            "lima_822": 0.0062782661989331245
        },
        "lima_823": {
            "lima_823": -0.03952764719724655,
            "lima_988": -0.004007137380540371,
            "lima_553": 0.03054818883538246,
            "lima_905": -0.010387280955910683,
            "lima_580": -0.01960156112909317
        },
        "lima_824": {
            "lima_824": -0.017511840909719467,
            "lima_781": 0.013915246352553368,
            "lima_286": 0.005886035971343517,
            "lima_159": 0.016212722286581993,
            "lima_373": -0.006780559197068214
        },
        "lima_825": {
            "lima_825": -0.04361269623041153,
            "lima_487": -0.011906403116881847,
            "lima_7": -0.0017799210036173463,
            "lima_119": -0.00873822346329689,
            "lima_538": -0.011245987378060818
        },
        "lima_826": {
            "lima_826": -0.010534324683248997,
            "lima_938": 0.003290977096185088,
            "lima_801": -0.05886154621839523,
            "lima_848": -0.021503079682588577,
            "lima_842": 0.0053350068628787994
        },
        "lima_827": {
            "lima_964": -0.0008656018180772662,
            "lima_965": 0.0026069798041135073,
            "lima_966": -0.0023193194065243006,
            "lima_967": -0.004920373670756817,
            "lima_827": -0.021790407598018646
        },
        "lima_828": {
            "lima_828": -0.1134616881608963,
            "lima_821": -0.03636099398136139,
            "lima_695": 0.0014447795692831278,
            "lima_545": -0.022418232634663582,
            "lima_196": -0.007991205900907516
        },
        "lima_829": {
            "lima_829": 0.01301870122551918,
            "lima_324": -0.01616796664893627,
            "lima_811": -0.0413404181599617,
            "lima_20": -0.011662246659398079,
            "lima_396": 0.006013770587742329
        },
        "lima_830": {
            "lima_830": -0.01878335326910019,
            "lima_274": 0.0015698792412877083,
            "lima_512": -0.015733955428004265,
            "lima_977": -0.023168377578258514,
            "lima_542": 0.00693900790065527
        }
    },
    "58838016": {
        "lima_811": {
            "lima_811": -0.007254247087985277,
            "lima_324": -0.023101886734366417,
            "lima_829": -0.007890019565820694,
            "lima_20": -0.02168082818388939,
            "lima_396": 0.004879702348262072
        },
        "lima_812": {
            "lima_812": -0.03895252197980881,
            "lima_396": -0.00948499608784914,
            "lima_844": -0.020094210281968117,
            "lima_36": 0.008998611941933632,
            "lima_144": -0.00852283276617527
        },
        "lima_813": {
            "lima_813": -0.00489149522036314,
            "lima_160": 0.0031421189196407795,
            "lima_612": -0.0021108784712851048,
            "lima_593": -0.0013520530192181468,
            "lima_847": -0.012009850703179836
        },
        "lima_814": {
            "lima_814": -0.02073657140135765,
            "lima_808": -0.027121830731630325,
            "lima_846": -0.028075773268938065,
            "lima_100": -0.011689357459545135,
            "lima_838": -0.025624338537454605
        },
        "lima_815": {
            "lima_815": -0.02397162839770317,
            "lima_848": -0.034241482615470886,
            "lima_742": 0.013323700055480003,
            "lima_406": -0.006853042170405388,
            "lima_851": 0.013449804857373238
        },
        "lima_816": {
            "lima_816": -0.015340614132583141,
            "lima_806": -0.0056447843089699745,
            "lima_199": 0.005953624378889799,
            "lima_186": -0.0025770701467990875,
            "lima_838": -0.01593749411404133
        },
        "lima_817": {
            "lima_817": -0.002810259349644184,
            "lima_382": 0.012186418287456036,
            "lima_580": 0.007006494328379631,
            "lima_840": -0.010940378531813622,
            "lima_953": -0.006645330227911472
        },
        "lima_818": {
            "lima_664": -0.008839696645736694,
            "lima_818": 0.006403877399861813,
            "lima_849": -0.0019232507329434156,
            "lima_851": 0.016320306807756424,
            "lima_399": 0.015110848471522331
        },
        "lima_819": {
            "lima_819": -0.0055624451488256454,
            "lima_286": -0.0008833786705508828,
            "lima_183": -0.014515291899442673,
            "lima_153": -0.0005466797156259418,
            "lima_174": 0.0175128486007452
        },
        "lima_820": {
            "lima_820": -0.036866627633571625,
            "lima_749": -0.02998180501163006,
            "lima_392": -0.009687565267086029,
            "lima_429": -0.0009439578279852867,