{
    "11767808": {
        "lima_791": {
            "lima_791": -0.004602201282978058,
            "lima_588": -0.0011348919942975044,
            "lima_374": 0.0038336687721312046,
            "lima_349": 0.006631167605519295,
            "lima_196": -0.0009361628908663988
        },
        "lima_792": {
            "lima_792": -0.055541329085826874,
            "lima_48": -0.02199261449277401,
            "lima_822": -0.003556904150173068,
            "lima_169": -0.01472415216267109,
            "lima_728": -0.011616742238402367
        },
        "lima_793": {
            "lima_587": 0.018965577706694603,
            "lima_793": 0.007473154924809933,
            "lima_632": -0.03696632385253906,
            "lima_462": -0.019266830757260323,
            "lima_588": 0.006717749871313572
        },
        "lima_794": {
            "lima_794": -0.03185541182756424,
            "lima_290": 0.0035730719100683928,
            "lima_462": -0.01097920536994934,
            "lima_6": -0.003952221944928169,
            "lima_503": -0.009497317485511303
        },
        "lima_795": {
            "lima_795": -0.009947569109499454,
            "lima_195": -0.006024675443768501,
            "lima_265": 0.011696137487888336,
            "lima_152": -0.00849694013595581,
            "lima_175": -7.841573096811771e-05
        },
        "lima_796": {
            "lima_796": -0.021901506930589676,
            "lima_6": -7.403705967590213e-05,
            "lima_462": -0.03387924283742905,
            "lima_176": 0.004052357282489538,
            "lima_315": 0.0011433321051299572
        },
        "lima_797": {
            "lima_797": -0.023844126611948013,
            "lima_6": 0.013190435245633125,
            "lima_462": -0.018194133415818214,
            "lima_176": 0.013849616050720215,
            "lima_315": -0.0016936352476477623
        },
        "lima_798": {
            "lima_798": 0.01838359609246254,
            "lima_587": 0.021097691729664803,
            "lima_721": 0.005592654924839735,
            "lima_732": -0.0034076645970344543,
            "lima_583": -0.014997865073382854
        },
        "lima_799": {
            "lima_799": -0.033280979841947556,
            "lima_374": 0.011880620382726192,
            "lima_512": -0.022402510046958923,
            "lima_862": 0.014120487496256828,
            "lima_538": -0.02124316245317459
        },
        "lima_800": {
            "lima_800": 0.006630274932831526,
            "lima_964": -0.013086791150271893,
            "lima_965": -0.012455456890165806,
            "lima_966": -0.006500896066427231,
            "lima_967": 0.0012725552078336477
        },
        "lima_801": {
            "lima_801": -0.06707805395126343,
            "lima_396": 0.018777314573526382,
            "lima_172": 0.007129616104066372,
            "lima_806": 0.0025709676556289196,
            "lima_808": -0.009657852351665497
        },
        "lima_802": {
            "lima_389": 0.0010885209776461124,
            "lima_916": -0.010497426614165306,
            "lima_427": -0.01821974106132984,
            "lima_446": -0.0185743048787117,
            "lima_802": 0.01188339851796627
        },
        "lima_803": {
            "lima_803": -0.0054494645446538925,
            "lima_801": -0.004247232340276241,
            "lima_22": -0.009972276166081429,
            "lima_64": 0.004342416767030954,
            "lima_240": 0.008890945464372635
        },
        "lima_804": {
            "lima_804": -0.030544454231858253,
            "lima_132": 0.0006598756299354136,
            "lima_176": -0.0012622970389202237,
            "lima_290": 0.00749099999666214,
            "lima_801": -0.04757530242204666
        },
        "lima_805": {
            "lima_805": -0.04433182626962662,
            "lima_801": 0.02179766446352005,
            "lima_233": 0.004142381250858307,
            "lima_396": 0.005403280258178711,
            "lima_927": 0.0010356835555285215
        },
        "lima_806": {
            "lima_806": -0.009075279347598553,
            "lima_920": 2.3901346139609814e-05,
            "lima_133": -0.013072817586362362,
            "lima_934": 0.00405945535749197,
            "lima_257": -0.011012976989150047
        },
        "lima_807": {
            "lima_260": -0.007458840496838093,
            "lima_254": 0.0008270108373835683,
            "lima_292": -0.017434420064091682,
            "lima_335": -0.0070618148893117905,
            "lima_807": -0.0210382379591465
        },
        "lima_808": {
            "lima_924": -5.476607475429773e-05,
            "lima_992": -0.0074212802574038506,
            "lima_254": -0.012235833331942558,
            "lima_971": -0.011150563135743141,
            "lima_808": -0.01654723286628723
        },
        "lima_809": {
            "lima_809": 0.0014333199942484498,
            "lima_430": -0.0015478499699383974,
            "lima_559": 0.0017175558023154736,
            "lima_921": -0.0036540478467941284,
            "lima_499": 0.002402237383648753
        },
        "lima_810": {
            "lima_810": -0.004791706334799528,
            "lima_230": 0.0069387732073664665,
            "lima_160": -0.011571032926440239,
            "lima_235": -0.0016696121310815215,
            "lima_501": 0.0006642566295340657
        }
    },
    "58838016": {
        "lima_791": {
            "lima_791": -0.004618251696228981,
            "lima_588": -0.001096534077078104,
            "lima_374": 0.0036516368854790926,
            "lima_349": 0.007073887158185244,
            "lima_196": -0.0015370820183306932
        },
        "lima_792": {
            "lima_792": -0.05607035011053085,
            "lima_48": -0.021567635238170624,
            "lima_822": -0.0035973379854112864,
            "lima_169": -0.014497579075396061,
            "lima_728": -0.011615215800702572
        },
        "lima_793": {
            "lima_587": 0.019196925684809685,
            "lima_793": 0.007392912171781063,
            "lima_632": -0.03750496357679367,
            "lima_462": -0.019349396228790283,
            "lima_588": 0.006130626890808344
        },
        "lima_794": {
            "lima_794": -0.03156130015850067,
            "lima_290": 0.004035275429487228,
            "lima_462": -0.011260973289608955,
            "lima_6": -0.003695851657539606,
            "lima_503": -0.009566076099872589
        },
        "lima_795": {
            "lima_795": -0.010351333767175674,
            "lima_195": -0.006023223977535963,
            "lima_265": 0.011883670464158058,
            "lima_152": -0.008408584631979465,
            "lima_175": -1.8919479771284387e-05
        },
        "lima_796": {
            "lima_796": -0.02125716581940651,
            "lima_6": -0.0009432485094293952,
            "lima_462": -0.03412332013249397,
            "lima_176": 0.004707563668489456,
            "lima_315": 0.0012918903958052397
        },
        "lima_797": {
            "lima_797": -0.023920690640807152,
            "lima_6": 0.012702161446213722,
            "lima_462": -0.01806909218430519,
            "lima_176": 0.013930656015872955,
            "lima_315": -0.0020957505330443382
        },
        "lima_798": {
            "lima_798": 0.01844712905585766,
            "lima_587": 0.020537082105875015,
            "lima_721": 0.005663459189236164,
            "lima_732": -0.004321034532040358,
            "lima_583": -0.014923037961125374
        },
        "lima_799": {
            "lima_799": -0.033304136246442795,
            "lima_374": 0.012097458355128765,
            "lima_512": -0.022053509950637817,
            "lima_862": 0.014306274242699146,
            "lima_538": -0.02039266936480999
        },
        "lima_800": {
            "lima_800": 0.0066703869961202145,
            "lima_964": -0.013076100498437881,
            "lima_965": -0.013170300982892513,
            "lima_966": -0.006021728273481131,
            "lima_967": 0.0017420281656086445
        },