{
    "11767808": {
        "lima_202": {
            "lima_202": 0.005089917220175266,
            "lima_66": -0.006704194471240044,
            "lima_100": 0.007321176119148731,
            "lima_3": 0.00655495747923851,
            "lima_270": -0.019279487431049347
        },
        "lima_203": {
            "lima_203": -0.024586301296949387,
            "lima_296": -0.0049810041673481464,
            "lima_211": -0.006066661793738604,
            "lima_382": -0.0074578761123120785,
            "lima_270": -0.01638014428317547
        },
        "lima_204": {
            "lima_204": -0.006429814733564854,
            "lima_530": -0.009888995438814163,
            "lima_898": -0.021685604006052017,
            "lima_94": -2.530735218897462e-05,
            "lima_137": 0.003615721594542265
        },
        "lima_205": {
            "lima_205": 0.024332165718078613,
            "lima_78": 0.008102691732347012,
            "lima_95": -0.0015150648541748524,
            "lima_286": 0.0007558912038803101,
            "lima_532": -0.01231725700199604
        },
        "lima_206": {
            "lima_206": -0.0017124604200944304,
            "lima_303": -0.024091236293315887,
            "lima_294": -0.022936899214982986,
            "lima_138": -0.015718914568424225,
            "lima_227": -0.010688573122024536
        },
        "lima_207": {
            "lima_207": -0.016166722401976585,
            "lima_815": -0.01278628595173359,
            "lima_110": 0.008056625723838806,
            "lima_159": -0.01252787932753563,
            "lima_35": -0.0008307005628012121
        },
        "lima_208": {
            "lima_208": -0.02960287407040596,
            "lima_67": 0.010627832263708115,
            "lima_451": -0.03839031606912613,
            "lima_225": -0.02410414069890976,
            "lima_274": -0.00856723077595234
        },
        "lima_209": {
            "lima_209": 0.016231007874011993,
            "lima_48": -0.0019892428535968065,
            "lima_259": -0.005838509649038315,
            "lima_45": 0.0003759395913220942,
            "lima_393": -0.007374530658125877
        },
        "lima_210": {
            "lima_210": -0.00010581451351754367,
            "lima_211": -0.01839882880449295,
            "lima_64": -0.006653844378888607,
            "lima_32": -0.004241242539137602,
            "lima_83": -0.0025308236945420504
        },
        "lima_211": {
            "lima_211": 0.009492616169154644,
            "lima_109": 0.004592151381075382,
            "lima_123": 0.0035623167641460896,
            "lima_158": 0.01303931139409542,
            "lima_163": -0.005639060400426388
        },
        "lima_212": {
            "lima_212": -0.00639984430745244,
            "lima_80": -0.009505080059170723,
            "lima_195": 0.004499245434999466,
            "lima_512": -0.017678042873740196,
            "lima_108": -0.03078102320432663
        },
        "lima_213": {
            "lima_213": -0.002187112346291542,
            "lima_211": -0.012714626267552376,
            "lima_17": 0.0002846142742782831,
            "lima_163": -0.006319115869700909,
            "lima_368": -0.019586190581321716
        },
        "lima_214": {
            "lima_214": -0.008503696881234646,
            "lima_374": 0.008419952355325222,
            "lima_172": -0.014047177508473396,
            "lima_364": 0.010244561359286308,
            "lima_36": 0.0036011228803545237
        },
        "lima_215": {
            "lima_215": 0.020728403702378273,
            "lima_163": 0.004271951504051685,
            "lima_11": 0.016657019034028053,
            "lima_391": -0.010930112563073635,
            "lima_184": -0.026811085641384125
        },
        "lima_216": {
            "lima_216": -0.00027146300999447703,
            "lima_122": -0.0015650603454560041,
            "lima_199": -0.0006015155231580138,
            "lima_506": -0.024279357865452766,
            "lima_806": 0.018065113574266434
        },
        "lima_217": {
            "lima_217": -0.0007603281992487609,
            "lima_54": -0.0008529890328645706,
            "lima_542": 0.044829290360212326,
            "lima_70": 0.013996845111250877,
            "lima_232": 0.006331834010779858
        },
        "lima_218": {
            "lima_218": 0.020114121958613396,
            "lima_98": 0.009285888634622097,
            "lima_134": -0.0014826063998043537,
            "lima_382": 0.0030375905334949493,
            "lima_83": -0.01295199804008007
        },
        "lima_219": {
            "lima_219": 0.007744372822344303,
            "lima_248": -0.003521120408549905,
            "lima_70": 0.0003671278536785394,
            "lima_199": 0.003928149584680796,
            "lima_301": 0.005268756300210953
        },
        "lima_220": {
            "lima_220": -0.02065606787800789,
            "lima_246": 7.100457150954753e-05,
            "lima_210": -0.014655154198408127,
            "lima_127": 0.004736988805234432,
            "lima_839": -0.03140678256750107
        },
        "lima_221": {
            "lima_221": -0.003786246059462428,
            "lima_203": 0.005571682937443256,
            "lima_249": 0.0015163177158683538,
            "lima_534": -0.013158770278096199,
            "lima_127": -0.013066072016954422
        }
    },
    "58838016": {
        "lima_202": {
            "lima_202": 0.005504042375832796,
            "lima_66": -0.005790000781416893,
            "lima_100": 0.007114505395293236,
            "lima_3": 0.006197729147970676,
            "lima_270": -0.019319191575050354
        },
        "lima_203": {
            "lima_203": -0.024944666773080826,
            "lima_296": -0.004990672692656517,
            "lima_211": -0.006001090165227652,
            "lima_382": -0.00773245794698596,
            "lima_270": -0.0164833702147007
        },
        "lima_204": {
            "lima_204": -0.006315800826996565,
            "lima_530": -0.009619137272238731,
            "lima_898": -0.022413205355405807,
            "lima_94": 6.869289063615724e-05,
            "lima_137": 0.003751591546460986
        },
        "lima_205": {
            "lima_205": 0.02411724627017975,
            "lima_78": 0.008223043754696846,
            "lima_95": -0.001957713393494487,
            "lima_286": 0.0008024448179639876,
            "lima_532": -0.011799310334026814
        },
        "lima_206": {
            "lima_206": -0.0012429109774529934,
            "lima_303": -0.023707054555416107,
            "lima_294": -0.02326018735766411,
            "lima_138": -0.015673544257879257,
            "lima_227": -0.01106167770922184
        },
        "lima_207": {
            "lima_207": -0.016509370878338814,
            "lima_815": -0.01206991821527481,
            "lima_110": 0.00814550556242466,
            "lima_159": -0.012789498083293438,
            "lima_35": -0.0015771302860230207
        },
        "lima_208": {
            "lima_208": -0.030446186661720276,
            "lima_67": 0.01082129031419754,
            "lima_451": -0.03841332718729973,
            "lima_225": -0.02386300265789032,
            "lima_274": -0.008121268823742867
        },
        "lima_209": {
            "lima_209": 0.015891965478658676,
            "lima_48": -0.0021952358074486256,
            "lima_259": -0.006263047456741333,
            "lima_45": 0.0005882274126634002,
            "lima_393": -0.007286157459020615
        },
        "lima_210": {
            "lima_210": 2.2390580852515996e-05,
            "lima_211": -0.01862085983157158,
            "lima_64": -0.0066362712532281876,
            "lima_32": -0.005039545241743326,
            "lima_83": -0.0024572107940912247
        },
        "lima_211": {
            "lima_211": 0.008782364428043365,
            "lima_109": 0.004620781634002924,
            "lima_123": 0.00368935102596879,
            "lima_158": 0.012309960089623928,
            "lima_163": -0.005208378657698631
        },