{
    "11767808": {
        "lima_711": {
            "lima_711": -0.049088798463344574,
            "lima_720": -0.010838278569281101,
            "lima_594": -0.05613509565591812,
            "lima_237": -0.014783189631998539,
            "lima_373": 0.004359791986644268
        },
        "lima_712": {
            "lima_8": 0.00766736688092351,
            "lima_134": 0.0049284156411886215,
            "lima_463": -0.008318319916725159,
            "lima_151": -0.0029098025988787413,
            "lima_712": -0.0011608286295086145
        },
        "lima_713": {
            "lima_824": -0.018870212137699127,
            "lima_713": -0.04886847734451294,
            "lima_576": -0.033653631806373596,
            "lima_374": 0.00892053171992302,
            "lima_833": -0.016885556280612946
        },
        "lima_714": {
            "lima_714": 0.010991010814905167,
            "lima_588": -0.008535012602806091,
            "lima_380": -0.003417770378291607,
            "lima_98": 0.0006215397734194994,
            "lima_512": -0.00892430730164051
        },
        "lima_715": {
            "lima_715": -0.0013416247675195336,
            "lima_80": 0.0032996670342981815,
            "lima_512": 0.0008257189765572548,
            "lima_588": 0.02676881104707718,
            "lima_205": 0.006171237211674452
        },
        "lima_716": {
            "lima_716": -0.03529645502567291,
            "lima_587": 0.009766688570380211,
            "lima_824": -0.035082489252090454,
            "lima_113": -0.003157653147354722,
            "lima_229": 0.010759711265563965
        },
        "lima_717": {
            "lima_502": -0.021054072305560112,
            "lima_717": -0.022132573649287224,
            "lima_468": -0.01089293509721756,
            "lima_48": -0.006588068325072527,
            "lima_248": -0.0012661251239478588
        },
        "lima_718": {
            "lima_55": 0.03415290266275406,
            "lima_489": 0.004838103428483009,
            "lima_583": -0.001853696070611477,
            "lima_185": 0.007857542484998703,
            "lima_718": -0.0003634494496509433
        },
        "lima_719": {
            "lima_315": -0.006367497146129608,
            "lima_6": 0.0013163142139092088,
            "lima_64": 0.0007402661140076816,
            "lima_462": -0.015030207112431526,
            "lima_719": -0.03325064107775688
        },
        "lima_720": {
            "lima_720": -0.024367254227399826,
            "lima_600": -0.007679978851228952,
            "lima_539": -0.01971045881509781,
            "lima_520": -0.05131295695900917,
            "lima_176": 0.006683105602860451
        },
        "lima_721": {
            "lima_721": 0.023327069357037544,
            "lima_798": 0.00013864121865481138,
            "lima_732": -0.02205542102456093,
            "lima_462": -0.03406331688165665,
            "lima_6": -0.003186581889167428
        },
        "lima_722": {
            "lima_587": 0.016929812729358673,
            "lima_722": -0.062312282621860504,
            "lima_583": -0.0074035534635186195,
            "lima_551": -0.025066420435905457,
            "lima_195": -0.0015259163919836283
        },
        "lima_723": {
            "lima_723": -0.022686731070280075,
            "lima_6": 0.01597927138209343,
            "lima_134": 0.0007921030628494918,
            "lima_462": -0.01769818551838398,
            "lima_40": -0.002900541527196765
        },
        "lima_724": {
            "lima_724": -0.0028176079504191875,
            "lima_147": 0.005913698114454746,
            "lima_862": 0.017977513372898102,
            "lima_167": 0.011668701656162739,
            "lima_80": 0.004792641848325729
        },
        "lima_725": {
            "lima_725": 0.006917452439665794,
            "lima_55": 0.033724572509527206,
            "lima_249": 0.0035398276522755623,
            "lima_241": -0.005157556384801865,
            "lima_517": -0.011226749047636986
        },
        "lima_726": {
            "lima_726": -0.03207036852836609,
            "lima_73": 0.005542481318116188,
            "lima_151": -0.010264202021062374,
            "lima_393": 0.003792545758187771,
            "lima_427": -0.01875554770231247
        },
        "lima_727": {
            "lima_588": 0.0062049999833106995,
            "lima_727": -0.033324189484119415,
            "lima_462": -0.032821379601955414,
            "lima_266": -0.021625053137540817,
            "lima_279": -0.015287326648831367
        },
        "lima_728": {
            "lima_587": 0.004219771362841129,
            "lima_728": -0.019689394161105156,
            "lima_195": 0.0058480980806052685,
            "lima_380": -0.0006302041001617908,
            "lima_266": -0.003466939553618431
        },
        "lima_729": {
            "lima_653": -0.009364688768982887,
            "lima_510": 0.032123811542987823,
            "lima_188": -0.03057190589606762,
            "lima_123": -0.010733812116086483,
            "lima_729": -0.03224215656518936
        },
        "lima_730": {
            "lima_583": -0.035404548048973083,
            "lima_489": -0.03204720467329025,
            "lima_730": 0.0017390137072652578,
            "lima_624": -0.007176109589636326,
            "lima_732": -0.015486979857087135
        }
    },
    "58838016": {
        "lima_711": {
            "lima_711": -0.04880193620920181,
            "lima_720": -0.010352015495300293,
            "lima_594": -0.05622084438800812,
            "lima_237": -0.014510765671730042,
            "lima_373": 0.004164909012615681
        },
        "lima_712": {
            "lima_8": 0.008169245906174183,
            "lima_134": 0.006067064590752125,
            "lima_463": -0.008491764776408672,
            "lima_151": -0.0030013667419552803,
            "lima_712": -0.0012166546657681465
        },
        "lima_713": {
            "lima_824": -0.019199112430214882,
            "lima_713": -0.048877887427806854,
            "lima_576": -0.03322643041610718,
            "lima_374": 0.008930564858019352,
            "lima_833": -0.016392014920711517
        },
        "lima_714": {
            "lima_714": 0.010451016947627068,
            "lima_588": -0.00907217152416706,
            "lima_380": -0.002898190636187792,
            "lima_98": 0.0012516569113358855,
            "lima_512": -0.008926335722208023
        },
        "lima_715": {
            "lima_715": -0.0011961690615862608,
            "lima_80": 0.003216890385374427,
            "lima_512": 0.0007619527750648558,
            "lima_588": 0.02599555253982544,
            "lima_205": 0.006176242604851723
        },
        "lima_716": {
            "lima_716": -0.03513353317975998,
            "lima_587": 0.010153396986424923,
            "lima_824": -0.03506574034690857,
            "lima_113": -0.0035303006879985332,
            "lima_229": 0.010879484936594963
        },
        "lima_717": {
            "lima_502": -0.020780321210622787,
            "lima_717": -0.021864116191864014,
            "lima_468": -0.011083507910370827,
            "lima_48": -0.0068306587636470795,
            "lima_248": -0.0021545374765992165
        },
        "lima_718": {
            "lima_55": 0.03415656089782715,
            "lima_489": 0.00449358718469739,
            "lima_583": -0.002551187528297305,
            "lima_185": 0.007568445987999439,
            "lima_718": -0.0009276081109419465
        },
        "lima_719": {
            "lima_315": -0.006466569844633341,
            "lima_6": 0.001396173145622015,
            "lima_64": 0.000880932726431638,
            "lima_462": -0.014998232014477253,
            "lima_719": -0.03258514404296875
        },
        "lima_720": {
            "lima_720": -0.02476130984723568,
            "lima_600": -0.008034147322177887,
            "lima_539": -0.02004971168935299,
            "lima_520": -0.051488541066646576,
            "lima_176": 0.006400486454367638
        },