{
    "11767808": {
        "lima_851": {
            "lima_851": 0.057035937905311584,
            "lima_127": 0.007130515296012163,
            "lima_988": 0.01746084913611412,
            "lima_994": 0.02843758836388588,
            "lima_913": 0.06973988562822342
        },
        "lima_852": {
            "lima_852": 0.008479946292936802,
            "lima_183": 0.006129933521151543,
            "lima_779": 0.004374532960355282,
            "lima_276": 0.0018824588041752577,
            "lima_425": 0.005426115356385708
        },
        "lima_853": {
            "lima_808": -0.012254894711077213,
            "lima_838": -0.029248841106891632,
            "lima_846": -0.010457450523972511,
            "lima_814": 0.03388284146785736,
            "lima_853": 0.004056931007653475
        },
        "lima_854": {
            "lima_806": 0.010200641117990017,
            "lima_814": 0.014323491603136063,
            "lima_842": -0.002080207224935293,
            "lima_561": -0.00889130774885416,
            "lima_854": 8.847426215652376e-05
        },
        "lima_855": {
            "lima_855": 0.01423138752579689,
            "lima_897": 0.03125647082924843,
            "lima_819": -0.003075895830988884,
            "lima_870": 0.007202602922916412,
            "lima_893": -0.022370371967554092
        },
        "lima_856": {
            "lima_856": -0.028627341613173485,
            "lima_962": -0.015554459765553474,
            "lima_562": -0.06828407943248749,
            "lima_581": -0.010207725688815117,
            "lima_913": 0.0556478276848793
        },
        "lima_857": {
            "lima_283": -0.004164704587310553,
            "lima_838": -0.01074780710041523,
            "lima_808": -0.004726010840386152,
            "lima_846": -0.0035644685849547386,
            "lima_857": 0.0013264541048556566
        },
        "lima_858": {
            "lima_636": -0.013759334571659565,
            "lima_983": 0.008455129340291023,
            "lima_971": -0.025201696902513504,
            "lima_515": -0.014316363260149956,
            "lima_858": 0.009222147986292839
        },
        "lima_859": {
            "lima_859": -0.012841122224926949,
            "lima_850": -0.02339942753314972,
            "lima_875": 0.008144872263073921,
            "lima_550": -0.023443937301635742,
            "lima_893": -0.0198254082351923
        },
        "lima_860": {
            "lima_860": 0.01861593686044216,
            "lima_731": -0.016514914110302925,
            "lima_862": -0.004079836420714855,
            "lima_826": -0.005189736373722553,
            "lima_55": 0.009662443771958351
        },
        "lima_861": {
            "lima_317": -0.0035261213779449463,
            "lima_42": 0.0022649061866104603,
            "lima_259": -0.004525902681052685,
            "lima_252": 0.0005975991953164339,
            "lima_861": 0.0014641693560406566
        },
        "lima_862": {
            "lima_862": 0.015552666038274765,
            "lima_872": -0.003333894070237875,
            "lima_127": 0.006914923898875713,
            "lima_988": -0.0052009690552949905,
            "lima_897": -0.0014636385021731257
        },
        "lima_863": {
            "lima_863": -0.056244611740112305,
            "lima_951": 0.025071585550904274,
            "lima_987": -0.0017010552110150456,
            "lima_851": -0.0067357225343585014,
            "lima_960": -0.016826782375574112
        },
        "lima_864": {
            "lima_905": 0.012129858136177063,
            "lima_867": 0.022571269422769547,
            "lima_975": 0.006350435316562653,
            "lima_64": -0.005792292300611734,
            "lima_864": 0.004420725628733635
        },
        "lima_865": {
            "lima_203": 0.0008779052877798676,
            "lima_374": 0.0026394000742584467,
            "lima_283": -0.005493391305208206,
            "lima_485": -0.002459104172885418,
            "lima_865": 0.008546750992536545
        },
        "lima_866": {
            "lima_866": 0.010720554739236832,
            "lima_950": 0.050365421921014786,
            "lima_994": 0.023033184930682182,
            "lima_872": 0.013059485703706741,
            "lima_893": -0.020586468279361725
        },
        "lima_867": {
            "lima_867": 0.02245033159852028,
            "lima_997": -0.030233267694711685,
            "lima_844": -0.03126133605837822,
            "lima_921": -0.0029211360961198807,
            "lima_45": -0.004025203641504049
        },
        "lima_868": {
            "lima_1": 0.00317763932980597,
            "lima_83": -0.005741013213992119,
            "lima_838": -0.013741344213485718,
            "lima_830": -0.011113266460597515,
            "lima_868": 0.004286343231797218
        },
        "lima_869": {
            "lima_54": -3.398075932636857e-05,
            "lima_211": -0.004702611826360226,
            "lima_83": 0.0005604424513876438,
            "lima_1": 0.0008888822630979121,
            "lima_869": 0.010249311104416847
        },
        "lima_870": {
            "lima_870": 0.014774436131119728,
            "lima_893": 0.007205715868622065,
            "lima_872": 0.014549897983670235,
            "lima_64": -0.001857611583545804,
            "lima_951": 0.021458236500620842
        }
    },
    "58838016": {
        "lima_851": {
            "lima_851": 0.05685340240597725,
            "lima_127": 0.006782731506973505,
            "lima_988": 0.018295418471097946,
            "lima_994": 0.02846112847328186,
            "lima_913": 0.07030987739562988
        },
        "lima_852": {
            "lima_852": 0.008750074543058872,
            "lima_183": 0.0060441154055297375,
            "lima_779": 0.003923498094081879,
            "lima_276": 0.0024483525194227695,
            "lima_425": 0.005180551670491695
        },
        "lima_853": {
            "lima_808": -0.012118929997086525,
            "lima_838": -0.029672425240278244,
            "lima_846": -0.010262096300721169,
            "lima_814": 0.03349248319864273,
            "lima_853": 0.004352054558694363
        },
        "lima_854": {
            "lima_806": 0.0100295040756464,
            "lima_814": 0.014128027483820915,
            "lima_842": -0.0020971326157450676,
            "lima_561": -0.009085280820727348,
            "lima_854": -5.305177182890475e-05
        },
        "lima_855": {
            "lima_855": 0.014310270547866821,
            "lima_897": 0.031151732429862022,
            "lima_819": -0.0033067530021071434,
            "lima_870": 0.007533647119998932,
            "lima_893": -0.022302567958831787
        },
        "lima_856": {
            "lima_856": -0.029204821214079857,
            "lima_962": -0.016006920486688614,
            "lima_562": -0.06831829249858856,
            "lima_581": -0.010978514328598976,
            "lima_913": 0.055203258991241455
        },
        "lima_857": {
            "lima_283": -0.003930871374905109,
            "lima_838": -0.010119213722646236,
            "lima_808": -0.004268522374331951,
            "lima_846": -0.0033385329879820347,
            "lima_857": 0.0007938019698485732
        },
        "lima_858": {
            "lima_636": -0.01415455061942339,
            "lima_983": 0.008265786804258823,
            "lima_971": -0.025492068380117416,
            "lima_515": -0.014538818970322609,
            "lima_858": 0.008717451244592667
        },
        "lima_859": {
            "lima_859": -0.013094962574541569,
            "lima_850": -0.024184204638004303,
            "lima_875": 0.007931191474199295,
            "lima_550": -0.023125074803829193,
            "lima_893": -0.019974306225776672
        },
        "lima_860": {
            "lima_860": 0.019117524847388268,
            "lima_731": -0.016926202923059464,
            "lima_862": -0.00411225575953722,
            "lima_826": -0.005460232030600309,
            "lima_55": 0.009424999356269836
        },