{
    "11767808": {
        "lima_689": {
            "lima_587": 0.0052218809723854065,
            "lima_642": -0.019683919847011566,
            "lima_583": -0.019849713891744614,
            "lima_551": -0.05257192254066467,
            "lima_689": -0.03790520131587982
        },
        "lima_690": {
            "lima_690": -0.04161236435174942,
            "lima_40": -0.0008751959539949894,
            "lima_587": 0.012732641771435738,
            "lima_256": -0.011728248558938503,
            "lima_583": -0.012886695563793182
        },
        "lima_691": {
            "lima_382": 0.0038225918542593718,
            "lima_6": -0.0015709754079580307,
            "lima_392": -0.011006107553839684,
            "lima_588": -0.011903947219252586,
            "lima_691": 0.0014191329246386886
        },
        "lima_692": {
            "lima_692": 0.017237912863492966,
            "lima_31": -0.0015218907501548529,
            "lima_367": -0.00658775120973587,
            "lima_274": 0.010250130668282509,
            "lima_183": -0.0007199934334494174
        },
        "lima_693": {
            "lima_693": -0.022725053131580353,
            "lima_462": -0.02634921669960022,
            "lima_588": -0.0006208192789927125,
            "lima_41": -0.016914108768105507,
            "lima_256": -0.028322875499725342
        },
        "lima_694": {
            "lima_694": -0.01860157400369644,
            "lima_134": -0.0053694709204137325,
            "lima_305": -0.003655320033431053,
            "lima_6": -0.005241908133029938,
            "lima_40": -0.0019530465360730886
        },
        "lima_695": {
            "lima_695": -0.0019811808597296476,
            "lima_499": -0.014675217680633068,
            "lima_374": -0.003080070950090885,
            "lima_821": -0.00264282850548625,
            "lima_828": -0.03689996525645256
        },
        "lima_697": {
            "lima_601": -0.02254338189959526,
            "lima_769": -0.022964470088481903,
            "lima_463": -0.023668453097343445,
            "lima_29": 0.0038942727260291576,
            "lima_697": -0.03704315796494484
        },
        "lima_698": {
            "lima_698": 0.002881221007555723,
            "lima_555": 0.014866391196846962,
            "lima_196": -0.010816882364451885,
            "lima_327": -0.0032921191304922104,
            "lima_35": -0.011814551427960396
        },
        "lima_699": {
            "lima_699": -0.02849676087498665,
            "lima_61": -0.005815214477479458,
            "lima_6": 0.003332644235342741,
            "lima_462": -0.01686921715736389,
            "lima_315": 0.008810212835669518
        },
        "lima_700": {
            "lima_700": -0.009784135967493057,
            "lima_6": 0.003983895294368267,
            "lima_176": -0.0010847714729607105,
            "lima_462": -0.01894662156701088,
            "lima_165": -0.0038670292124152184
        },
        "lima_701": {
            "lima_701": -0.003364156698808074,
            "lima_48": -0.012220697477459908,
            "lima_609": -0.019512254744768143,
            "lima_256": -0.007174544036388397,
            "lima_169": -0.012142861261963844
        },
        "lima_702": {
            "lima_702": -0.02738078683614731,
            "lima_374": 0.005997520871460438,
            "lima_512": -0.03664063662290573,
            "lima_588": -0.029197826981544495,
            "lima_205": 0.002516519743949175
        },
        "lima_703": {
            "lima_587": 0.003939410671591759,
            "lima_993": 0.002261563204228878,
            "lima_55": 0.01457441970705986,
            "lima_195": -0.003913320600986481,
            "lima_703": -0.049554452300071716
        },
        "lima_704": {
            "lima_704": -0.028653161600232124,
            "lima_587": -0.004949372727423906,
            "lima_725": -0.005575565155595541,
            "lima_652": -0.009570881724357605,
            "lima_489": -0.02412724308669567
        },
        "lima_705": {
            "lima_705": -0.009347212500870228,
            "lima_462": -0.030153172090649605,
            "lima_587": 0.0068537830375134945,
            "lima_41": -0.012769512832164764,
            "lima_279": -0.013793672434985638
        },
        "lima_706": {
            "lima_706": -0.058343276381492615,
            "lima_40": -0.009693817235529423,
            "lima_237": -0.01706128939986229,
            "lima_136": -0.004804668948054314,
            "lima_330": -0.011933662928640842
        },
        "lima_707": {
            "lima_587": 0.003405979834496975,
            "lima_583": -0.019149862229824066,
            "lima_707": -0.033901967108249664,
            "lima_695": -0.008145414292812347,
            "lima_499": -0.003551514120772481
        },
        "lima_708": {
            "lima_708": -0.020237749442458153,
            "lima_55": 0.01339699886739254,
            "lima_587": 0.010809103026986122,
            "lima_249": 0.01063667330890894,
            "lima_583": -5.6031509302556515e-05
        },
        "lima_709": {
            "lima_709": -0.010636362247169018,
            "lima_527": -0.014902032911777496,
            "lima_474": -0.013194158673286438,
            "lima_519": 0.0002015599748119712,
            "lima_249": -0.0173664391040802
        }
    },
    "58838016": {
        "lima_689": {
            "lima_587": 0.005201161839067936,
            "lima_642": -0.019236791878938675,
            "lima_583": -0.01995997503399849,
            "lima_551": -0.05248492956161499,
            "lima_689": -0.03690900653600693
        },
        "lima_690": {
            "lima_690": -0.04141608625650406,
            "lima_40": -0.0005847327993251383,
            "lima_587": 0.012602195143699646,
            "lima_256": -0.012259804643690586,
            "lima_583": -0.012645010836422443
        },
        "lima_691": {
            "lima_382": 0.004102750681340694,
            "lima_6": -0.001628280384466052,
            "lima_392": -0.011095109395682812,
            "lima_588": -0.012324847280979156,
            "lima_691": 0.002056766301393509
        },
        "lima_692": {
            "lima_692": 0.01689271628856659,
            "lima_31": -0.0019182502292096615,
            "lima_367": -0.006820224225521088,
            "lima_274": 0.01033981703221798,
            "lima_183": -0.000564403017051518
        },
        "lima_693": {
            "lima_693": -0.02251403033733368,
            "lima_462": -0.026268359273672104,
            "lima_588": -0.0008532794890925288,
            "lima_41": -0.0163196362555027,
            "lima_256": -0.02827189490199089
        },
        "lima_694": {
            "lima_694": -0.018830180168151855,
            "lima_134": -0.005813987925648689,
            "lima_305": -0.0035955412313342094,
            "lima_6": -0.005764844827353954,
            "lima_40": -0.0021485763136297464
        },
        "lima_695": {
            "lima_695": -0.001847637235186994,
            "lima_499": -0.014573877677321434,
            "lima_374": -0.003122354857623577,
            "lima_821": -0.0023960114922374487,
            "lima_828": -0.0364651158452034
        },
        "lima_697": {
            "lima_601": -0.023126810789108276,
            "lima_769": -0.0227825865149498,
            "lima_463": -0.0237814299762249,
            "lima_29": 0.004546826705336571,
            "lima_697": -0.03704635798931122
        },
        "lima_698": {
            "lima_698": 0.0026367788668721914,
            "lima_555": 0.014342778362333775,
            "lima_196": -0.011178271844983101,
            "lima_327": -0.0033654840663075447,
            "lima_35": -0.011971540749073029
        },
        "lima_699": {
            "lima_699": -0.02846197411417961,
            "lima_61": -0.005372494459152222,
            "lima_6": 0.0029214094392955303,
            "lima_462": -0.01709286868572235,
            "lima_315": 0.009521406143903732
        },