{
    "11767808": {
        "lima_262": {
            "lima_262": 0.04868484288454056,
            "lima_123": -0.017254598438739777,
            "lima_144": -0.017806721851229668,
            "lima_253": -0.0048066116869449615,
            "lima_249": 0.009601633995771408
        },
        "lima_263": {
            "lima_263": -0.01870274916291237,
            "lima_458": 0.011218979954719543,
            "lima_273": -0.01872568577528,
            "lima_441": 0.004088904242962599,
            "lima_511": -0.0006429013446904719
        },
        "lima_264": {
            "lima_264": 0.010791757144033909,
            "lima_300": 0.011262278072535992,
            "lima_98": 0.0035702227614820004,
            "lima_110": 0.017766907811164856,
            "lima_290": 0.01625020056962967
        },
        "lima_265": {
            "lima_265": 0.0030223550274968147,
            "lima_6": 0.015780027955770493,
            "lima_195": 0.003300389042124152,
            "lima_152": 0.0018705457914620638,
            "lima_173": 0.014987417496740818
        },
        "lima_266": {
            "lima_266": 0.02720009908080101,
            "lima_927": -0.006117154844105244,
            "lima_446": -0.028290294110774994,
            "lima_380": 0.003924468066543341,
            "lima_257": 0.02816580981016159
        },
        "lima_267": {
            "lima_267": 0.013353774324059486,
            "lima_123": -0.007129542529582977,
            "lima_374": 0.009264117106795311,
            "lima_37": -0.0006319392705336213,
            "lima_296": 0.0008816666668280959
        },
        "lima_268": {
            "lima_268": 0.006485833786427975,
            "lima_378": -0.001708452240563929,
            "lima_106": 0.00704637635499239,
            "lima_726": -0.012049824930727482,
            "lima_98": 0.0050510223954916
        },
        "lima_269": {
            "lima_269": 0.025721466168761253,
            "lima_23": 0.001332454034127295,
            "lima_204": -0.01548270508646965,
            "lima_441": -0.0164748914539814,
            "lima_511": -0.010909312404692173
        },
        "lima_270": {
            "lima_270": -0.008718108758330345,
            "lima_228": 0.05655320733785629,
            "lima_374": 0.0011505258735269308,
            "lima_211": 0.004424650687724352,
            "lima_430": 0.08230286091566086
        },
        "lima_271": {
            "lima_271": 0.010788106359541416,
            "lima_162": -0.01200735941529274,
            "lima_230": 0.003243497107177973,
            "lima_211": -0.010872364975512028,
            "lima_391": 0.008846072480082512
        },
        "lima_272": {
            "lima_272": -0.03090721182525158,
            "lima_368": -0.00012010434875264764,
            "lima_75": -0.005536016542464495,
            "lima_804": -0.015231117606163025,
            "lima_290": 0.0020856212358921766
        },
        "lima_273": {
            "lima_273": -0.02307484671473503,
            "lima_260": -0.012719200924038887,
            "lima_335": -0.018122296780347824,
            "lima_292": -0.023784849792718887,
            "lima_394": -0.009998675435781479
        },
        "lima_274": {
            "lima_274": -0.021289151161909103,
            "lima_94": -0.009747223928570747,
            "lima_203": -0.0057665444910526276,
            "lima_211": -0.016008172184228897,
            "lima_37": -0.02852029539644718
        },
        "lima_275": {
            "lima_275": -0.00855656061321497,
            "lima_127": 0.00014671706594526768,
            "lima_147": -0.02472103387117386,
            "lima_290": -0.00048079248517751694,
            "lima_893": -0.002105453284457326
        },
        "lima_276": {
            "lima_276": 0.0077964868396520615,
            "lima_588": -0.014048784971237183,
            "lima_506": -0.04028083011507988,
            "lima_470": -0.007558403071016073,
            "lima_462": -0.04661767929792404
        },
        "lima_277": {
            "lima_277": -0.007913589477539062,
            "lima_215": -0.009790711104869843,
            "lima_103": 0.009408868849277496,
            "lima_218": 0.018865440040826797,
            "lima_23": 0.0032560203690081835
        },
        "lima_278": {
            "lima_278": -0.013229443691670895,
            "lima_173": 0.00643665436655283,
            "lima_88": 0.00041627988684922457,
            "lima_101": -0.005079110153019428,
            "lima_306": -0.0083696274086833
        },
        "lima_279": {
            "lima_279": -0.010811329819262028,
            "lima_347": 0.0011435877531766891,
            "lima_80": -0.0037069860845804214,
            "lima_98": 0.0012897034175693989,
            "lima_588": 0.004669752903282642
        },
        "lima_280": {
            "lima_280": 0.008659081533551216,
            "lima_383": -0.02235904149711132,
            "lima_81": -0.017856495454907417,
            "lima_259": -0.0032828529365360737,
            "lima_137": -0.01722809299826622
        },
        "lima_281": {
            "lima_281": -0.008217153139412403,
            "lima_211": -0.013229554519057274,
            "lima_290": -0.0026846504770219326,
            "lima_5": -0.01964072324335575,
            "lima_296": -0.004523736424744129
        }
    },
    "58838016": {
        "lima_262": {
            "lima_262": 0.0488831028342247,
            "lima_123": -0.017144370824098587,
            "lima_144": -0.018015198409557343,
            "lima_253": -0.004990795627236366,
            "lima_249": 0.009383543394505978
        },
        "lima_263": {
            "lima_263": -0.01853121817111969,
            "lima_458": 0.011014651507139206,
            "lima_273": -0.01854327693581581,
            "lima_441": 0.004416206851601601,
            "lima_511": -6.433780072256923e-05
        },
        "lima_264": {
            "lima_264": 0.01098117046058178,
            "lima_300": 0.01119973510503769,
            "lima_98": 0.003452538512647152,
            "lima_110": 0.018194466829299927,
            "lima_290": 0.015805456787347794
        },
        "lima_265": {
            "lima_265": 0.003229378256946802,
            "lima_6": 0.01626088097691536,
            "lima_195": 0.0034107184037566185,
            "lima_152": 0.0016720077255740762,
            "lima_173": 0.015257826074957848
        },
        "lima_266": {
            "lima_266": 0.027228515595197678,
            "lima_927": -0.00630059652030468,
            "lima_446": -0.02786305546760559,
            "lima_380": 0.0040495749562978745,
            "lima_257": 0.028196580708026886
        },
        "lima_267": {
            "lima_267": 0.01317878533154726,
            "lima_123": -0.00706860888749361,
            "lima_374": 0.00972615648061037,
            "lima_37": -0.0010802415199577808,
            "lima_296": 0.0017735769506543875
        },
        "lima_268": {
            "lima_268": 0.005872270092368126,
            "lima_378": -0.0013084434904158115,
            "lima_106": 0.007276337128132582,
            "lima_726": -0.011263585649430752,
            "lima_98": 0.004876559134572744
        },
        "lima_269": {
            "lima_269": 0.02607983723282814,
            "lima_23": 0.0010565209668129683,
            "lima_204": -0.015425952151417732,
            "lima_441": -0.016466103494167328,
            "lima_511": -0.010549584403634071
        },
        "lima_270": {
            "lima_270": -0.008831879124045372,
            "lima_228": 0.05673396587371826,
            "lima_374": 0.0016025810036808252,
            "lima_211": 0.004808260127902031,
            "lima_430": 0.08229534327983856
        },
        "lima_271": {
            "lima_271": 0.010766842402517796,
            "lima_162": -0.012118492275476456,
            "lima_230": 0.003376089269295335,
            "lima_211": -0.010607131756842136,
            "lima_391": 0.008710435591638088
        },