{
    "11767808": {
        "lima_564": {
            "lima_964": -0.018614985048770905,
            "lima_965": -0.018424879759550095,
            "lima_966": -0.010052645578980446,
            "lima_967": -0.008611489087343216,
            "lima_564": -0.0129817184060812
        },
        "lima_565": {
            "lima_565": -0.07439295947551727,
            "lima_687": -0.0018434624653309584,
            "lima_654": -0.01948224939405918,
            "lima_667": -0.009067011997103691,
            "lima_414": 0.001881256466731429
        },
        "lima_566": {
            "lima_80": -0.005044463090598583,
            "lima_393": -0.0034843855537474155,
            "lima_8": 0.004059494473040104,
            "lima_11": -0.017465926706790924,
            "lima_566": -0.0647929459810257
        },
        "lima_567": {
            "lima_567": 0.009260477498173714,
            "lima_392": 0.009500538930296898,
            "lima_250": 0.0033040158450603485,
            "lima_437": 0.0007728721247985959,
            "lima_627": -0.007120778784155846
        },
        "lima_568": {
            "lima_568": -0.025596294552087784,
            "lima_191": 0.0046740807592868805,
            "lima_881": -0.005117334891110659,
            "lima_488": -0.015688763931393623,
            "lima_37": -0.01582418940961361
        },
        "lima_569": {
            "lima_569": 0.023158878087997437,
            "lima_506": -0.010280227288603783,
            "lima_803": -0.0007783573819324374,
            "lima_806": 0.0025529684498906136,
            "lima_839": -0.016012918204069138
        },
        "lima_570": {
            "lima_570": -0.03624313324689865,
            "lima_15": -0.004368537571281195,
            "lima_25": -0.01981019228696823,
            "lima_5": -0.026302728801965714,
            "lima_274": -0.022916220128536224
        },
        "lima_571": {
            "lima_571": -0.04392000287771225,
            "lima_123": -0.011402786709368229,
            "lima_374": 0.0013622273690998554,
            "lima_158": -0.008048392832279205,
            "lima_270": -0.005770623218268156
        },
        "lima_572": {
            "lima_841": 0.005285040475428104,
            "lima_418": -0.035640813410282135,
            "lima_364": -0.0036839484237134457,
            "lima_98": 0.004313251934945583,
            "lima_572": 0.006086200010031462
        },
        "lima_573": {
            "lima_573": -0.050244055688381195,
            "lima_463": -0.050631843507289886,
            "lima_23": -0.004986993968486786,
            "lima_213": -0.0209488607943058,
            "lima_8": 0.00299396482296288
        },
        "lima_574": {
            "lima_574": 0.04032820463180542,
            "lima_417": -0.010184811428189278,
            "lima_903": 0.055349450558423996,
            "lima_970": -0.015226188115775585,
            "lima_486": 0.0008792072185315192
        },
        "lima_575": {
            "lima_575": -0.018659522756934166,
            "lima_553": 0.04327693581581116,
            "lima_852": 0.0013969980645924807,
            "lima_478": -0.014184362255036831,
            "lima_454": -0.02312742918729782
        },
        "lima_576": {
            "lima_576": -0.07806586474180222,
            "lima_129": -0.009399423375725746,
            "lima_463": -0.019275613129138947,
            "lima_213": -0.015109000727534294,
            "lima_573": -0.040326762944459915
        },
        "lima_577": {
            "lima_577": 0.0021997084841132164,
            "lima_586": -0.03636924922466278,
            "lima_505": -0.0330977588891983,
            "lima_101": -0.004722618497908115,
            "lima_549": -0.005421050824224949
        },
        "lima_579": {
            "lima_579": -0.012989170849323273,
            "lima_463": -0.01070341281592846,
            "lima_595": 0.019142940640449524,
            "lima_465": -0.004658247344195843,
            "lima_562": -0.02350693941116333
        },
        "lima_580": {
            "lima_580": -0.030744295567274094,
            "lima_444": -0.05773219093680382,
            "lima_413": 0.00033650448312982917,
            "lima_72": -0.002028924645856023,
            "lima_211": -0.013338398188352585
        },
        "lima_581": {
            "lima_581": -0.021631060168147087,
            "lima_535": 0.013131532818078995,
            "lima_536": -0.03366144746541977,
            "lima_988": -0.021215790882706642,
            "lima_37": -0.04569564387202263
        },
        "lima_582": {
            "lima_582": -0.04034818708896637,
            "lima_203": 0.00019601892563514411,
            "lima_179": -0.004427317529916763,
            "lima_374": 0.009501846507191658,
            "lima_83": -0.003527985420078039
        },
        "lima_583": {
            "lima_583": -0.029574181884527206,
            "lima_548": -0.02556866966187954,
            "lima_77": 0.0033262057695537806,
            "lima_840": -0.01176673173904419,
            "lima_489": -0.011775102466344833
        },
        "lima_584": {
            "lima_322": -0.011749017983675003,
            "lima_361": 0.009348350577056408,
            "lima_976": 0.01530042476952076,
            "lima_378": 0.007520034909248352,
            "lima_584": 0.01465993095189333
        }
    },
    "58838016": {
        "lima_564": {
            "lima_964": -0.01874655671417713,
            "lima_965": -0.0185228381305933,
            "lima_966": -0.009535938501358032,
            "lima_967": -0.008217569440603256,
            "lima_564": -0.013133348897099495
        },
        "lima_565": {
            "lima_565": -0.07475972175598145,
            "lima_687": -0.0017646009800955653,
            "lima_654": -0.020061589777469635,
            "lima_667": -0.008840627036988735,
            "lima_414": 0.0017800605855882168
        },
        "lima_566": {
            "lima_80": -0.005045618861913681,
            "lima_393": -0.004249165765941143,
            "lima_8": 0.004132608417421579,
            "lima_11": -0.017135199159383774,
            "lima_566": -0.0647372454404831
        },
        "lima_567": {
            "lima_567": 0.009561924263834953,
            "lima_392": 0.009601338766515255,
            "lima_250": 0.00345104793086648,
            "lima_437": 0.001256310846656561,
            "lima_627": -0.007124459370970726
        },
        "lima_568": {
            "lima_568": -0.025299813598394394,
            "lima_191": 0.004435049369931221,
            "lima_881": -0.004921103827655315,
            "lima_488": -0.01565650664269924,
            "lima_37": -0.0161051694303751
        },
        "lima_569": {
            "lima_569": 0.023069415241479874,
            "lima_506": -0.009935267269611359,
            "lima_803": -0.0003750294563360512,
            "lima_806": 0.0026070671156048775,
            "lima_839": -0.01631230302155018
        },
        "lima_570": {
            "lima_570": -0.03619047626852989,
            "lima_15": -0.004397017881274223,
            "lima_25": -0.019565869122743607,
            "lima_5": -0.026567324995994568,
            "lima_274": -0.023175649344921112
        },
        "lima_571": {
            "lima_571": -0.043671004474163055,
            "lima_123": -0.010536467656493187,
            "lima_374": 0.0017358699114993215,
            "lima_158": -0.007488425821065903,
            "lima_270": -0.005635254550725222
        },
        "lima_572": {
            "lima_841": 0.005418520420789719,
            "lima_418": -0.03547615557909012,
            "lima_364": -0.0040249330922961235,
            "lima_98": 0.00450926274061203,
            "lima_572": 0.006070345174521208
        },
        "lima_573": {
            "lima_573": -0.04992388188838959,
            "lima_463": -0.05063074082136154,
            "lima_23": -0.004716779105365276,
            "lima_213": -0.02106991410255432,
            "lima_8": 0.003133640857413411
        },