{
    "11767808": {
        "lima_668": {
            "lima_668": -0.012452762573957443,
            "lima_374": 0.009031787514686584,
            "lima_512": -0.03391149267554283,
            "lima_588": -0.030284486711025238,
            "lima_205": -0.005003427155315876
        },
        "lima_669": {
            "lima_669": -0.01199028268456459,
            "lima_587": 0.015670469030737877,
            "lima_195": 0.000903503387235105,
            "lima_872": -0.003297272836789489,
            "lima_583": -0.01998823508620262
        },
        "lima_670": {
            "lima_670": 0.015367270447313786,
            "lima_40": -0.0018389690667390823,
            "lima_136": 0.0026703192852437496,
            "lima_6": 0.005237173289060593,
            "lima_462": -0.005324899684637785
        },
        "lima_671": {
            "lima_671": -0.016310755163431168,
            "lima_279": -0.009701007045805454,
            "lima_11": -0.010306214913725853,
            "lima_41": -0.006511075887829065,
            "lima_462": -0.01752520352602005
        },
        "lima_672": {
            "lima_672": -0.023292841389775276,
            "lima_462": 6.983500497881323e-05,
            "lima_587": 0.012809854000806808,
            "lima_740": -0.026825694367289543,
            "lima_588": 0.004736053757369518
        },
        "lima_673": {
            "lima_673": -0.05201271176338196,
            "lima_6": -0.0007027219398878515,
            "lima_462": -0.04128509759902954,
            "lima_176": 0.005939244292676449,
            "lima_315": 0.0011020863894373178
        },
        "lima_674": {
            "lima_674": -0.013091989792883396,
            "lima_319": -0.004817236214876175,
            "lima_45": -0.005274822004139423,
            "lima_588": 0.0003033305983990431,
            "lima_380": 0.005203967448323965
        },
        "lima_675": {
            "lima_675": -0.009287577122449875,
            "lima_588": -0.013736230321228504,
            "lima_380": -0.0022668808232992887,
            "lima_98": 0.008787624537944794,
            "lima_512": -0.015621321275830269
        },
        "lima_676": {
            "lima_676": 0.027270719408988953,
            "lima_481": -0.01412502396851778,
            "lima_999": -0.012820892035961151,
            "lima_11": -0.0002825530245900154,
            "lima_48": -0.00435291463509202
        },
        "lima_677": {
            "lima_587": -0.000766690238378942,
            "lima_195": 0.0013959521893411875,
            "lima_295": 0.002506026066839695,
            "lima_188": -0.008913720026612282,
            "lima_677": 0.00391238322481513
        },
        "lima_678": {
            "lima_678": -0.017193995416164398,
            "lima_374": 0.009520296938717365,
            "lima_306": 0.0036644977517426014,
            "lima_512": -0.025449926033616066,
            "lima_588": -0.010260791517794132
        },
        "lima_679": {
            "lima_587": 0.009848685935139656,
            "lima_679": -0.02373240515589714,
            "lima_824": 0.0005828054854646325,
            "lima_489": 0.008105937391519547,
            "lima_969": -0.009540779516100883
        },
        "lima_680": {
            "lima_680": 0.002277584746479988,
            "lima_587": 0.01969362050294876,
            "lima_462": -0.013006104156374931,
            "lima_6": 0.004622073378413916,
            "lima_290": 0.00809156708419323
        },
        "lima_681": {
            "lima_681": -0.042747631669044495,
            "lima_539": -0.019970327615737915,
            "lima_235": -0.014882341027259827,
            "lima_527": -0.029177304357290268,
            "lima_406": -0.03247245401144028
        },
        "lima_683": {
            "lima_683": -0.014091944321990013,
            "lima_113": -0.0108992550522089,
            "lima_667": -0.0020353260915726423,
            "lima_393": -0.0033855405636131763,
            "lima_428": -0.00015900935977697372
        },
        "lima_684": {
            "lima_684": -0.02272583171725273,
            "lima_587": -0.00045403430704027414,
            "lima_188": -0.01582544483244419,
            "lima_489": 0.0061817592941224575,
            "lima_583": 0.010413005016744137
        },
        "lima_685": {
            "lima_685": -0.04362902790307999,
            "lima_951": 0.02170826867222786,
            "lima_374": 0.00929525587707758,
            "lima_512": -0.04184059798717499,
            "lima_862": 0.012647036463022232
        },
        "lima_686": {
            "lima_686": -0.04086879640817642,
            "lima_587": 0.0002870347525458783,
            "lima_583": -0.023517457768321037,
            "lima_284": -0.0312630757689476,
            "lima_517": -0.008435024879872799
        },
        "lima_687": {
            "lima_687": -0.016140427440404892,
            "lima_169": -0.005060379393398762,
            "lima_48": 0.0038999649696052074,
            "lima_290": 0.005256566219031811,
            "lima_195": 0.003767038229852915
        },
        "lima_688": {
            "lima_688": -0.01870688796043396,
            "lima_80": -0.004055829718708992,
            "lima_512": -0.010615786537528038,
            "lima_588": 0.007928039878606796,
            "lima_205": 0.006380679085850716
        }
    },
    "58838016": {
        "lima_668": {
            "lima_668": -0.012628307566046715,
            "lima_374": 0.009441997855901718,
            "lima_512": -0.033793672919273376,
            "lima_588": -0.030629277229309082,
            "lima_205": -0.004928388632833958
        },
        "lima_669": {
            "lima_669": -0.012034581042826176,
            "lima_587": 0.015272051095962524,
            "lima_195": 0.00027877482352778316,
            "lima_872": -0.00386048317886889,
            "lima_583": -0.019196227192878723
        },
        "lima_670": {
            "lima_670": 0.015231860801577568,
            "lima_40": -0.0023115198127925396,
            "lima_136": 0.0023123417049646378,
            "lima_6": 0.004769141785800457,
            "lima_462": -0.005365744233131409
        },
        "lima_671": {
            "lima_671": -0.016506146639585495,
            "lima_279": -0.010074632242321968,
            "lima_11": -0.009546608664095402,
            "lima_41": -0.006781411357223988,
            "lima_462": -0.01724996790289879
        },
        "lima_672": {
            "lima_672": -0.02393987402319908,
            "lima_462": 0.00012940244050696492,
            "lima_587": 0.012288767844438553,
            "lima_740": -0.026857685297727585,
            "lima_588": 0.004816622473299503
        },
        "lima_673": {
            "lima_673": -0.0516246035695076,
            "lima_6": -0.00024285393010359257,
            "lima_462": -0.04118161275982857,
            "lima_176": 0.0062331221997737885,
            "lima_315": 0.0010463474318385124
        },
        "lima_674": {
            "lima_674": -0.013385463505983353,
            "lima_319": -0.005249514244496822,
            "lima_45": -0.005089993122965097,
            "lima_588": 0.0006213178858160973,
            "lima_380": 0.004950118251144886
        },
        "lima_675": {
            "lima_675": -0.009428691118955612,
            "lima_588": -0.01397021859884262,
            "lima_380": -0.002963094040751457,
            "lima_98": 0.008392821997404099,
            "lima_512": -0.01613229140639305
        },
        "lima_676": {
            "lima_676": 0.027509655803442,
            "lima_481": -0.014136938378214836,
            "lima_999": -0.013028847053647041,
            "lima_11": -0.00039349665166810155,
            "lima_48": -0.004506390541791916
        },
        "lima_677": {
            "lima_587": -0.0011059510288760066,
            "lima_195": 0.0013459752080962062,
            "lima_295": 0.002150951884686947,
            "lima_188": -0.008761516772210598,
            "lima_677": 0.003756480058655143
        },