{
    "11767808": {
        "lima_60": {
            "lima_60": 0.004207790829241276,
            "lima_192": 0.010629989206790924,
            "lima_37": 0.0076143513433635235,
            "lima_267": 0.021824168041348457,
            "lima_296": 0.00151856429874897
        },
        "lima_61": {
            "lima_61": 0.007446165196597576,
            "lima_122": -0.002325228415429592,
            "lima_83": -0.006562519818544388,
            "lima_56": -0.003998136147856712,
            "lima_896": -0.00709536112844944
        },
        "lima_62": {
            "lima_62": -0.014595229178667068,
            "lima_112": 0.0655999630689621,
            "lima_374": 0.003036775626242161,
            "lima_211": -0.00916806235909462,
            "lima_93": -0.001102011650800705
        },
        "lima_63": {
            "lima_63": -0.013788397423923016,
            "lima_295": -0.006978525780141354,
            "lima_724": -0.013123052194714546,
            "lima_317": -0.01059253141283989,
            "lima_177": -0.010365413501858711
        },
        "lima_64": {
            "lima_64": -0.016344549134373665,
            "lima_163": -0.010008279234170914,
            "lima_166": -0.017784008756279945,
            "lima_248": 0.0027686315588653088,
            "lima_211": -0.01857936382293701
        },
        "lima_65": {
            "lima_65": -0.030353166162967682,
            "lima_805": -0.02120974287390709,
            "lima_205": 0.004688043147325516,
            "lima_0": 0.0026186914183199406,
            "lima_294": -0.011975719593465328
        },
        "lima_66": {
            "lima_66": 0.006256336811929941,
            "lima_42": 0.0048169344663619995,
            "lima_218": 0.0049366760067641735,
            "lima_37": -0.0056752413511276245,
            "lima_82": 0.007357013411819935
        },
        "lima_67": {
            "lima_67": -0.006316728889942169,
            "lima_237": -0.017807593569159508,
            "lima_364": -0.003405819647014141,
            "lima_93": -0.012024780735373497,
            "lima_376": -0.012440480291843414
        },
        "lima_68": {
            "lima_68": -0.015693649649620056,
            "lima_69": -0.03947606682777405,
            "lima_209": -0.005654394160956144,
            "lima_86": -0.008495206013321877,
            "lima_389": 0.006151426583528519
        },
        "lima_69": {
            "lima_69": -0.016774937510490417,
            "lima_255": 0.0050742728635668755,
            "lima_110": 0.006034929305315018,
            "lima_377": -0.013071793131530285,
            "lima_166": -0.005433347076177597
        },
        "lima_70": {
            "lima_952": -0.0016820791643112898,
            "lima_905": -0.009850113652646542,
            "lima_391": 0.011722087860107422,
            "lima_393": 0.008404858410358429,
            "lima_70": -0.04616361856460571
        },
        "lima_71": {
            "lima_71": 0.03914586827158928,
            "lima_310": 0.00815056823194027,
            "lima_164": -0.010980421677231789,
            "lima_109": 0.004037351347506046,
            "lima_143": -0.01708958111703396
        },
        "lima_72": {
            "lima_72": 0.057238273322582245,
            "lima_116": -0.001199044636450708,
            "lima_109": 0.021130487322807312,
            "lima_87": -0.00801806803792715,
            "lima_163": 0.0017342832870781422
        },
        "lima_73": {
            "lima_73": -0.03130599856376648,
            "lima_290": 0.005903641227632761,
            "lima_252": -0.006788387894630432,
            "lima_22": -0.008374812081456184,
            "lima_491": 0.030336305499076843
        },
        "lima_74": {
            "lima_74": 0.0024114500265568495,
            "lima_348": -0.01433408260345459,
            "lima_169": -0.002143493155017495,
            "lima_433": 0.03973451629281044,
            "lima_286": -0.0032410770654678345
        },
        "lima_75": {
            "lima_75": -0.005788449198007584,
            "lima_62": -0.01490712072700262,
            "lima_256": -0.03691844642162323,
            "lima_171": -0.004272016696631908,
            "lima_897": 0.013237321749329567
        },
        "lima_76": {
            "lima_76": 0.0057715680450201035,
            "lima_326": 0.006287590600550175,
            "lima_56": -0.018382947891950607,
            "lima_223": 0.02882453054189682,
            "lima_367": 0.01537197083234787
        },
        "lima_77": {
            "lima_77": 0.0030710212886333466,
            "lima_434": -0.033617209643125534,
            "lima_928": -0.008764351718127728,
            "lima_227": 0.005871770437806845,
            "lima_435": -0.011640221811830997
        },
        "lima_78": {
            "lima_78": 0.005697987042367458,
            "lima_376": -0.01475726068019867,
            "lima_191": -0.002397882752120495,
            "lima_190": 0.012546520680189133,
            "lima_368": -0.027650248259305954
        },
        "lima_79": {
            "lima_79": -0.00012635492021217942,
            "lima_140": -0.012654107064008713,
            "lima_548": -0.020830489695072174,
            "lima_332": -0.005236693657934666,
            "lima_465": -0.0022619282826781273
        }
    },
    "58838016": {
        "lima_60": {
            "lima_60": 0.003742859698832035,
            "lima_192": 0.011271269991993904,
            "lima_37": 0.0078000943176448345,
            "lima_267": 0.022336259484291077,
            "lima_296": 0.0016036531887948513
        },
        "lima_61": {
            "lima_61": 0.007726477459073067,
            "lima_122": -0.0020068592857569456,
            "lima_83": -0.006846105679869652,
            "lima_56": -0.004154158756136894,
            "lima_896": -0.006956807337701321
        },
        "lima_62": {
            "lima_62": -0.014384868554770947,
            "lima_112": 0.06603862345218658,
            "lima_374": 0.003389048855751753,
            "lima_211": -0.009003810584545135,
            "lima_93": -0.0013044329825788736
        },
        "lima_63": {
            "lima_63": -0.014194324612617493,
            "lima_295": -0.0069661252200603485,
            "lima_724": -0.012993762269616127,
            "lima_317": -0.010597730986773968,
            "lima_177": -0.010711224749684334
        },
        "lima_64": {
            "lima_64": -0.015732359141111374,
            "lima_163": -0.009855132550001144,
            "lima_166": -0.017200250178575516,
            "lima_248": 0.0030737172346562147,
            "lima_211": -0.018674172461032867
        },
        "lima_65": {
            "lima_65": -0.030351191759109497,
            "lima_805": -0.021141376346349716,
            "lima_205": 0.004465864971280098,
            "lima_0": 0.0023661814630031586,
            "lima_294": -0.01173937413841486
        },
        "lima_66": {
            "lima_66": 0.0062072258442640305,
            "lima_42": 0.005001327022910118,
            "lima_218": 0.004818358458578587,
            "lima_37": -0.00579347088932991,
            "lima_82": 0.0076774307526648045
        },
        "lima_67": {
            "lima_67": -0.006173354107886553,
            "lima_237": -0.017116520553827286,
            "lima_364": -0.0023517736699432135,
            "lima_93": -0.012007368728518486,
            "lima_376": -0.013346703723073006
        },
        "lima_68": {
            "lima_68": -0.015552700497210026,
            "lima_69": -0.03902711719274521,
            "lima_209": -0.0062712994404137135,
            "lima_86": -0.008255919441580772,
            "lima_389": 0.00604895269498229
        },
        "lima_69": {
            "lima_69": -0.016945762559771538,
            "lima_255": 0.0050927517004311085,
            "lima_110": 0.0064607420936226845,
            "lima_377": -0.012552496045827866,
            "lima_166": -0.004905663430690765
        },
        "lima_70": {
            "lima_952": -0.00118965283036232,