{
    "11767808": {
        "lima_771": {
            "lima_771": -0.005534420721232891,
            "lima_374": 0.014143873006105423,
            "lima_588": 0.009705457836389542,
            "lima_98": -0.0036011915653944016,
            "lima_205": 0.007061872165650129
        },
        "lima_772": {
            "lima_6": 0.009404391050338745,
            "lima_134": 0.0014174331445246935,
            "lima_462": 0.012286691926419735,
            "lima_40": 0.012936389073729515,
            "lima_772": 0.07200302183628082
        },
        "lima_773": {
            "lima_773": -0.004678815603256226,
            "lima_587": -0.004002152010798454,
            "lima_655": -0.044948797672986984,
            "lima_633": -0.04743754863739014,
            "lima_712": -0.0013724735472351313
        },
        "lima_774": {
            "lima_774": -0.010600708425045013,
            "lima_6": -0.004851403646171093,
            "lima_1": -0.0009877076372504234,
            "lima_462": -0.03915153071284294,
            "lima_897": -0.0081141022965312
        },
        "lima_775": {
            "lima_587": 0.0042253113351762295,
            "lima_642": -0.010589372366666794,
            "lima_195": 0.0007686661556363106,
            "lima_742": 0.004315597005188465,
            "lima_775": -0.030647650361061096
        },
        "lima_776": {
            "lima_776": -0.004374661482870579,
            "lima_134": -0.008438630029559135,
            "lima_48": -0.015280136838555336,
            "lima_313": -0.014939730986952782,
            "lima_827": -0.025762245059013367
        },
        "lima_777": {
            "lima_777": 0.0006113889394327998,
            "lima_587": -0.007818368263542652,
            "lima_583": -0.010926964692771435,
            "lima_55": 0.007198902778327465,
            "lima_462": -0.008316329680383205
        },
        "lima_778": {
            "lima_778": -0.03659955784678459,
            "lima_48": -0.010222792625427246,
            "lima_256": -0.0018119995947927237,
            "lima_169": -0.00610007019713521,
            "lima_6": 0.006186044309288263
        },
        "lima_779": {
            "lima_779": -0.014101356267929077,
            "lima_6": -0.0015160373877733946,
            "lima_549": -0.0007352072279900312,
            "lima_462": -0.04696604609489441,
            "lima_176": 0.0070536755956709385
        },
        "lima_780": {
            "lima_673": 0.001423179404810071,
            "lima_6": 0.010863812640309334,
            "lima_780": -0.013683397322893143,
            "lima_462": -0.014392430894076824,
            "lima_897": 0.014378640800714493
        },
        "lima_781": {
            "lima_195": -0.004185560625046492,
            "lima_587": -0.0036418898962438107,
            "lima_188": -0.016889987513422966,
            "lima_517": -0.0016827266663312912,
            "lima_781": -0.009526561014354229
        },
        "lima_782": {
            "lima_782": 0.0007162395631894469,
            "lima_374": 0.005175725556910038,
            "lima_588": -0.01874450594186783,
            "lima_380": -0.0026121868286281824,
            "lima_98": 0.005920157302170992
        },
        "lima_783": {
            "lima_783": 0.03149259090423584,
            "lima_140": 0.001736495760269463,
            "lima_173": 0.005908161401748657,
            "lima_123": 0.005191823933273554,
            "lima_188": -0.013071773573756218
        },
        "lima_784": {
            "lima_587": 0.0077767446637153625,
            "lima_583": -0.014901801012456417,
            "lima_347": -0.012096205726265907,
            "lima_517": -0.03439943492412567,
            "lima_784": -0.02400377206504345
        },
        "lima_785": {
            "lima_374": 0.005453200079500675,
            "lima_837": -0.016438836231827736,
            "lima_165": -0.007930687628686428,
            "lima_113": -0.006739937700331211,
            "lima_785": 0.012898989021778107
        },
        "lima_786": {
            "lima_587": 0.0011121840216219425,
            "lima_583": -0.04520464688539505,
            "lima_98": 0.005204180255532265,
            "lima_119": -0.018958941102027893,
            "lima_786": 0.00572542566806078
        },
        "lima_787": {
            "lima_787": -0.031115245074033737,
            "lima_48": -0.005314992740750313,
            "lima_477": -0.030736902728676796,
            "lima_256": -0.009184826165437698,
            "lima_169": -0.00888337753713131
        },
        "lima_788": {
            "lima_587": 0.009500518441200256,
            "lima_788": -0.02223692089319229,
            "lima_816": 0.007808951660990715,
            "lima_795": 0.002728112041950226,
            "lima_6": 0.01083727553486824
        },
        "lima_789": {
            "lima_789": -0.031182587146759033,
            "lima_374": 0.00013755052350461483,
            "lima_306": 0.010394862852990627,
            "lima_512": -0.021685956045985222,
            "lima_588": -0.020655982196331024
        },
        "lima_790": {
            "lima_790": -0.01613074168562889,
            "lima_22": -0.012240664102137089,
            "lima_315": -0.010668322443962097,
            "lima_6": 0.002807814395055175,
            "lima_123": -0.012790563516318798
        }
    },
    "58838016": {
        "lima_771": {
            "lima_771": -0.005175099708139896,
            "lima_374": 0.013822079636156559,
            "lima_588": 0.008793924003839493,
            "lima_98": -0.0034801943693310022,
            "lima_205": 0.007440796121954918
        },
        "lima_772": {
            "lima_6": 0.008655626326799393,
            "lima_134": 0.0016523776575922966,
            "lima_462": 0.01218765415251255,
            "lima_40": 0.012619830667972565,
            "lima_772": 0.07188969850540161
        },
        "lima_773": {
            "lima_773": -0.004544218070805073,
            "lima_587": -0.003992186859250069,
            "lima_655": -0.04388010874390602,
            "lima_633": -0.047468725591897964,
            "lima_712": -0.0021278199274092913
        },
        "lima_774": {
            "lima_774": -0.010639186948537827,
            "lima_6": -0.004898978862911463,
            "lima_1": -0.0013326406478881836,
            "lima_462": -0.03897998481988907,
            "lima_897": -0.0080861896276474
        },
        "lima_775": {
            "lima_587": 0.004395554773509502,
            "lima_642": -0.010652420111000538,
            "lima_195": 0.0004999281954951584,
            "lima_742": 0.004822352435439825,
            "lima_775": -0.03119177371263504
        },
        "lima_776": {
            "lima_776": -0.004091005772352219,
            "lima_134": -0.00869355071336031,
            "lima_48": -0.015232054516673088,
            "lima_313": -0.015059665776789188,
            "lima_827": -0.025109436362981796
        },
        "lima_777": {
            "lima_777": -5.5078999139368534e-05,
            "lima_587": -0.0076202526688575745,
            "lima_583": -0.010524547658860683,
            "lima_55": 0.008215159177780151,
            "lima_462": -0.007917597889900208
        },
        "lima_778": {
            "lima_778": -0.036454468965530396,
            "lima_48": -0.010446134023368359,
            "lima_256": -0.001966987969353795,
            "lima_169": -0.005720100365579128,
            "lima_6": 0.006455923430621624
        },
        "lima_779": {
            "lima_779": -0.014494216069579124,
            "lima_6": -0.0010483385995030403,
            "lima_549": -0.0006299224914982915,
            "lima_462": -0.046989116817712784,
            "lima_176": 0.007522698491811752
        },
        "lima_780": {
            "lima_673": 0.0010519488714635372,
            "lima_6": 0.011080270633101463,
            "lima_780": -0.014920306392014027,
            "lima_462": -0.014566579833626747,
            "lima_897": 0.013575488701462746
        },