{
    "11767808": {
        "lima_342": {
            "lima_342": 0.01432703249156475,
            "lima_241": -0.02626543864607811,
            "lima_56": -0.011243024840950966,
            "lima_327": -0.013288618996739388,
            "lima_411": -0.004543398506939411
        },
        "lima_343": {
            "lima_343": -0.004857104271650314,
            "lima_928": -0.01855415664613247,
            "lima_999": -0.01760384999215603,
            "lima_921": 0.0027138330042362213,
            "lima_342": 0.0031966855749487877
        },
        "lima_344": {
            "lima_344": -0.025802306830883026,
            "lima_174": 0.0009998445166274905,
            "lima_86": 0.003686958458274603,
            "lima_56": -0.01510639302432537,
            "lima_31": -0.005682048387825489
        },
        "lima_345": {
            "lima_345": -0.02978823147714138,
            "lima_347": -0.0022004214115440845,
            "lima_64": -0.01932290941476822,
            "lima_211": 0.008097633719444275,
            "lima_75": -0.004393292590975761
        },
        "lima_346": {
            "lima_346": -0.003236897988244891,
            "lima_201": 0.007063130848109722,
            "lima_191": 0.00552727747708559,
            "lima_190": 0.006053779274225235,
            "lima_294": -0.0076019903644919395
        },
        "lima_347": {
            "lima_347": -0.010278238914906979,
            "lima_313": -0.005071746185421944,
            "lima_45": -0.006669153459370136,
            "lima_830": -0.013791857287287712,
            "lima_252": 0.005901439115405083
        },
        "lima_348": {
            "lima_348": -0.0063669681549072266,
            "lima_50": 0.008441226556897163,
            "lima_367": 0.011876694858074188,
            "lima_80": -0.005043326877057552,
            "lima_173": 0.0029259042348712683
        },
        "lima_349": {
            "lima_349": -0.005430134013295174,
            "lima_812": -0.05170255899429321,
            "lima_253": -0.023403096944093704,
            "lima_211": -0.0055014644749462605,
            "lima_64": -0.004410273395478725
        },
        "lima_350": {
            "lima_350": 0.004957222379744053,
            "lima_64": -0.005010071210563183,
            "lima_48": 0.00720941461622715,
            "lima_92": 0.011065606027841568,
            "lima_211": -0.0031355824321508408
        },
        "lima_351": {
            "lima_351": -0.02424977719783783,
            "lima_123": -0.005501181818544865,
            "lima_397": 0.008585212752223015,
            "lima_994": 0.011332493275403976,
            "lima_176": 0.006977901794016361
        },
        "lima_353": {
            "lima_353": -0.0029691762756556273,
            "lima_113": -0.022276820614933968,
            "lima_499": 0.0006255609914660454,
            "lima_122": 0.00968104600906372,
            "lima_48": -0.007376413326710463
        },
        "lima_354": {
            "lima_354": 0.09824986755847931,
            "lima_102": 0.018014902248978615,
            "lima_642": -0.008045908063650131,
            "lima_872": 0.028036370873451233,
            "lima_249": 0.010558964684605598
        },
        "lima_355": {
            "lima_355": -0.05374903604388237,
            "lima_458": 0.013839926570653915,
            "lima_344": -0.0073098475113511086,
            "lima_802": -0.003798450343310833,
            "lima_831": 0.026327412575483322
        },
        "lima_356": {
            "lima_356": -0.022966358810663223,
            "lima_83": -0.004812351427972317,
            "lima_296": 0.009081394411623478,
            "lima_382": 0.0037741989362984896,
            "lima_64": -0.0076555307023227215
        },
        "lima_357": {
            "lima_357": -0.00462788250297308,
            "lima_256": -0.007744946517050266,
            "lima_88": -0.0032493718899786472,
            "lima_83": -0.010434173978865147,
            "lima_270": -0.00308031914755702
        },
        "lima_358": {
            "lima_358": 0.012559181079268456,
            "lima_168": -0.0072586084716022015,
            "lima_393": 0.0034032021649181843,
            "lima_822": -0.009123364463448524,
            "lima_426": -0.007085002027451992
        },
        "lima_359": {
            "lima_359": 0.08494862914085388,
            "lima_57": -0.031557366251945496,
            "lima_373": 0.005810216069221497,
            "lima_253": -0.004328174516558647,
            "lima_531": -0.013269481249153614
        },
        "lima_360": {
            "lima_360": -0.012842831201851368,
            "lima_203": -0.005077413283288479,
            "lima_37": 0.0038626915775239468,
            "lima_270": -0.0031237502116709948,
            "lima_274": 0.001131732715293765
        },
        "lima_361": {
            "lima_361": -0.03352156654000282,
            "lima_378": -0.008214092813432217,
            "lima_80": 0.0002866022987291217,
            "lima_316": -0.0044744424521923065,
            "lima_164": -0.001684800023213029
        },
        "lima_362": {
            "lima_362": -0.008661137893795967,
            "lima_80": -0.0016877434682101011,
            "lima_305": -0.0037580847274512053,
            "lima_160": -0.0037367893382906914,
            "lima_199": 0.008913617581129074
        }
    },
    "58838016": {
        "lima_342": {
            "lima_342": 0.014443611726164818,
            "lima_241": -0.026670530438423157,
            "lima_56": -0.011432303115725517,
            "lima_327": -0.01279800571501255,
            "lima_411": -0.005063456948846579
        },
        "lima_343": {
            "lima_343": -0.004901457577943802,
            "lima_928": -0.018385350704193115,
            "lima_999": -0.0174411553889513,
            "lima_921": 0.002854017773643136,
            "lima_342": 0.0031582671217620373
        },
        "lima_344": {
            "lima_344": -0.02585861273109913,
            "lima_174": 0.0011650309897959232,
            "lima_86": 0.004029704257845879,
            "lima_56": -0.01531950756907463,
            "lima_31": -0.0059406571090221405
        },
        "lima_345": {
            "lima_345": -0.03100963495671749,
            "lima_347": -0.002627649810165167,
            "lima_64": -0.019917767494916916,
            "lima_211": 0.007943034172058105,
            "lima_75": -0.004244361072778702
        },
        "lima_346": {
            "lima_346": -0.0031121401116251945,
            "lima_201": 0.007308716420084238,
            "lima_191": 0.004751505330204964,
            "lima_190": 0.006520542316138744,
            "lima_294": -0.008081742562353611
        },
        "lima_347": {
            "lima_347": -0.01086079515516758,
            "lima_313": -0.005027754232287407,
            "lima_45": -0.006394699681550264,
            "lima_830": -0.013410685583949089,
            "lima_252": 0.00529748760163784
        },
        "lima_348": {
            "lima_348": -0.006285300478339195,
            "lima_50": 0.008677907288074493,
            "lima_367": 0.011786488816142082,
            "lima_80": -0.004857501480728388,
            "lima_173": 0.003184878034517169
        },
        "lima_349": {
            "lima_349": -0.005192477256059647,
            "lima_812": -0.05127587169408798,
            "lima_253": -0.023212173953652382,
            "lima_211": -0.006431585177779198,
            "lima_64": -0.0046813031658530235
        },
        "lima_350": {
            "lima_350": 0.005499362945556641,
            "lima_64": -0.0048261163756251335,
            "lima_48": 0.007271489128470421,
            "lima_92": 0.010528052225708961,
            "lima_211": -0.0029093786142766476
        },
        "lima_351": {
            "lima_351": -0.024516575038433075,
            "lima_123": -0.006134911440312862,
            "lima_397": 0.008814791217446327,
            "lima_994": 0.010755671188235283,
            "lima_176": 0.006540446542203426
        },