{
    "11767808": {
        "lima_605": {
            "lima_605": -0.0011880334932357073,
            "lima_40": 0.00812657829374075,
            "lima_80": -0.004505718592554331,
            "lima_512": -0.013347422704100609,
            "lima_588": 0.009406525641679764
        },
        "lima_606": {
            "lima_583": -0.027961459010839462,
            "lima_489": -0.005298185162246227,
            "lima_55": 0.01568661443889141,
            "lima_742": -0.00757426954805851,
            "lima_606": -0.029054034501314163
        },
        "lima_607": {
            "lima_607": -0.004094184376299381,
            "lima_40": -0.001282891258597374,
            "lima_986": 0.003839424578472972,
            "lima_136": 0.0040637594647705555,
            "lima_6": 0.007616846822202206
        },
        "lima_608": {
            "lima_608": -0.027608009055256844,
            "lima_374": 0.005869384855031967,
            "lima_588": 0.0016057639149948955,
            "lima_837": -0.015415584668517113,
            "lima_530": 0.006395190954208374
        },
        "lima_609": {
            "lima_609": -0.04226279258728027,
            "lima_701": -0.026683079078793526,
            "lima_23": -0.0070629362016916275,
            "lima_6": -0.012886697426438332,
            "lima_134": -0.009187835268676281
        },
        "lima_610": {
            "lima_610": -0.0008940859697759151,
            "lima_80": -0.009138025343418121,
            "lima_757": -0.006109872832894325,
            "lima_759": -0.03369724750518799,
            "lima_671": -0.018572650849819183
        },
        "lima_611": {
            "lima_611": -0.022582408040761948,
            "lima_539": -0.01786023937165737,
            "lima_951": 0.026885151863098145,
            "lima_463": -0.01734384521842003,
            "lima_967": -0.006823833100497723
        },
        "lima_612": {
            "lima_612": -0.04769863933324814,
            "lima_349": 0.005286525469273329,
            "lima_374": 0.00432972377166152,
            "lima_588": -0.020649820566177368,
            "lima_813": -0.026081763207912445
        },
        "lima_613": {
            "lima_613": -0.015399322845041752,
            "lima_588": -0.0017452629981562495,
            "lima_380": 0.0038215462118387222,
            "lima_98": -0.0030456685926765203,
            "lima_512": -0.005747142247855663
        },
        "lima_614": {
            "lima_614": -0.00452523585408926,
            "lima_349": 0.017269641160964966,
            "lima_80": -0.00538941565901041,
            "lima_588": 0.0009292050963267684,
            "lima_905": 0.003610506420955062
        },
        "lima_615": {
            "lima_615": 0.026434507220983505,
            "lima_753": -0.014720015227794647,
            "lima_512": 0.007479037158191204,
            "lima_588": -0.005268553271889687,
            "lima_205": 0.0039155809208750725
        },
        "lima_616": {
            "lima_616": -0.006213356740772724,
            "lima_134": 0.0010760138975456357,
            "lima_768": -0.0019414168782532215,
            "lima_876": -0.015073547139763832,
            "lima_167": -0.008962301537394524
        },
        "lima_618": {
            "lima_618": -0.014914410188794136,
            "lima_61": -0.0025763222947716713,
            "lima_919": -0.02825136110186577,
            "lima_446": -0.031147733330726624,
            "lima_725": -0.001916063018143177
        },
        "lima_620": {
            "lima_620": -0.02454312890768051,
            "lima_48": -0.015604869462549686,
            "lima_256": -0.021891389042139053,
            "lima_169": -0.0009473824757151306,
            "lima_60": -0.004347927402704954
        },
        "lima_621": {
            "lima_621": -0.023762943223118782,
            "lima_257": -0.003174407174810767,
            "lima_238": 0.005638976115733385,
            "lima_166": -0.003010754007846117,
            "lima_921": -0.006797086447477341
        },
        "lima_622": {
            "lima_622": 0.00027102231979370117,
            "lima_80": 0.0023885208647698164,
            "lima_512": -0.004041396081447601,
            "lima_588": 0.010970339179039001,
            "lima_205": 0.0043161893263459206
        },
        "lima_624": {
            "lima_624": 0.009419385343790054,
            "lima_665": 0.00038734389818273485,
            "lima_721": -0.0047838157042860985,
            "lima_664": -0.03069101832807064,
            "lima_594": -0.010213051922619343
        },
        "lima_625": {
            "lima_625": 0.017396077513694763,
            "lima_256": -0.0051576485857367516,
            "lima_583": -0.0025740391574800014,
            "lima_587": -0.007326564285904169,
            "lima_48": -0.01027684099972248
        },
        "lima_626": {
            "lima_626": -0.03557587042450905,
            "lima_374": 0.009164229035377502,
            "lima_588": -0.01879888027906418,
            "lima_380": -0.018446803092956543,
            "lima_98": -0.001631002058275044
        },
        "lima_627": {
            "lima_627": -0.011004583910107613,
            "lima_587": 0.009534211829304695,
            "lima_583": -0.009174482896924019,
            "lima_278": -0.0006591709097847342,
            "lima_151": 0.007441911846399307
        }
    },
    "58838016": {
        "lima_605": {
            "lima_605": -0.0010626233415678144,
            "lima_40": 0.008075762540102005,
            "lima_80": -0.004153154790401459,
            "lima_512": -0.013890160247683525,
            "lima_588": 0.009379111230373383
        },
        "lima_606": {
            "lima_583": -0.027607720345258713,
            "lima_489": -0.00547386659309268,
            "lima_55": 0.015289796516299248,
            "lima_742": -0.006985122803598642,
            "lima_606": -0.029684267938137054
        },
        "lima_607": {
            "lima_607": -0.00464339554309845,
            "lima_40": -0.0010853701969608665,
            "lima_986": 0.004379623103886843,
            "lima_136": 0.0038808584213256836,
            "lima_6": 0.008297299966216087
        },
        "lima_608": {
            "lima_608": -0.027800146490335464,
            "lima_374": 0.005681753158569336,
            "lima_588": 0.0019368934445083141,
            "lima_837": -0.01536568347364664,
            "lima_530": 0.006659673992544413
        },
        "lima_609": {
            "lima_609": -0.04161340743303299,
            "lima_701": -0.026413843035697937,
            "lima_23": -0.006994340568780899,
            "lima_6": -0.013693278655409813,
            "lima_134": -0.009128870442509651
        },
        "lima_610": {
            "lima_610": -0.00123181426897645,
            "lima_80": -0.009298566728830338,
            "lima_757": -0.005977899767458439,
            "lima_759": -0.034053534269332886,
            "lima_671": -0.018543871119618416
        },
        "lima_611": {
            "lima_611": -0.022572576999664307,
            "lima_539": -0.01780230551958084,
            "lima_951": 0.02728038653731346,
            "lima_463": -0.017688686028122902,
            "lima_967": -0.007132885977625847
        },
        "lima_612": {
            "lima_612": -0.04825481027364731,
            "lima_349": 0.005190747790038586,
            "lima_374": 0.004373085685074329,
            "lima_588": -0.02039351314306259,
            "lima_813": -0.026148416101932526
        },
        "lima_613": {
            "lima_613": -0.015760648995637894,
            "lima_588": -0.0020891097374260426,
            "lima_380": 0.003503079991787672,
            "lima_98": -0.003237632103264332,
            "lima_512": -0.005848166532814503
        },
        "lima_614": {
            "lima_614": -0.004081134684383869,
            "lima_349": 0.016824398189783096,
            "lima_80": -0.005206506699323654,
            "lima_588": 0.0009258780046366155,
            "lima_905": 0.00353219173848629
        },