{
    "11767808": {
        "lima_464": {
            "lima_464": -0.046146538108587265,
            "lima_562": -0.07811520993709564,
            "lima_505": 0.002771706786006689,
            "lima_435": 0.0033047508914023638,
            "lima_586": -0.010476838797330856
        },
        "lima_465": {
            "lima_465": -0.018654249608516693,
            "lima_259": 0.005657498259097338,
            "lima_501": 0.011672373861074448,
            "lima_231": 0.005646680947393179,
            "lima_382": -0.01108624879270792
        },
        "lima_466": {
            "lima_466": -0.035247959196567535,
            "lima_410": -0.01855052262544632,
            "lima_558": -0.03430077061057091,
            "lima_422": -0.026723749935626984,
            "lima_160": -0.011278515681624413
        },
        "lima_467": {
            "lima_467": -0.01084880717098713,
            "lima_862": 0.006764257792383432,
            "lima_569": 0.02706535905599594,
            "lima_549": 0.006302915047854185,
            "lima_286": 0.0034138245973736048
        },
        "lima_468": {
            "lima_468": 0.002237645909190178,
            "lima_205": 0.003404047340154648,
            "lima_294": -0.012905200012028217,
            "lima_293": -0.0003872494853567332,
            "lima_310": -0.014350570738315582
        },
        "lima_469": {
            "lima_469": -0.03168904036283493,
            "lima_1": 0.0023961092811077833,
            "lima_259": 0.011402866803109646,
            "lima_240": 9.201915236189961e-05,
            "lima_937": -0.0059203533455729485
        },
        "lima_470": {
            "lima_470": -0.021926399320364,
            "lima_872": -0.01076553575694561,
            "lima_953": -0.011984070762991905,
            "lima_972": -0.005332485307008028,
            "lima_889": 0.009984795935451984
        },
        "lima_471": {
            "lima_37": -6.954753189347684e-05,
            "lima_274": -0.007051808759570122,
            "lima_259": 0.006607641465961933,
            "lima_228": 0.007310784887522459,
            "lima_471": -0.009788915514945984
        },
        "lima_472": {
            "lima_480": -0.03547433763742447,
            "lima_472": -0.05869197100400925,
            "lima_560": -0.058912791311740875,
            "lima_442": -0.05729985609650612,
            "lima_575": -0.0019320547580718994
        },
        "lima_473": {
            "lima_473": 0.14044663310050964,
            "lima_290": 0.0026767090894281864,
            "lima_188": -0.03446517884731293,
            "lima_411": -0.0050584739074110985,
            "lima_241": -0.027175765484571457
        },
        "lima_474": {
            "lima_474": 0.0014350011479109526,
            "lima_661": -0.002749775070697069,
            "lima_741": 0.0025406014174222946,
            "lima_799": -0.006742534227669239,
            "lima_685": -0.022411063313484192
        },
        "lima_475": {
            "lima_475": -0.08128583431243896,
            "lima_257": 0.02149699255824089,
            "lima_221": 0.019128039479255676,
            "lima_429": -0.008717047050595284,
            "lima_587": 0.012080748565495014
        },
        "lima_476": {
            "lima_476": -0.03844445198774338,
            "lima_360": -0.03961892053484917,
            "lima_183": -0.01885812170803547,
            "lima_703": -0.01663387194275856,
            "lima_203": 0.004821645561605692
        },
        "lima_477": {
            "lima_477": -0.09777024388313293,
            "lima_364": 0.003686541225761175,
            "lima_56": -0.005487716291099787,
            "lima_247": -0.01686382293701172,
            "lima_230": -0.011792638339102268
        },
        "lima_478": {
            "lima_479": -0.003780360333621502,
            "lima_852": 0.004243783187121153,
            "lima_37": 0.017196955159306526,
            "lima_478": 0.0180915929377079,
            "lima_524": 0.01299049612134695
        },
        "lima_479": {
            "lima_479": -0.045441191643476486,
            "lima_524": -0.024376824498176575,
            "lima_837": -0.029897481203079224,
            "lima_37": -0.009967728517949581,
            "lima_434": -0.04189097881317139
        },
        "lima_480": {
            "lima_808": -0.04640334099531174,
            "lima_838": 0.009452875703573227,
            "lima_309": 0.010066338814795017,
            "lima_846": 0.006749995518475771,
            "lima_480": -0.010233011096715927
        },
        "lima_481": {
            "lima_481": -0.07049910724163055,
            "lima_478": -0.08394870907068253,
            "lima_437": -0.013076752424240112,
            "lima_575": -0.014387214556336403,
            "lima_541": -0.004589256830513477
        },
        "lima_482": {
            "lima_482": 0.04614518582820892,
            "lima_872": -0.0213936697691679,
            "lima_521": -0.008238282054662704,
            "lima_951": 0.0061174361035227776,
            "lima_80": -0.006719171069562435
        },
        "lima_483": {
            "lima_483": -0.017692483961582184,
            "lima_516": -0.032382383942604065,
            "lima_369": -0.012760143727064133,
            "lima_243": 0.0019275267841294408,
            "lima_112": 0.000813610153272748
        }
    },
    "58838016": {
        "lima_464": {
            "lima_464": -0.04651854187250137,
            "lima_562": -0.07861429452896118,
            "lima_505": 0.0032301885075867176,
            "lima_435": 0.0034454346168786287,
            "lima_586": -0.01051006093621254
        },
        "lima_465": {
            "lima_465": -0.018322085961699486,
            "lima_259": 0.005852227099239826,
            "lima_501": 0.011778300628066063,
            "lima_231": 0.0057310182601213455,
            "lima_382": -0.011039195582270622
        },
        "lima_466": {
            "lima_466": -0.03553571552038193,
            "lima_410": -0.018582236021757126,
            "lima_558": -0.035083621740341187,
            "lima_422": -0.026661179959774017,
            "lima_160": -0.011221187189221382
        },
        "lima_467": {
            "lima_467": -0.010338976979255676,
            "lima_862": 0.0069138300605118275,
            "lima_569": 0.027821386232972145,
            "lima_549": 0.007079754956066608,
            "lima_286": 0.003749613184481859
        },
        "lima_468": {
            "lima_468": 0.0031385677866637707,
            "lima_205": 0.003000495955348015,
            "lima_294": -0.01332064624875784,
            "lima_293": -0.0005542357102967799,
            "lima_310": -0.014125155285000801
        },
        "lima_469": {
            "lima_469": -0.032402485609054565,
            "lima_1": 0.0025902383495122194,
            "lima_259": 0.010978015139698982,
            "lima_240": -0.000500301830470562,
            "lima_937": -0.0066213179379701614
        },
        "lima_470": {
            "lima_470": -0.021907784044742584,
            "lima_872": -0.01119287684559822,
            "lima_953": -0.011949349194765091,
            "lima_972": -0.005100109148770571,
            "lima_889": 0.010017219930887222
        },
        "lima_471": {
            "lima_37": -0.0003415734972804785,
            "lima_274": -0.006950864568352699,
            "lima_259": 0.0064829555340111256,
            "lima_228": 0.0075625209137797356,
            "lima_471": -0.009541671723127365
        },
        "lima_472": {
            "lima_480": -0.035284996032714844,
            "lima_472": -0.05855853855609894,
            "lima_560": -0.05896288529038429,
            "lima_442": -0.057271797209978104,
            "lima_575": -0.001628044294193387
        },
        "lima_473": {
            "lima_473": 0.14052654802799225,
            "lima_290": 0.0030621890909969807,
            "lima_188": -0.03497050702571869,
            "lima_411": -0.005052953027188778,
            "lima_241": -0.027386093512177467
        },