{
    "11767808": {
        "lima_992": {
            "lima_973": -0.02920488268136978,
            "lima_299": -0.010273252613842487,
            "lima_933": -0.01890857145190239,
            "lima_465": -0.004776536952704191,
            "lima_992": 0.00835471786558628
        },
        "lima_993": {
            "lima_993": 0.015930447727441788,
            "lima_965": -0.013760978356003761,
            "lima_801": -0.0069167278707027435,
            "lima_413": -0.029251184314489365,
            "lima_988": 0.01910039782524109
        },
        "lima_994": {
            "lima_994": 0.06083172932267189,
            "lima_896": 0.028194162994623184,
            "lima_987": 0.028437703847885132,
            "lima_872": 0.005110571160912514,
            "lima_965": -0.00387542019598186
        },
        "lima_995": {
            "lima_806": 0.010870843194425106,
            "lima_814": -0.00014134679804556072,
            "lima_801": -0.020006082952022552,
            "lima_839": -0.04304137080907822,
            "lima_995": -0.018863238394260406
        },
        "lima_996": {
            "lima_996": -0.004644741304218769,
            "lima_535": 0.014044201001524925,
            "lima_520": -0.04305817559361458,
            "lima_791": -0.014591953717172146,
            "lima_508": -0.036714330315589905
        },
        "lima_997": {
            "lima_997": -0.014684125781059265,
            "lima_970": -0.029047513380646706,
            "lima_510": 0.05684266984462738,
            "lima_127": 0.00045194572885520756,
            "lima_889": 0.05385861173272133
        },
        "lima_998": {
            "lima_203": -0.001784570049494505,
            "lima_306": 0.0013087887782603502,
            "lima_127": 0.00728898448869586,
            "lima_852": -0.018761619925498962,
            "lima_998": -0.02408725582063198
        },
        "lima_999": {
            "lima_999": -0.026617418974637985,
            "lima_900": 0.00801336020231247,
            "lima_499": 0.03538720682263374,
            "lima_971": 0.0008487571612931788,
            "lima_247": -0.012434704229235649
        }
    },
    "58838016": {
        "lima_992": {
            "lima_973": -0.02993573248386383,
            "lima_299": -0.010791260749101639,
            "lima_933": -0.01892160251736641,
            "lima_465": -0.004831324331462383,
            "lima_992": 0.007798505946993828
        },
        "lima_993": {
            "lima_993": 0.015401303768157959,
            "lima_965": -0.013625234365463257,
            "lima_801": -0.006425510160624981,
            "lima_413": -0.028998389840126038,
            "lima_988": 0.018838981166481972
        },
        "lima_994": {
            "lima_994": 0.0606478713452816,
            "lima_896": 0.028129860758781433,
            "lima_987": 0.028373202309012413,
            "lima_872": 0.0052013397216796875,
            "lima_965": -0.0036426184233278036
        },
        "lima_995": {
            "lima_806": 0.01052219420671463,
            "lima_814": -2.7251509891357273e-05,
            "lima_801": -0.020137712359428406,
            "lima_839": -0.04294755309820175,
            "lima_995": -0.0186892319470644
        },
        "lima_996": {
            "lima_996": -0.0047383056953549385,
            "lima_535": 0.01331239566206932,
            "lima_520": -0.04300142079591751,
            "lima_791": -0.014734062366187572,
            "lima_508": -0.03683387488126755
        },
        "lima_997": {
            "lima_997": -0.014314346946775913,
            "lima_970": -0.029514025896787643,
            "lima_510": 0.056630976498126984,
            "lima_127": 0.0004182428529020399,
            "lima_889": 0.05364418029785156
        },
        "lima_998": {
            "lima_203": -0.001516627031378448,
            "lima_306": 0.0015235317405313253,
            "lima_127": 0.007139146793633699,
            "lima_852": -0.018863441422581673,
            "lima_998": -0.024599578231573105
        },
        "lima_999": {
            "lima_999": -0.027500353753566742,
            "lima_900": 0.007533706724643707,
            "lima_499": 0.03595419228076935,
            "lima_971": 0.0006206385442055762,
            "lima_247": -0.012429933995008469
        }
    }
}