{
    "11767808": {
        "lima_544": {
            "lima_472": 0.0007155112107284367,
            "lima_560": -0.03008691594004631,
            "lima_480": -0.027535907924175262,
            "lima_350": -0.010258493945002556,
            "lima_544": -0.03618783503770828
        },
        "lima_545": {
            "lima_545": -0.04374106973409653,
            "lima_844": -0.031246919184923172,
            "lima_830": -0.02183290384709835,
            "lima_1": -0.0011658075964078307,
            "lima_815": -0.025748543441295624
        },
        "lima_546": {
            "lima_546": -0.011278495192527771,
            "lima_555": 0.03019222430884838,
            "lima_584": 0.004167019389569759,
            "lima_369": -0.017198460176587105,
            "lima_266": -0.0030483435839414597
        },
        "lima_547": {
            "lima_547": -0.022358274087309837,
            "lima_587": 0.021182864904403687,
            "lima_583": -0.03620295971632004,
            "lima_521": 0.043153066188097,
            "lima_523": 0.02916700765490532
        },
        "lima_548": {
            "lima_548": -0.029233692213892937,
            "lima_583": -0.02565823309123516,
            "lima_886": -0.007349858060479164,
            "lima_77": 0.01912361942231655,
            "lima_199": 0.012413132935762405
        },
        "lima_549": {
            "lima_549": -0.006597241386771202,
            "lima_454": -0.0058357492089271545,
            "lima_581": -0.020969346165657043,
            "lima_465": -0.020219644531607628,
            "lima_586": -0.0022981944493949413
        },
        "lima_550": {
            "lima_837": -0.026395350694656372,
            "lima_145": -0.005765019915997982,
            "lima_513": -0.00887988694012165,
            "lima_54": -0.011847198940813541,
            "lima_550": -0.024093661457300186
        },
        "lima_551": {
            "lima_183": -0.024303201586008072,
            "lima_427": -0.016666118055582047,
            "lima_374": 0.01591476798057556,
            "lima_816": 0.004581795539706945,
            "lima_551": -0.029476583003997803
        },
        "lima_552": {
            "lima_552": 0.032252658158540726,
            "lima_48": -0.018819984048604965,
            "lima_393": 0.007812757045030594,
            "lima_80": -0.012520350515842438,
            "lima_290": 0.004502150230109692
        },
        "lima_553": {
            "lima_553": 0.08628351241350174,
            "lima_521": 0.05063469707965851,
            "lima_439": -0.030679428949952126,
            "lima_581": -0.018017876893281937,
            "lima_535": 0.01750059239566326
        },
        "lima_554": {
            "lima_480": -0.17883920669555664,
            "lima_586": -0.014065872877836227,
            "lima_554": -0.1652204394340515,
            "lima_413": 0.0020520812831819057,
            "lima_896": -0.01609509438276291
        },
        "lima_555": {
            "lima_555": -0.008136876858770847,
            "lima_542": 0.02437444031238556,
            "lima_869": -0.0031735370866954327,
            "lima_176": 0.005186508409678936,
            "lima_537": -0.015687130391597748
        },
        "lima_556": {
            "lima_587": 0.02240077778697014,
            "lima_556": -0.01923419162631035,
            "lima_489": -0.0002771502477116883,
            "lima_436": 0.05897289887070656,
            "lima_940": -0.004061693791300058
        },
        "lima_557": {
            "lima_557": -0.004150570835918188,
            "lima_859": 0.002295158803462982,
            "lima_55": 0.022514864802360535,
            "lima_389": 0.009610269218683243,
            "lima_826": -0.008134359493851662
        },
        "lima_558": {
            "lima_558": -0.06955626606941223,
            "lima_80": -0.01607351005077362,
            "lima_11": -0.020224325358867645,
            "lima_205": 0.003739123698323965,
            "lima_422": -0.05598045140504837
        },
        "lima_559": {
            "lima_559": -0.01512209139764309,
            "lima_720": -0.0067918929271399975,
            "lima_439": -0.0028569260612130165,
            "lima_589": -0.03438281640410423,
            "lima_794": -0.02060709521174431
        },
        "lima_560": {
            "lima_66": -0.0066541628912091255,
            "lima_350": -0.02149040997028351,
            "lima_103": 0.004141882993280888,
            "lima_145": 0.001928618410602212,
            "lima_560": -0.025812609121203423
        },
        "lima_561": {
            "lima_561": -0.05284326151013374,
            "lima_127": 0.0004193550848867744,
            "lima_203": 0.0001592891348991543,
            "lima_221": -0.008387723937630653,
            "lima_951": 0.014046119526028633
        },
        "lima_562": {
            "lima_562": -0.15568289160728455,
            "lima_464": -0.07970407605171204,
            "lima_435": 0.03252992033958435,
            "lima_586": -0.0259743370115757,
            "lima_505": 0.0001408840762451291
        },
        "lima_563": {
            "lima_563": 0.004973641596734524,
            "lima_690": -0.012637370266020298,
            "lima_276": -0.017776470631361008,
            "lima_92": -0.008649597875773907,
            "lima_137": -0.002085566520690918
        }
    },
    "58838016": {
        "lima_544": {
            "lima_472": 0.000825466588139534,
            "lima_560": -0.029957812279462814,
            "lima_480": -0.02745743654668331,
            "lima_350": -0.010180812329053879,
            "lima_544": -0.035707391798496246
        },
        "lima_545": {
            "lima_545": -0.044280629605054855,
            "lima_844": -0.030987776815891266,
            "lima_830": -0.02170374244451523,
            "lima_1": -0.0013674839865416288,
            "lima_815": -0.025965655222535133
        },
        "lima_546": {
            "lima_546": -0.0105011947453022,
            "lima_555": 0.030154215171933174,
            "lima_584": 0.003388446755707264,
            "lima_369": -0.017204925417900085,
            "lima_266": -0.0038633239455521107
        },
        "lima_547": {
            "lima_547": -0.02271752804517746,
            "lima_587": 0.02120950073003769,
            "lima_583": -0.03693445399403572,
            "lima_521": 0.04268275946378708,
            "lima_523": 0.02971455827355385
        },
        "lima_548": {
            "lima_548": -0.029462601989507675,
            "lima_583": -0.02589341439306736,
            "lima_886": -0.006471079308539629,
            "lima_77": 0.018670449033379555,
            "lima_199": 0.012318985536694527
        },
        "lima_549": {
            "lima_549": -0.006804527249187231,
            "lima_454": -0.006069943308830261,
            "lima_581": -0.021001914516091347,
            "lima_465": -0.019911054521799088,
            "lima_586": -0.0020815327297896147
        },
        "lima_550": {
            "lima_837": -0.02618950791656971,
            "lima_145": -0.006312781944870949,
            "lima_513": -0.009020984172821045,
            "lima_54": -0.011820903047919273,
            "lima_550": -0.024277828633785248
        },
        "lima_551": {
            "lima_183": -0.02445686236023903,
            "lima_427": -0.017859216779470444,
            "lima_374": 0.0158673282712698,
            "lima_816": 0.005588890053331852,
            "lima_551": -0.029752152040600777
        },
        "lima_552": {
            "lima_552": 0.031962525099515915,
            "lima_48": -0.018733464181423187,
            "lima_393": 0.007392937317490578,
            "lima_80": -0.012906908988952637,
            "lima_290": 0.004563205875456333
        },
        "lima_553": {
            "lima_553": 0.08591257035732269,
            "lima_521": 0.0507819764316082,
            "lima_439": -0.030484896153211594,
            "lima_581": -0.017785264179110527,
            "lima_535": 0.01855671964585781
        },