{
    "transformer.wte.weight": 0.99991428832685,
    "transformer.wpe.weight": 0.8044324415228815,
    "transformer.h.0.ln_1.weight": 0.4608149234676574,
    "transformer.h.0.ln_1.bias": 0.8320258799398201,
    "transformer.h.0.attn.c_attn.weight": 0.9263030219591644,
    "transformer.h.0.attn.c_attn.bias": 0.697057133576387,
    "transformer.h.0.attn.c_proj.weight": 0.9676362586764083,
    "transformer.h.0.attn.c_proj.bias": 0.9427329495968507,
    "transformer.h.0.ln_2.weight": 0.6269191257612525,
    "transformer.h.0.ln_2.bias": 0.9137694807160064,
    "transformer.h.0.mlp.c_fc.weight": 0.9697617388497725,
    "transformer.h.0.mlp.c_fc.bias": 0.9178258345521323,
    "transformer.h.0.mlp.c_proj.weight": 0.9606261944378015,
    "transformer.h.0.mlp.c_proj.bias": 0.9133226941855849,
    "transformer.h.1.ln_1.weight": 0.47703124326735596,
    "transformer.h.1.ln_1.bias": 0.8390132151774718,
    "transformer.h.1.attn.c_attn.weight": 0.9216143059119641,
    "transformer.h.1.attn.c_attn.bias": 0.8680264054842394,
    "transformer.h.1.attn.c_proj.weight": 0.9624769305020217,
    "transformer.h.1.attn.c_proj.bias": 0.9321917141275344,
    "transformer.h.1.ln_2.weight": 0.5856203775491033,
    "transformer.h.1.ln_2.bias": 0.9468702998780456,
    "transformer.h.1.mlp.c_fc.weight": 0.9802397502380812,
    "transformer.h.1.mlp.c_fc.bias": 0.9672464341348885,
    "transformer.h.1.mlp.c_proj.weight": 0.9791810126552469,
    "transformer.h.1.mlp.c_proj.bias": 0.9383749580400983,
    "transformer.h.2.ln_1.weight": 0.4555289512235525,
    "transformer.h.2.ln_1.bias": 0.8777591754181158,
    "transformer.h.2.attn.c_attn.weight": 0.9827780528574368,
    "transformer.h.2.attn.c_attn.bias": 0.9337934805870929,
    "transformer.h.2.attn.c_proj.weight": 0.9631447035369622,
    "transformer.h.2.attn.c_proj.bias": 0.9511377782154454,
    "transformer.h.2.ln_2.weight": 0.7742253162193311,
    "transformer.h.2.ln_2.bias": 0.9370017903801069,
    "transformer.h.2.mlp.c_fc.weight": 0.9732154869477947,
    "transformer.h.2.mlp.c_fc.bias": 0.958835128716301,
    "transformer.h.2.mlp.c_proj.weight": 0.971497577165976,
    "transformer.h.2.mlp.c_proj.bias": 0.9510319371961358,
    "transformer.h.3.ln_1.weight": 0.4715452227135641,
    "transformer.h.3.ln_1.bias": 0.8793481404708593,
    "transformer.h.3.attn.c_attn.weight": 0.9466513469767583,
    "transformer.h.3.attn.c_attn.bias": 0.8769966013248139,
    "transformer.h.3.attn.c_proj.weight": 0.9636327842009679,
    "transformer.h.3.attn.c_proj.bias": 0.9576717199389752,
    "transformer.h.3.ln_2.weight": 0.5786494983790609,
    "transformer.h.3.ln_2.bias": 0.9423731106695329,
    "transformer.h.3.mlp.c_fc.weight": 0.9711272575546055,
    "transformer.h.3.mlp.c_fc.bias": 0.9608071684605745,
    "transformer.h.3.mlp.c_proj.weight": 0.97070800560489,
    "transformer.h.3.mlp.c_proj.bias": 0.9602990992052072,
    "transformer.h.4.ln_1.weight": 0.4794743315419737,
    "transformer.h.4.ln_1.bias": 0.9290272102916134,
    "transformer.h.4.attn.c_attn.weight": 0.962890017475823,
    "transformer.h.4.attn.c_attn.bias": 0.9235529302467709,
    "transformer.h.4.attn.c_proj.weight": 0.9725130178703093,
    "transformer.h.4.attn.c_proj.bias": 0.9650040975119593,
    "transformer.h.4.ln_2.weight": 0.8078836141167259,
    "transformer.h.4.ln_2.bias": 0.952742056487824,
    "transformer.h.4.mlp.c_fc.weight": 0.9678020720231328,
    "transformer.h.4.mlp.c_fc.bias": 0.9569385266956553,
    "transformer.h.4.mlp.c_proj.weight": 0.9683204617892464,
    "transformer.h.4.mlp.c_proj.bias": 0.9504863573981348,
    "transformer.h.5.ln_1.weight": 0.4274584899897571,
    "transformer.h.5.ln_1.bias": 0.9449924709000853,
    "transformer.h.5.attn.c_attn.weight": 0.9473377890737825,
    "transformer.h.5.attn.c_attn.bias": 0.9308314556083874,
    "transformer.h.5.attn.c_proj.weight": 0.9689892792388544,
    "transformer.h.5.attn.c_proj.bias": 0.9531250253580643,
    "transformer.h.5.ln_2.weight": 0.41450473908281094,
    "transformer.h.5.ln_2.bias": 0.9510492225442787,
    "transformer.h.5.mlp.c_fc.weight": 0.9807966510695383,
    "transformer.h.5.mlp.c_fc.bias": 0.9739453549809538,
    "transformer.h.5.mlp.c_proj.weight": 0.9805248948787768,
    "transformer.h.5.mlp.c_proj.bias": 0.9679360150841999,
    "transformer.h.6.ln_1.weight": 0.5709487517210313,
    "transformer.h.6.ln_1.bias": 0.9573309140819894,
    "transformer.h.6.attn.c_attn.weight": 0.9725225274274831,
    "transformer.h.6.attn.c_attn.bias": 0.9714513776185655,
    "transformer.h.6.attn.c_proj.weight": 0.976446103724596,
    "transformer.h.6.attn.c_proj.bias": 0.9700359318821007,
    "transformer.h.6.ln_2.weight": 0.7717809973842279,
    "transformer.h.6.ln_2.bias": 0.9910664264389978,
    "transformer.h.6.mlp.c_fc.weight": 0.9828428445813223,
    "transformer.h.6.mlp.c_fc.bias": 0.9823833103383001,
    "transformer.h.6.mlp.c_proj.weight": 0.9803559942789425,
    "transformer.h.6.mlp.c_proj.bias": 0.961900720568894,
    "transformer.h.7.ln_1.weight": 0.36605075556942945,
    "transformer.h.7.ln_1.bias": 0.9501934644067428,
    "transformer.h.7.attn.c_attn.weight": 0.9823993520906408,
    "transformer.h.7.attn.c_attn.bias": 0.9691857644293904,
    "transformer.h.7.attn.c_proj.weight": 0.9793138827392291,
    "transformer.h.7.attn.c_proj.bias": 0.9615946015653761,
    "transformer.h.7.ln_2.weight": 0.8178634216390696,
    "transformer.h.7.ln_2.bias": 0.960243487283791,
    "transformer.h.7.mlp.c_fc.weight": 0.9697277027907075,
    "transformer.h.7.mlp.c_fc.bias": 0.9583258394177119,
    "transformer.h.7.mlp.c_proj.weight": 0.9768741000512593,
    "transformer.h.7.mlp.c_proj.bias": 0.9594257526970305,
    "transformer.h.8.ln_1.weight": 0.6727682358952137,
    "transformer.h.8.ln_1.bias": 0.9398494979166587,
    "transformer.h.8.attn.c_attn.weight": 0.9700085627084769,
    "transformer.h.8.attn.c_attn.bias": 0.9632861875417258,
    "transformer.h.8.attn.c_proj.weight": 0.9778917104802647,
    "transformer.h.8.attn.c_proj.bias": 0.9726283592044838,
    "transformer.h.8.ln_2.weight": 0.6980718798401613,
    "transformer.h.8.ln_2.bias": 0.9761861453507173,
    "transformer.h.8.mlp.c_fc.weight": 0.980163209394257,
    "transformer.h.8.mlp.c_fc.bias": 0.9764534037443751,
    "transformer.h.8.mlp.c_proj.weight": 0.9827783921589025,
    "transformer.h.8.mlp.c_proj.bias": 0.9772234425032696,
    "transformer.h.9.ln_1.weight": 0.6750914485903527,
    "transformer.h.9.ln_1.bias": 0.9809878621650587,
    "transformer.h.9.attn.c_attn.weight": 0.9789731066988798,
    "transformer.h.9.attn.c_attn.bias": 0.9877474370450139,
    "transformer.h.9.attn.c_proj.weight": 0.9847748563223506,
    "transformer.h.9.attn.c_proj.bias": 0.978038746999983,
    "transformer.h.9.ln_2.weight": 0.23558272832826943,
    "transformer.h.9.ln_2.bias": 0.9492258486920395,
    "transformer.h.9.mlp.c_fc.weight": 0.9733720632373006,
    "transformer.h.9.mlp.c_fc.bias": 0.9709956991515318,
    "transformer.h.9.mlp.c_proj.weight": 0.9815254061453768,
    "transformer.h.9.mlp.c_proj.bias": 0.9711773707306885,
    "transformer.h.10.ln_1.weight": 0.6178434957488741,
    "transformer.h.10.ln_1.bias": 0.9644362012969181,
    "transformer.h.10.attn.c_attn.weight": 0.9829520272798744,
    "transformer.h.10.attn.c_attn.bias": 0.9726030908975757,
    "transformer.h.10.attn.c_proj.weight": 0.9829609601699578,
    "transformer.h.10.attn.c_proj.bias": 0.9710589456165751,
    "transformer.h.10.ln_2.weight": 0.29229836846135887,
    "transformer.h.10.ln_2.bias": 0.9515721978352905,
    "transformer.h.10.mlp.c_fc.weight": 0.9765011209598506,
    "transformer.h.10.mlp.c_fc.bias": 0.9744398832823459,
    "transformer.h.10.mlp.c_proj.weight": 0.9787479919454803,
    "transformer.h.10.mlp.c_proj.bias": 0.9628280683737126,
    "transformer.h.11.ln_1.weight": 0.6625154449104205,
    "transformer.h.11.ln_1.bias": 0.9729549350463613,
    "transformer.h.11.attn.c_attn.weight": 0.984316829221034,
    "transformer.h.11.attn.c_attn.bias": 0.9748666136072245,