{
    "11767808": {
        "lima_831": {
            "lima_54": -0.0009237916674464941,
            "lima_758": -0.0030293138697743416,
            "lima_452": 0.020720617845654488,
            "lima_217": 0.005838498473167419,
            "lima_831": 0.021957965567708015
        },
        "lima_832": {
            "lima_964": 0.013921057805418968,
            "lima_965": 0.006327675189822912,
            "lima_966": -0.007910632528364658,
            "lima_967": 0.006324118934571743,
            "lima_832": -0.04352051392197609
        },
        "lima_833": {
            "lima_833": 0.2253967821598053,
            "lima_800": 0.014115286991000175,
            "lima_837": 0.02072889357805252,
            "lima_160": 0.011677676811814308,
            "lima_813": 0.07839114964008331
        },
        "lima_834": {
            "lima_834": 0.021908540278673172,
            "lima_31": -0.0018180862534791231,
            "lima_749": 0.0044407472014427185,
            "lima_240": 0.010451896116137505,
            "lima_286": -0.0027839727699756622
        },
        "lima_835": {
            "lima_835": 0.4507756233215332,
            "lima_293": -0.0019846621435135603,
            "lima_804": 0.10430578887462616,
            "lima_522": 0.035335518419742584,
            "lima_805": 0.1901913285255432
        },
        "lima_836": {
            "lima_490": 0.014491006731987,
            "lima_520": 0.010961582884192467,
            "lima_905": 0.02383396402001381,
            "lima_618": -0.007816190831363201,
            "lima_836": 0.051917243748903275
        },
        "lima_837": {
            "lima_837": 0.19524823129177094,
            "lima_593": -0.00019572983728721738,
            "lima_451": 0.016234643757343292,
            "lima_583": 0.017931200563907623,
            "lima_160": 0.011596772819757462
        },
        "lima_838": {
            "lima_838": 0.18387600779533386,
            "lima_814": 0.032941922545433044,
            "lima_846": 0.021940741688013077,
            "lima_808": 0.013982949778437614,
            "lima_37": 0.022905763238668442
        },
        "lima_839": {
            "lima_839": 0.2213718593120575,
            "lima_806": 0.015600861981511116,
            "lima_814": 0.01966538280248642,
            "lima_999": 0.035199880599975586,
            "lima_64": 0.0109433364123106
        },
        "lima_840": {
            "lima_840": 0.35818159580230713,
            "lima_281": 0.00990455411374569,
            "lima_271": 0.009315389208495617,
            "lima_175": 0.023398591205477715,
            "lima_230": -0.01084821205586195
        },
        "lima_841": {
            "lima_841": 0.20395497977733612,
            "lima_166": -0.009651171043515205,
            "lima_56": 0.007877360098063946,
            "lima_580": 0.020845700055360794,
            "lima_211": 0.00040198740316554904
        },
        "lima_842": {
            "lima_842": 0.167445570230484,
            "lima_561": 0.05250376835465431,
            "lima_175": 0.017109762877225876,
            "lima_839": 0.049981556832790375,
            "lima_806": 0.022336332127451897
        },
        "lima_843": {
            "lima_646": 0.006958560552448034,
            "lima_751": 0.012404795736074448,
            "lima_910": 0.008466741070151329,
            "lima_748": 0.012090800330042839,
            "lima_843": 0.026176832616329193
        },
        "lima_844": {
            "lima_844": 0.1204761490225792,
            "lima_516": 0.02512524649500847,
            "lima_160": 0.014069680124521255,
            "lima_501": 0.011056394316256046,
            "lima_810": -0.006049362476915121
        },
        "lima_845": {
            "lima_806": 0.014041907154023647,
            "lima_814": 0.033726491034030914,
            "lima_808": 0.015727726742625237,
            "lima_845": 0.2579416036605835,
            "lima_801": 0.016017742455005646
        },
        "lima_846": {
            "lima_846": 0.06704801321029663,
            "lima_808": 0.0017554016085341573,
            "lima_982": 0.01142723299562931,
            "lima_814": 0.008608485572040081,
            "lima_838": 0.02706204727292061
        },
        "lima_847": {
            "lima_964": 0.007586976978927851,
            "lima_965": 0.006237455643713474,
            "lima_966": -0.011403236538171768,
            "lima_967": 0.0020688986405730247,
            "lima_847": 0.13922376930713654
        },
        "lima_848": {
            "lima_848": 0.3064441978931427,
            "lima_561": 0.027973439544439316,
            "lima_842": 0.005412703845649958,
            "lima_938": 0.015828663483262062,
            "lima_826": 0.0897437036037445
        },
        "lima_849": {
            "lima_561": 0.004731004126369953,
            "lima_835": 0.01699097454547882,
            "lima_848": -0.0004523001844063401,
            "lima_806": -0.0048012519255280495,
            "lima_849": -0.010865924879908562
        },
        "lima_850": {
            "lima_801": 0.04257754236459732,
            "lima_211": 0.007014651782810688,
            "lima_808": 0.018976449966430664,
            "lima_905": 0.02608458697795868,
            "lima_850": 0.1992761194705963
        }
    },
    "58838016": {
        "lima_831": {
            "lima_54": -0.0004517091438174248,
            "lima_758": -0.003287759842351079,
            "lima_452": 0.020220782607793808,
            "lima_217": 0.005714195780456066,
            "lima_831": 0.021815471351146698
        },
        "lima_832": {
            "lima_964": 0.014283858239650726,
            "lima_965": 0.006666927598416805,
            "lima_966": -0.007755621802061796,
            "lima_967": 0.00593992043286562,
            "lima_832": -0.04345297813415527
        },
        "lima_833": {
            "lima_833": 0.22521549463272095,
            "lima_800": 0.013349967077374458,
            "lima_837": 0.020872900262475014,
            "lima_160": 0.011571602895855904,
            "lima_813": 0.07855793088674545
        },
        "lima_834": {
            "lima_834": 0.021949470043182373,
            "lima_31": -0.0013626100262627006,
            "lima_749": 0.004958466626703739,
            "lima_240": 0.010193564929068089,
            "lima_286": -0.003470216179266572
        },
        "lima_835": {
            "lima_835": 0.45059239864349365,
            "lima_293": -0.002935360884293914,
            "lima_804": 0.10406521707773209,
            "lima_522": 0.03561864420771599,
            "lima_805": 0.18939955532550812
        },
        "lima_836": {
            "lima_490": 0.014403987675905228,
            "lima_520": 0.010410115122795105,
            "lima_905": 0.02373136579990387,
            "lima_618": -0.007431198377162218,
            "lima_836": 0.05191737413406372
        },
        "lima_837": {
            "lima_837": 0.1952216476202011,
            "lima_593": -8.033181075006723e-06,
            "lima_451": 0.016469966620206833,
            "lima_583": 0.018158484250307083,
            "lima_160": 0.01150032039731741
        },
        "lima_838": {
            "lima_838": 0.1839195191860199,
            "lima_814": 0.03263094276189804,
            "lima_846": 0.021291770040988922,
            "lima_808": 0.01380639337003231,
            "lima_37": 0.023478355258703232
        },
        "lima_839": {
            "lima_839": 0.22133006155490875,
            "lima_806": 0.015073088929057121,
            "lima_814": 0.019521944224834442,
            "lima_999": 0.03531971946358681,
            "lima_64": 0.010441772639751434
        },
        "lima_840": {
            "lima_840": 0.3579227924346924,
            "lima_281": 0.009873107075691223,
            "lima_271": 0.009501000866293907,
            "lima_175": 0.0231197327375412,
            "lima_230": -0.010324815288186073
        },
        "lima_841": {
            "lima_841": 0.20418253540992737,
            "lima_166": -0.00940646044909954,