{
    "11767808": {
        "lima_182": {
            "lima_182": 0.2871815860271454,
            "lima_587": 0.039363883435726166,
            "lima_123": 0.0067022256553173065,
            "lima_583": 0.034108005464076996,
            "lima_779": 0.02673448994755745
        },
        "lima_183": {
            "lima_183": 0.33232858777046204,
            "lima_296": 0.012935204431414604,
            "lima_37": 0.05484683811664581,
            "lima_158": -0.0010659167310222983,
            "lima_521": 0.028956104069948196
        },
        "lima_184": {
            "lima_184": 0.6621145606040955,
            "lima_281": -0.00036895694211125374,
            "lima_215": -0.0023127198219299316,
            "lima_252": 0.008112568408250809,
            "lima_200": 0.01730218529701233
        },
        "lima_185": {
            "lima_185": 0.5019695162773132,
            "lima_256": 0.013912282884120941,
            "lima_88": 0.010410681366920471,
            "lima_32": 0.0029607494361698627,
            "lima_211": 0.006239432841539383
        },
        "lima_186": {
            "lima_186": 0.40620720386505127,
            "lima_742": 0.013926676474511623,
            "lima_51": 0.00845225527882576,
            "lima_122": 0.03155798092484474,
            "lima_243": 0.0024552445393055677
        },
        "lima_187": {
            "lima_187": 0.5678204298019409,
            "lima_766": 0.005749436095356941,
            "lima_218": -0.000975109520368278,
            "lima_192": 0.010673394426703453,
            "lima_160": 0.00294551532715559
        },
        "lima_188": {
            "lima_188": 0.6054286360740662,
            "lima_411": 0.016274644061923027,
            "lima_204": 0.019865814596414566,
            "lima_428": 0.014161117374897003,
            "lima_241": 0.04290632903575897
        },
        "lima_189": {
            "lima_189": 0.4149709939956665,
            "lima_25": 0.002237875945866108,
            "lima_136": 0.011665748432278633,
            "lima_967": 0.01013568602502346,
            "lima_354": 0.06602843850851059
        },
        "lima_190": {
            "lima_190": 0.4818870425224304,
            "lima_191": 0.0016758827259764075,
            "lima_103": 0.011552284471690655,
            "lima_78": -0.001305588404648006,
            "lima_346": 0.008851489052176476
        },
        "lima_191": {
            "lima_191": 0.5284219980239868,
            "lima_390": 0.014964942820370197,
            "lima_46": 0.014931391924619675,
            "lima_297": 0.026738524436950684,
            "lima_9": 0.01428111083805561
        },
        "lima_192": {
            "lima_192": 0.40317732095718384,
            "lima_199": 0.012040389701724052,
            "lima_237": 0.02012523077428341,
            "lima_287": 0.01188012957572937,
            "lima_247": 0.013426919467747211
        },
        "lima_193": {
            "lima_193": 0.37390848994255066,
            "lima_203": 0.008242824114859104,
            "lima_37": 0.017501864582300186,
            "lima_267": 0.00939185544848442,
            "lima_296": 0.0016742360312491655
        },
        "lima_194": {
            "lima_194": 0.6009436845779419,
            "lima_23": 0.00606151670217514,
            "lima_935": 0.017107941210269928,
            "lima_295": 0.006977591663599014,
            "lima_939": 0.006662141531705856
        },
        "lima_195": {
            "lima_195": 0.36957287788391113,
            "lima_255": 0.009679073467850685,
            "lima_383": 0.04645715653896332,
            "lima_64": 0.0144118033349514,
            "lima_517": 0.058633022010326385
        },
        "lima_196": {
            "lima_196": 0.337679922580719,
            "lima_256": 0.013474540784955025,
            "lima_378": 0.002020042622461915,
            "lima_290": 0.011602241545915604,
            "lima_316": 0.010660214349627495
        },
        "lima_197": {
            "lima_197": 0.5729870200157166,
            "lima_9": 0.03402768075466156,
            "lima_294": 0.029672745615243912,
            "lima_52": 0.039083633571863174,
            "lima_286": 0.015745367854833603
        },
        "lima_198": {
            "lima_198": 0.4222513437271118,
            "lima_311": 0.0006927263457328081,
            "lima_202": 0.011429226025938988,
            "lima_42": 0.008229280821979046,
            "lima_161": 0.012721385806798935
        },
        "lima_199": {
            "lima_199": 0.3531537353992462,
            "lima_45": 0.011518558487296104,
            "lima_49": -0.005199053790420294,
            "lima_83": 0.008791957050561905,
            "lima_112": 0.02717200294137001
        },
        "lima_200": {
            "lima_200": 0.4861871898174286,
            "lima_184": 0.006551360711455345,
            "lima_395": 0.00017832621233537793,
            "lima_819": 0.0006397218676283956,
            "lima_142": 0.003699640743434429
        },
        "lima_201": {
            "lima_201": 0.4556729197502136,
            "lima_374": -0.010388806462287903,
            "lima_203": -0.011243674904108047,
            "lima_37": -0.009486619383096695,
            "lima_228": -0.006013206206262112
        }
    },
    "58838016": {
        "lima_182": {
            "lima_182": 0.2874395549297333,
            "lima_587": 0.03953501582145691,
            "lima_123": 0.00750617403537035,
            "lima_583": 0.03382561355829239,
            "lima_779": 0.026724083349108696
        },
        "lima_183": {
            "lima_183": 0.33255767822265625,
            "lima_296": 0.01209214050322771,
            "lima_37": 0.05505407601594925,
            "lima_158": -0.0010619254317134619,
            "lima_521": 0.029393687844276428
        },
        "lima_184": {
            "lima_184": 0.6622952818870544,
            "lima_281": 0.00017613780801184475,
            "lima_215": -0.0018112875986844301,
            "lima_252": 0.008662483654916286,
            "lima_200": 0.01713372953236103
        },
        "lima_185": {
            "lima_185": 0.5018210411071777,
            "lima_256": 0.014005599543452263,
            "lima_88": 0.010805053636431694,
            "lima_32": 0.003989132586866617,
            "lima_211": 0.005785489454865456
        },
        "lima_186": {
            "lima_186": 0.4063243567943573,
            "lima_742": 0.013339480385184288,
            "lima_51": 0.008606811985373497,
            "lima_122": 0.03156636655330658,
            "lima_243": 0.0023864840622991323
        },
        "lima_187": {
            "lima_187": 0.5678463578224182,
            "lima_766": 0.00588191207498312,
            "lima_218": -0.0007073835004121065,
            "lima_192": 0.010497624054551125,
            "lima_160": 0.003079580143094063
        },
        "lima_188": {
            "lima_188": 0.6053675413131714,
            "lima_411": 0.01604311168193817,
            "lima_204": 0.019946979358792305,
            "lima_428": 0.014133847318589687,
            "lima_241": 0.04299129918217659
        },
        "lima_189": {
            "lima_189": 0.4150295853614807,
            "lima_25": 0.0022003930062055588,
            "lima_136": 0.012199798598885536,
            "lima_967": 0.010111816227436066,
            "lima_354": 0.0662098154425621
        },
        "lima_190": {
            "lima_190": 0.4820832908153534,
            "lima_191": 0.0014134750235825777,
            "lima_103": 0.012184531427919865,
            "lima_78": -0.0006868882337585092,
            "lima_346": 0.008606369607150555
        },
        "lima_191": {
            "lima_191": 0.528620719909668,
            "lima_390": 0.015577491372823715,
            "lima_46": 0.01464906521141529,
            "lima_297": 0.026840388774871826,
            "lima_9": 0.01399900671094656
        },
        "lima_192": {
            "lima_192": 0.4028569459915161,
            "lima_199": 0.01169754657894373,
            "lima_237": 0.020311608910560608,