{
    "11767808": {
        "lima_120": {
            "lima_120": 0.39184799790382385,
            "lima_104": 0.0388140045106411,
            "lima_134": 0.019304633140563965,
            "lima_530": 0.033468566834926605,
            "lima_204": 0.028228692710399628
        },
        "lima_121": {
            "lima_121": 0.38438016176223755,
            "lima_549": 0.007439246401190758,
            "lima_353": -0.004807119723409414,
            "lima_442": 0.014094354584813118,
            "lima_111": 0.012180695310235023
        },
        "lima_122": {
            "lima_122": 0.4958413243293762,
            "lima_838": -0.004709809087216854,
            "lima_145": 0.02427186444401741,
            "lima_808": 0.012875826098024845,
            "lima_806": 0.004442622885107994
        },
        "lima_123": {
            "lima_123": 0.3637577295303345,
            "lima_158": -0.01421164721250534,
            "lima_83": 0.0022422601468861103,
            "lima_259": -0.008511240594089031,
            "lima_1": 0.006155403796583414
        },
        "lima_124": {
            "lima_124": 0.7336101531982422,
            "lima_44": 0.01933976821601391,
            "lima_374": -0.0059142871759831905,
            "lima_588": 0.030699901282787323,
            "lima_4": 0.015791691839694977
        },
        "lima_125": {
            "lima_125": 0.5403491854667664,
            "lima_526": 0.017386766150593758,
            "lima_43": 0.012504950165748596,
            "lima_80": 0.01483120396733284,
            "lima_205": 0.011773530393838882
        },
        "lima_126": {
            "lima_126": 0.4462811350822449,
            "lima_56": 0.0020490260794758797,
            "lima_270": 0.016180559992790222,
            "lima_290": 0.011970444582402706,
            "lima_253": 0.008311890065670013
        },
        "lima_127": {
            "lima_127": 0.3476809859275818,
            "lima_398": -0.0009523285552859306,
            "lima_862": 0.003728564828634262,
            "lima_998": 0.007486015558242798,
            "lima_275": -0.004031668417155743
        },
        "lima_128": {
            "lima_128": 0.5404812693595886,
            "lima_80": 0.03287890926003456,
            "lima_92": 0.012168943881988525,
            "lima_177": 0.03520272299647331,
            "lima_594": 0.005991805344820023
        },
        "lima_129": {
            "lima_129": 0.6075611710548401,
            "lima_332": 0.0033354738261550665,
            "lima_238": 0.007918832823634148,
            "lima_576": 0.030130820348858833,
            "lima_393": 0.014399535022675991
        },
        "lima_130": {
            "lima_130": 0.4979153871536255,
            "lima_393": 0.002458196133375168,
            "lima_10": 0.007582713384181261,
            "lima_211": -0.0006017857231199741,
            "lima_248": 0.00635163951665163
        },
        "lima_131": {
            "lima_131": 0.512018084526062,
            "lima_236": 0.013560259714722633,
            "lima_324": 0.0012995172291994095,
            "lima_70": 0.0016566119156777859,
            "lima_81": 0.005908627063035965
        },
        "lima_132": {
            "lima_132": 0.4439924955368042,
            "lima_804": 0.011727479286491871,
            "lima_869": 0.012124217115342617,
            "lima_110": 0.005845184437930584,
            "lima_54": 0.0222829170525074
        },
        "lima_133": {
            "lima_133": 0.35154542326927185,
            "lima_107": 0.026470988988876343,
            "lima_919": 0.02208537608385086,
            "lima_920": 0.030238302424550056,
            "lima_9": 0.016628632321953773
        },
        "lima_134": {
            "lima_134": 0.5003772974014282,
            "lima_52": 0.0355224683880806,
            "lima_367": -0.016685079783201218,
            "lima_22": -1.810002140700817e-05,
            "lima_462": 0.020662007853388786
        },
        "lima_135": {
            "lima_135": 0.4543913006782532,
            "lima_808": 0.0002807699784170836,
            "lima_211": 0.005831275135278702,
            "lima_64": 0.005807909183204174,
            "lima_814": 0.009625389240682125
        },
        "lima_136": {
            "lima_136": 0.37208685278892517,
            "lima_57": 0.01058250106871128,
            "lima_306": 0.009699234738945961,
            "lima_134": 0.009301301091909409,
            "lima_11": 0.013473674654960632
        },
        "lima_137": {
            "lima_137": 0.47632279992103577,
            "lima_82": 0.022649666294455528,
            "lima_109": 0.031004467979073524,
            "lima_72": 0.0027537059504538774,
            "lima_11": 0.02549261786043644
        },
        "lima_138": {
            "lima_138": 0.6205520629882812,
            "lima_294": 0.017132949084043503,
            "lima_310": 0.013947395607829094,
            "lima_205": 0.015123915858566761,
            "lima_150": 0.01912556029856205
        },
        "lima_139": {
            "lima_139": 0.3684713542461395,
            "lima_83": 0.01910681463778019,
            "lima_123": 0.004582424182444811,
            "lima_226": 0.003145612310618162,
            "lima_393": 0.019535215571522713
        }
    },
    "58838016": {
        "lima_120": {
            "lima_120": 0.3916446566581726,
            "lima_104": 0.03896525502204895,
            "lima_134": 0.019924430176615715,
            "lima_530": 0.03420935198664665,
            "lima_204": 0.02760489471256733
        },
        "lima_121": {
            "lima_121": 0.3848613500595093,
            "lima_549": 0.007231545634567738,
            "lima_353": -0.005167226307094097,
            "lima_442": 0.014322428964078426,
            "lima_111": 0.011953912675380707
        },
        "lima_122": {
            "lima_122": 0.49559950828552246,
            "lima_838": -0.00463465042412281,
            "lima_145": 0.02507319673895836,
            "lima_808": 0.012737572193145752,
            "lima_806": 0.003967106342315674
        },
        "lima_123": {
            "lima_123": 0.36412981152534485,
            "lima_158": -0.013740683905780315,
            "lima_83": 0.0018047362100332975,
            "lima_259": -0.008419725112617016,
            "lima_1": 0.005696394480764866
        },
        "lima_124": {
            "lima_124": 0.7337540984153748,
            "lima_44": 0.019156672060489655,
            "lima_374": -0.005749508738517761,
            "lima_588": 0.030671318992972374,
            "lima_4": 0.015162617899477482
        },
        "lima_125": {
            "lima_125": 0.5398669242858887,
            "lima_526": 0.017505422234535217,
            "lima_43": 0.01254185289144516,
            "lima_80": 0.015155303291976452,
            "lima_205": 0.011591324582695961
        },
        "lima_126": {
            "lima_126": 0.44586628675460815,
            "lima_56": 0.0018600993789732456,
            "lima_270": 0.016653766855597496,
            "lima_290": 0.012425528839230537,
            "lima_253": 0.008238996379077435
        },
        "lima_127": {
            "lima_127": 0.3478565812110901,
            "lima_398": -0.0009342835983261466,
            "lima_862": 0.004130277782678604,
            "lima_998": 0.00726278405636549,
            "lima_275": -0.004061450250446796
        },
        "lima_128": {
            "lima_128": 0.5406763553619385,
            "lima_80": 0.03270833194255829,
            "lima_92": 0.012461438775062561,
            "lima_177": 0.035398416221141815,
            "lima_594": 0.0066789379343390465
        },
        "lima_129": {
            "lima_129": 0.6076187491416931,
            "lima_332": 0.003945053555071354,
            "lima_238": 0.008124148473143578,
            "lima_576": 0.03097657673060894,
            "lima_393": 0.014516646042466164
        },
        "lima_130": {
            "lima_130": 0.4982907176017761,
            "lima_393": 0.0021634502336382866,
            "lima_10": 0.0075653353706002235,