{
    "11767808": {
        "lima_282": {
            "lima_282": 0.5822626352310181,
            "lima_342": 0.005123576149344444,
            "lima_905": 0.013523485511541367,
            "lima_290": 0.017720527946949005,
            "lima_396": -0.004432057961821556
        },
        "lima_283": {
            "lima_283": 0.28074929118156433,
            "lima_37": 0.013601729646325111,
            "lima_203": 0.012100715190172195,
            "lima_172": 0.006984376814216375,
            "lima_374": -0.00859325472265482
        },
        "lima_284": {
            "lima_284": 0.47060519456863403,
            "lima_173": -0.009337340481579304,
            "lima_364": 0.0020007535349577665,
            "lima_397": -0.0014300839975476265,
            "lima_318": -0.003398098284378648
        },
        "lima_285": {
            "lima_285": 0.44859129190444946,
            "lima_294": 0.012434449046850204,
            "lima_223": -0.000872009783051908,
            "lima_138": 0.006801671348512173,
            "lima_178": 0.018617939203977585
        },
        "lima_286": {
            "lima_286": 0.6527104377746582,
            "lima_190": 0.018027346581220627,
            "lima_173": -0.005361346527934074,
            "lima_293": 0.005595027934759855,
            "lima_205": 0.021730802953243256
        },
        "lima_287": {
            "lima_287": 0.7509528398513794,
            "lima_225": 0.030076127499341965,
            "lima_123": 0.029578696936368942,
            "lima_319": -0.002570927608758211,
            "lima_83": 0.0012522790348157287
        },
        "lima_288": {
            "lima_288": 0.5411422252655029,
            "lima_145": 0.00946724135428667,
            "lima_380": 0.00019388721557334065,
            "lima_130": 0.002069460228085518,
            "lima_364": 0.005519452504813671
        },
        "lima_289": {
            "lima_289": 0.532860279083252,
            "lima_81": 0.03343474864959717,
            "lima_316": 0.010730470530688763,
            "lima_227": -0.00015762136899866164,
            "lima_391": -0.0008814261527732015
        },
        "lima_290": {
            "lima_290": 0.7896090745925903,
            "lima_22": 0.009319739416241646,
            "lima_98": -0.0030356161296367645,
            "lima_225": 0.0038487031124532223,
            "lima_281": 0.004062717780470848
        },
        "lima_291": {
            "lima_291": 0.43809986114501953,
            "lima_167": 0.027992624789476395,
            "lima_57": 0.009991416707634926,
            "lima_438": 0.019767384976148605,
            "lima_819": -0.004140481352806091
        },
        "lima_292": {
            "lima_292": 0.47180142998695374,
            "lima_335": 0.026348020881414413,
            "lima_273": 0.03394043445587158,
            "lima_254": 0.019206039607524872,
            "lima_245": 0.04220782592892647
        },
        "lima_293": {
            "lima_293": 0.4527498185634613,
            "lima_1": 0.003498182399198413,
            "lima_294": 0.02273440733551979,
            "lima_64": -0.012807793915271759,
            "lima_830": 0.006213991902768612
        },
        "lima_294": {
            "lima_294": 0.6513006091117859,
            "lima_297": 0.02285919338464737,
            "lima_9": 0.02434631437063217,
            "lima_191": 0.013789170421659946,
            "lima_206": -0.00769049534574151
        },
        "lima_295": {
            "lima_23": 0.0030803123954683542,
            "lima_295": 0.6156855821609497,
            "lima_961": 0.005529577843844891,
            "lima_711": 0.015149671584367752,
            "lima_720": 0.008584950119256973
        },
        "lima_296": {
            "lima_296": 0.23198209702968597,
            "lima_179": -0.0019340423168614507,
            "lima_274": 0.004718932788819075,
            "lima_571": 0.004044848494231701,
            "lima_158": 0.0027483543381094933
        },
        "lima_297": {
            "lima_297": 0.5950754284858704,
            "lima_294": 0.014934779144823551,
            "lima_150": -0.0012244173558428884,
            "lima_191": 0.010132481344044209,
            "lima_231": 0.0013186411233618855
        },
        "lima_298": {
            "lima_298": 0.8150431513786316,
            "lima_374": -0.00452817976474762,
            "lima_965": 0.0026202488224953413,
            "lima_140": 0.00873285997658968,
            "lima_837": 0.012349608354270458
        },
        "lima_299": {
            "lima_299": 0.5209379196166992,
            "lima_559": 0.024996880441904068,
            "lima_413": 0.005795241333544254,
            "lima_973": -0.0011827811831608415,
            "lima_572": 0.005855347495526075
        },
        "lima_300": {
            "lima_300": 0.5027123093605042,
            "lima_264": 0.004766423720866442,
            "lima_819": 0.004548327066004276,
            "lima_162": 0.008870437741279602,
            "lima_83": 0.011996787041425705
        },
        "lima_301": {
            "lima_301": 0.2552437484264374,
            "lima_40": 0.020074130967259407,
            "lima_431": 0.02124188467860222,
            "lima_152": 0.010013720020651817,
            "lima_188": 0.01806502789258957
        }
    },
    "58838016": {
        "lima_282": {
            "lima_282": 0.5822094082832336,
            "lima_342": 0.004982278682291508,
            "lima_905": 0.01339636743068695,
            "lima_290": 0.017973478883504868,
            "lima_396": -0.0045249550603330135
        },
        "lima_283": {
            "lima_283": 0.2814329266548157,
            "lima_37": 0.013589566573500633,
            "lima_203": 0.012050900608301163,
            "lima_172": 0.006957237608730793,
            "lima_374": -0.00837856624275446
        },
        "lima_284": {
            "lima_284": 0.47067350149154663,
            "lima_173": -0.0094256941229105,
            "lima_364": 0.0017684327904134989,
            "lima_397": -0.0019384573679417372,
            "lima_318": -0.0027818847447633743
        },
        "lima_285": {
            "lima_285": 0.4482426941394806,
            "lima_294": 0.012655088678002357,
            "lima_223": -0.0008297503809444606,
            "lima_138": 0.005730948876589537,
            "lima_178": 0.01879391074180603
        },
        "lima_286": {
            "lima_286": 0.6527155041694641,
            "lima_190": 0.01827753335237503,
            "lima_173": -0.005239623598754406,
            "lima_293": 0.006101122125983238,
            "lima_205": 0.022132508456707
        },
        "lima_287": {
            "lima_287": 0.7512021064758301,
            "lima_225": 0.029748450964689255,
            "lima_123": 0.02910284511744976,
            "lima_319": -0.002386630978435278,
            "lima_83": 0.0007179225794970989
        },
        "lima_288": {
            "lima_288": 0.5410140752792358,
            "lima_145": 0.009397683665156364,
            "lima_380": 0.0002087140455842018,
            "lima_130": 0.0018709112191572785,
            "lima_364": 0.004655433818697929
        },
        "lima_289": {
            "lima_289": 0.5324026942253113,
            "lima_81": 0.032872602343559265,
            "lima_316": 0.010447521694004536,
            "lima_227": -0.0007477518520317972,
            "lima_391": -0.0011492558987811208
        },
        "lima_290": {
            "lima_290": 0.7895070314407349,
            "lima_22": 0.009108473546802998,
            "lima_98": -0.003046924015507102,
            "lima_225": 0.0037591031286865473,
            "lima_281": 0.003790907561779022
        },
        "lima_291": {
            "lima_291": 0.4380815625190735,
            "lima_167": 0.02785220742225647,
            "lima_57": 0.01008343044668436,
            "lima_438": 0.020050369203090668,
            "lima_819": -0.0043557630851864815
        },
        "lima_292": {
            "lima_292": 0.47170352935791016,
            "lima_335": 0.02672416903078556,