{
    "11767808": {
        "lima_464": {
            "lima_464": 0.4717693328857422,
            "lima_562": 0.12630662322044373,
            "lima_505": 0.009614778682589531,
            "lima_435": 0.016027923673391342,
            "lima_586": 0.025407183915376663
        },
        "lima_465": {
            "lima_465": 0.7487536072731018,
            "lima_259": -0.0009416004177182913,
            "lima_501": 0.008911993354558945,
            "lima_231": 0.0024930431973189116,
            "lima_382": 0.014829637482762337
        },
        "lima_466": {
            "lima_466": 0.587865948677063,
            "lima_410": 0.010713977739214897,
            "lima_558": 0.028671469539403915,
            "lima_422": 0.022862648591399193,
            "lima_160": 0.019042251631617546
        },
        "lima_467": {
            "lima_467": 0.43151015043258667,
            "lima_862": 0.024292390793561935,
            "lima_569": 0.029435012489557266,
            "lima_549": 0.04649374634027481,
            "lima_286": 0.008227072656154633
        },
        "lima_468": {
            "lima_468": 0.6004092693328857,
            "lima_205": 0.003021468874067068,
            "lima_294": 0.00215152557939291,
            "lima_293": -0.003656725399196148,
            "lima_310": 0.006332254037261009
        },
        "lima_469": {
            "lima_469": 0.15283581614494324,
            "lima_1": 0.0017068154411390424,
            "lima_259": -0.003925853408873081,
            "lima_240": 0.016197731718420982,
            "lima_937": 0.014634956605732441
        },
        "lima_470": {
            "lima_470": 0.24133053421974182,
            "lima_872": -0.00035873783053830266,
            "lima_953": 0.009538985788822174,
            "lima_972": 0.00031256082002073526,
            "lima_889": 0.016541969031095505
        },
        "lima_471": {
            "lima_37": 0.00791940838098526,
            "lima_274": 0.006946146488189697,
            "lima_259": -0.002789398655295372,
            "lima_228": -0.005038906820118427,
            "lima_471": 0.2807416617870331
        },
        "lima_472": {
            "lima_480": 0.0055254725739359856,
            "lima_472": 0.0786031037569046,
            "lima_560": 0.00696715759113431,
            "lima_442": 0.01299336738884449,
            "lima_575": -0.005276185926049948
        },
        "lima_473": {
            "lima_473": 0.40918517112731934,
            "lima_290": 0.011513344943523407,
            "lima_188": 0.00678372522816062,
            "lima_411": -0.004632438533008099,
            "lima_241": 0.015467982739210129
        },
        "lima_474": {
            "lima_474": 0.2750557065010071,
            "lima_661": 0.02654075063765049,
            "lima_741": 0.010369325056672096,
            "lima_799": -0.003099414985626936,
            "lima_685": 0.01776706427335739
        },
        "lima_475": {
            "lima_475": 0.2235107719898224,
            "lima_257": 0.024123165756464005,
            "lima_221": -0.004213553853332996,
            "lima_429": 0.01312977820634842,
            "lima_587": 0.009495817124843597
        },
        "lima_476": {
            "lima_476": 0.42706334590911865,
            "lima_360": 0.05574394017457962,
            "lima_183": 0.05534899979829788,
            "lima_703": 0.04253000766038895,
            "lima_203": 0.012473047710955143
        },
        "lima_477": {
            "lima_477": 0.4745705723762512,
            "lima_364": 0.021979104727506638,
            "lima_56": 0.003584049642086029,
            "lima_247": 0.012316329404711723,
            "lima_230": 0.0014431483577936888
        },
        "lima_478": {
            "lima_479": 0.04137028753757477,
            "lima_852": 0.016751565039157867,
            "lima_37": 0.03620372712612152,
            "lima_478": 0.46109631657600403,
            "lima_524": 0.023491930216550827
        },
        "lima_479": {
            "lima_479": 0.5251645445823669,
            "lima_524": 0.032855890691280365,
            "lima_837": 0.03130737692117691,
            "lima_37": 0.020744554698467255,
            "lima_434": 0.09313027560710907
        },
        "lima_480": {
            "lima_808": 0.007640235126018524,
            "lima_838": 0.015623092651367188,
            "lima_309": -0.0014307850506156683,
            "lima_846": 0.013965705409646034,
            "lima_480": 0.061305977404117584
        },
        "lima_481": {
            "lima_481": 0.5665964484214783,
            "lima_478": 0.08424709737300873,
            "lima_437": 0.009007453918457031,
            "lima_575": 0.003359081456437707,
            "lima_541": 0.004918957129120827
        },
        "lima_482": {
            "lima_482": 0.39586904644966125,
            "lima_872": 0.0012729793088510633,
            "lima_521": 0.012466536834836006,
            "lima_951": 0.000184833217645064,
            "lima_80": 0.011753994971513748
        },
        "lima_483": {
            "lima_483": 0.4153110980987549,
            "lima_516": 0.02522876486182213,
            "lima_369": 0.018483120948076248,
            "lima_243": -0.00018988264491781592,
            "lima_112": 0.007397972047328949
        }
    },
    "58838016": {
        "lima_464": {
            "lima_464": 0.471709281206131,
            "lima_562": 0.12633976340293884,
            "lima_505": 0.009820844978094101,
            "lima_435": 0.016431190073490143,
            "lima_586": 0.02521536685526371
        },
        "lima_465": {
            "lima_465": 0.7485707998275757,
            "lima_259": -0.0007310551591217518,
            "lima_501": 0.008993839845061302,
            "lima_231": 0.002164724748581648,
            "lima_382": 0.014403266832232475
        },
        "lima_466": {
            "lima_466": 0.5878893136978149,
            "lima_410": 0.010315317660570145,
            "lima_558": 0.029190361499786377,
            "lima_422": 0.02325042150914669,
            "lima_160": 0.018779782578349113
        },
        "lima_467": {
            "lima_467": 0.4316394031047821,
            "lima_862": 0.024610452353954315,
            "lima_569": 0.030086159706115723,
            "lima_549": 0.046342428773641586,
            "lima_286": 0.007759947795420885
        },
        "lima_468": {
            "lima_468": 0.6005111932754517,
            "lima_205": 0.0029148608446121216,
            "lima_294": 0.002302964683622122,
            "lima_293": -0.003746258793398738,
            "lima_310": 0.006525037344545126
        },
        "lima_469": {
            "lima_469": 0.15291860699653625,
            "lima_1": 0.0018483474850654602,
            "lima_259": -0.00397501653060317,
            "lima_240": 0.016056811437010765,
            "lima_937": 0.014931418932974339
        },
        "lima_470": {
            "lima_470": 0.24151410162448883,
            "lima_872": -0.00010229778126813471,
            "lima_953": 0.010014493018388748,
            "lima_972": 3.6572419048752636e-05,
            "lima_889": 0.016591297462582588
        },
        "lima_471": {
            "lima_37": 0.008004591800272465,
            "lima_274": 0.006371513940393925,
            "lima_259": -0.0025750617496669292,
            "lima_228": -0.004984073340892792,
            "lima_471": 0.28056585788726807
        },
        "lima_472": {
            "lima_480": 0.005607766564935446,
            "lima_472": 0.07951720803976059,
            "lima_560": 0.007011712063103914,
            "lima_442": 0.013999349437654018,
            "lima_575": -0.005560305900871754
        },
        "lima_473": {
            "lima_473": 0.4094412326812744,
            "lima_290": 0.011739755980670452,
            "lima_188": 0.006675126031041145,
            "lima_411": -0.004691973328590393,
            "lima_241": 0.01559193804860115
        },
        "lima_474": {
            "lima_474": 0.2748039960861206,
            "lima_661": 0.026574430987238884,