{
    "11767808": {
        "lima_605": {
            "lima_605": 0.49446502327919006,
            "lima_40": 0.021033696830272675,
            "lima_80": 0.011701051145792007,
            "lima_512": 0.03770921379327774,
            "lima_588": 0.027403192594647408
        },
        "lima_606": {
            "lima_583": 0.041278403252363205,
            "lima_489": 0.04820092022418976,
            "lima_55": 0.048379085958004,
            "lima_742": 0.07159248739480972,
            "lima_606": 0.34761154651641846
        },
        "lima_607": {
            "lima_607": 0.4541558027267456,
            "lima_40": 0.0013264116132631898,
            "lima_986": -0.007450425066053867,
            "lima_136": 0.0040254611521959305,
            "lima_6": 0.007147182710468769
        },
        "lima_608": {
            "lima_608": 0.42747098207473755,
            "lima_374": -0.010900203138589859,
            "lima_588": 0.008857251144945621,
            "lima_837": 0.022453293204307556,
            "lima_530": 0.01340444479137659
        },
        "lima_609": {
            "lima_609": 0.398423969745636,
            "lima_701": 0.07100208848714828,
            "lima_23": 0.0039595975540578365,
            "lima_6": 0.03129535913467407,
            "lima_134": 0.01927293837070465
        },
        "lima_610": {
            "lima_610": 0.2898685336112976,
            "lima_80": 0.015339248813688755,
            "lima_757": 0.027895580977201462,
            "lima_759": 0.07188209146261215,
            "lima_671": 0.08089450001716614
        },
        "lima_611": {
            "lima_611": 0.287200003862381,
            "lima_539": 0.01663936674594879,
            "lima_951": -0.017145689576864243,
            "lima_463": 0.027325648814439774,
            "lima_967": 0.020640935748815536
        },
        "lima_612": {
            "lima_612": 0.450270414352417,
            "lima_349": 0.010764643549919128,
            "lima_374": -0.011216387152671814,
            "lima_588": 0.01513659581542015,
            "lima_813": 0.019383490085601807
        },
        "lima_613": {
            "lima_613": 0.41495442390441895,
            "lima_588": 0.007277693133801222,
            "lima_380": -0.0061109717935323715,
            "lima_98": -0.004403805360198021,
            "lima_512": 0.016613539308309555
        },
        "lima_614": {
            "lima_614": 0.3783416152000427,
            "lima_349": 0.01743810437619686,
            "lima_80": 0.0030609657987952232,
            "lima_588": 0.01717226393520832,
            "lima_905": 0.012744937092065811
        },
        "lima_615": {
            "lima_615": 0.5008271336555481,
            "lima_753": 0.0207485631108284,
            "lima_512": 0.04379366338253021,
            "lima_588": 0.021526087075471878,
            "lima_205": 0.0033836807124316692
        },
        "lima_616": {
            "lima_616": 0.377213716506958,
            "lima_134": 0.010321292094886303,
            "lima_768": 0.05401796102523804,
            "lima_876": 0.012282950803637505,
            "lima_167": 0.026107747107744217
        },
        "lima_618": {
            "lima_618": 0.40362900495529175,
            "lima_61": 0.008004611358046532,
            "lima_919": 0.006326854228973389,
            "lima_446": 0.017906777560710907,
            "lima_725": 0.03196898102760315
        },
        "lima_620": {
            "lima_620": 0.39558935165405273,
            "lima_48": 0.019266735762357712,
            "lima_256": 0.007917563430964947,
            "lima_169": 0.0005847663851454854,
            "lima_60": 0.014787057414650917
        },
        "lima_621": {
            "lima_621": 0.4267543852329254,
            "lima_257": 0.004024134017527103,
            "lima_238": -0.0009370398474857211,
            "lima_166": 0.006538507528603077,
            "lima_921": -0.0033375523053109646
        },
        "lima_622": {
            "lima_622": 0.5159163475036621,
            "lima_80": -0.002947624772787094,
            "lima_512": 0.017007261514663696,
            "lima_588": 0.021154489368200302,
            "lima_205": 0.009219316765666008
        },
        "lima_624": {
            "lima_624": 0.3913419246673584,
            "lima_665": 0.0484706312417984,
            "lima_721": 0.03623025119304657,
            "lima_664": 0.08258718252182007,
            "lima_594": 0.007066818885505199
        },
        "lima_625": {
            "lima_625": 0.4299421012401581,
            "lima_256": 0.022961856797337532,
            "lima_583": 0.048015519976615906,
            "lima_587": 0.031074363738298416,
            "lima_48": 0.01745184138417244
        },
        "lima_626": {
            "lima_626": 0.48265957832336426,
            "lima_374": -0.011529000476002693,
            "lima_588": 0.020557481795549393,
            "lima_380": 0.02538035809993744,
            "lima_98": 0.004406958818435669
        },
        "lima_627": {
            "lima_627": 0.33022063970565796,
            "lima_587": 0.001566332415677607,
            "lima_583": 0.013300423510372639,
            "lima_278": 0.004995832219719887,
            "lima_151": 0.021434102207422256
        }
    },
    "58838016": {
        "lima_605": {
            "lima_605": 0.4941839575767517,
            "lima_40": 0.021635252982378006,
            "lima_80": 0.011240748688578606,
            "lima_512": 0.037159767001867294,
            "lima_588": 0.027629908174276352
        },
        "lima_606": {
            "lima_583": 0.04076256603002548,
            "lima_489": 0.048425279557704926,
            "lima_55": 0.048107512295246124,
            "lima_742": 0.07132419943809509,
            "lima_606": 0.34724780917167664
        },
        "lima_607": {
            "lima_607": 0.45382359623908997,
            "lima_40": 0.00038945951382629573,
            "lima_986": -0.006992815528064966,
            "lima_136": 0.00431408453732729,
            "lima_6": 0.0063293082639575005
        },
        "lima_608": {
            "lima_608": 0.42666739225387573,
            "lima_374": -0.010699027217924595,
            "lima_588": 0.009176837280392647,
            "lima_837": 0.02235020324587822,
            "lima_530": 0.01365349069237709
        },
        "lima_609": {
            "lima_609": 0.39861297607421875,
            "lima_701": 0.0708494782447815,
            "lima_23": 0.004067662172019482,
            "lima_6": 0.031346794217824936,
            "lima_134": 0.019784651696681976
        },
        "lima_610": {
            "lima_610": 0.28957194089889526,
            "lima_80": 0.01492356602102518,
            "lima_757": 0.027357865124940872,
            "lima_759": 0.0722842812538147,
            "lima_671": 0.08075325936079025
        },
        "lima_611": {
            "lima_611": 0.2872884273529053,
            "lima_539": 0.016224630177021027,
            "lima_951": -0.017448166385293007,
            "lima_463": 0.02682654932141304,
            "lima_967": 0.020662814378738403
        },
        "lima_612": {
            "lima_612": 0.4504481554031372,
            "lima_349": 0.010785533115267754,
            "lima_374": -0.011958366259932518,
            "lima_588": 0.01535961776971817,
            "lima_813": 0.019346419721841812
        },
        "lima_613": {
            "lima_613": 0.41523587703704834,
            "lima_588": 0.0072345491498708725,
            "lima_380": -0.006268795114010572,
            "lima_98": -0.003934530541300774,
            "lima_512": 0.01618325337767601
        },
        "lima_614": {
            "lima_614": 0.37826114892959595,
            "lima_349": 0.01759689673781395,
            "lima_80": 0.003329177387058735,
            "lima_588": 0.016868876293301582,
            "lima_905": 0.012452948838472366
        },
        "lima_615": {
            "lima_615": 0.5006712675094604,
            "lima_753": 0.020541636273264885,
            "lima_512": 0.04347336292266846,