{
    "11767808": {
        "lima_423": {
            "lima_538": 0.015891948714852333,
            "lima_406": 0.014976824633777142,
            "lima_862": 0.004699437879025936,
            "lima_776": 0.00490738358348608,
            "lima_423": 0.4721984565258026
        },
        "lima_424": {
            "lima_424": 0.33166608214378357,
            "lima_134": 0.03486327454447746,
            "lima_433": -0.009544407948851585,
            "lima_167": 0.031034870073199272,
            "lima_196": 0.04337434470653534
        },
        "lima_425": {
            "lima_425": 0.42225223779678345,
            "lima_227": 0.005155480466783047,
            "lima_864": 0.010360348038375378,
            "lima_506": 0.03776204586029053,
            "lima_64": 0.002693903399631381
        },
        "lima_426": {
            "lima_426": 0.3560807406902313,
            "lima_329": -0.004173891618847847,
            "lima_538": 0.04010060802102089,
            "lima_577": 0.039139486849308014,
            "lima_336": 0.010492892935872078
        },
        "lima_427": {
            "lima_427": 0.4863884449005127,
            "lima_144": 0.025232423096895218,
            "lima_460": 0.028985852375626564,
            "lima_330": -0.0029151425696909428,
            "lima_374": -0.003565390594303608
        },
        "lima_428": {
            "lima_428": 0.7452618479728699,
            "lima_213": 0.0034524453803896904,
            "lima_127": -0.007688989397138357,
            "lima_961": 0.012846320867538452,
            "lima_573": 0.022079329937696457
        },
        "lima_429": {
            "lima_429": 0.3744830787181854,
            "lima_134": 0.014513236470520496,
            "lima_196": 0.00458949338644743,
            "lima_249": 0.014255516231060028,
            "lima_48": 0.009389561600983143
        },
        "lima_430": {
            "lima_430": 0.414257675409317,
            "lima_228": 0.004940297454595566,
            "lima_296": 0.008898824453353882,
            "lima_259": -0.0006695342599414289,
            "lima_123": 0.016614548861980438
        },
        "lima_431": {
            "lima_431": 0.5187785029411316,
            "lima_179": -0.002006352646276355,
            "lima_353": -0.00893237255513668,
            "lima_83": 0.01086326315999031,
            "lima_45": 0.002349795075133443
        },
        "lima_432": {
            "lima_432": 0.3902477025985718,
            "lima_435": 0.048075202852487564,
            "lima_227": 0.0069863637909293175,
            "lima_6": -0.007675705477595329,
            "lima_134": 0.020612023770809174
        },
        "lima_433": {
            "lima_433": 0.4110661745071411,
            "lima_98": 0.011143967509269714,
            "lima_424": 0.02139423042535782,
            "lima_185": 0.010610468685626984,
            "lima_45": 0.0064206188544631
        },
        "lima_434": {
            "lima_434": 0.4365631937980652,
            "lima_526": 0.016460221260786057,
            "lima_364": 0.013870813883841038,
            "lima_373": 0.012133676558732986,
            "lima_837": 0.029131589457392693
        },
        "lima_435": {
            "lima_435": 0.351381778717041,
            "lima_562": 0.018726814538240433,
            "lima_463": 0.007430334575474262,
            "lima_464": 0.024560226127505302,
            "lima_136": 0.011150181293487549
        },
        "lima_436": {
            "lima_436": 0.3966813087463379,
            "lima_505": 0.04126264154911041,
            "lima_517": 0.046098873019218445,
            "lima_235": -0.004170740023255348,
            "lima_230": 0.012913905084133148
        },
        "lima_437": {
            "lima_374": -0.018545158207416534,
            "lima_37": 0.014926713891327381,
            "lima_852": 0.009441714733839035,
            "lima_228": -0.009657447226345539,
            "lima_437": 0.3138664960861206
        },
        "lima_438": {
            "lima_438": 0.7851653099060059,
            "lima_463": 0.02008776366710663,
            "lima_176": -0.0023027602583169937,
            "lima_724": 0.003277256852015853,
            "lima_190": 0.001083102193661034
        },
        "lima_439": {
            "lima_439": 0.32242798805236816,
            "lima_581": 0.03084440529346466,
            "lima_559": 0.01207701489329338,
            "lima_535": 0.015317726880311966,
            "lima_549": -0.006828794255852699
        },
        "lima_440": {
            "lima_410": 0.017651958391070366,
            "lima_281": 0.00537602324038744,
            "lima_287": 0.016429226845502853,
            "lima_93": 0.00741104781627655,
            "lima_440": 0.4171321392059326
        },
        "lima_441": {
            "lima_441": 0.6417738199234009,
            "lima_23": 0.006071092560887337,
            "lima_511": 0.28065231442451477,
            "lima_961": 0.016472227871418,
            "lima_507": 0.008020530454814434
        },
        "lima_442": {
            "lima_442": 0.458035409450531,
            "lima_480": 0.09959184378385544,
            "lima_472": 0.11659674346446991,
            "lima_560": 0.08135800063610077,
            "lima_133": -0.0042040469124913216
        }
    },
    "58838016": {
        "lima_423": {
            "lima_538": 0.016200561076402664,
            "lima_406": 0.01512238197028637,
            "lima_862": 0.004908830393105745,
            "lima_776": 0.004816632252186537,
            "lima_423": 0.4727284908294678
        },
        "lima_424": {
            "lima_424": 0.33161720633506775,
            "lima_134": 0.03447407856583595,
            "lima_433": -0.009558429941534996,
            "lima_167": 0.031064309179782867,
            "lima_196": 0.04356589913368225
        },
        "lima_425": {
            "lima_425": 0.4216592609882355,
            "lima_227": 0.005655684508383274,
            "lima_864": 0.010271846316754818,
            "lima_506": 0.03807814419269562,
            "lima_64": 0.0034183282405138016
        },
        "lima_426": {
            "lima_426": 0.3563627600669861,
            "lima_329": -0.004085405729711056,
            "lima_538": 0.04066617414355278,
            "lima_577": 0.038871921598911285,
            "lima_336": 0.01080259494483471
        },
        "lima_427": {
            "lima_427": 0.4862709045410156,
            "lima_144": 0.024642296135425568,
            "lima_460": 0.029299333691596985,
            "lima_330": -0.003392944112420082,
            "lima_374": -0.003351191058754921
        },
        "lima_428": {
            "lima_428": 0.7451034784317017,
            "lima_213": 0.0031123305670917034,
            "lima_127": -0.007718668319284916,
            "lima_961": 0.012620283290743828,
            "lima_573": 0.021887820214033127
        },
        "lima_429": {
            "lima_429": 0.3751123547554016,
            "lima_134": 0.014502233825623989,
            "lima_196": 0.005038470961153507,
            "lima_249": 0.014808742329478264,
            "lima_48": 0.009096410125494003
        },
        "lima_430": {
            "lima_430": 0.4145638942718506,
            "lima_228": 0.005591415800154209,
            "lima_296": 0.008876994252204895,
            "lima_259": -0.0005442010005936027,
            "lima_123": 0.01682393252849579
        },
        "lima_431": {
            "lima_431": 0.5188702344894409,
            "lima_179": -0.0021171062253415585,
            "lima_353": -0.008914846926927567,
            "lima_83": 0.01098682265728712,
            "lima_45": 0.002573625650256872
        },
        "lima_432": {
            "lima_432": 0.3900177478790283,
            "lima_435": 0.047854937613010406,
            "lima_227": 0.006865207105875015,
            "lima_6": -0.008397015742957592,
            "lima_134": 0.02050696313381195
        },
        "lima_433": {
            "lima_433": 0.4113039970397949,
            "lima_98": 0.011793502606451511,
            "lima_424": 0.02135157398879528,