{
    "11767808": {
        "lima_504": {
            "lima_504": 0.36852940917015076,
            "lima_293": -0.0017194418469443917,
            "lima_303": 0.03428179770708084,
            "lima_294": 0.008379853330552578,
            "lima_347": -0.0044409362599253654
        },
        "lima_505": {
            "lima_505": 0.511682391166687,
            "lima_559": 0.018912676721811295,
            "lima_794": 0.048046521842479706,
            "lima_503": 0.029085852205753326,
            "lima_464": 0.03474295139312744
        },
        "lima_506": {
            "lima_506": 0.5247485637664795,
            "lima_175": 0.020308300852775574,
            "lima_581": 0.023683710023760796,
            "lima_465": 0.013257447630167007,
            "lima_521": -0.012462576851248741
        },
        "lima_507": {
            "lima_507": 0.4878534972667694,
            "lima_863": 0.03792012855410576,
            "lima_810": -0.004165505524724722,
            "lima_956": 0.01344262808561325,
            "lima_876": 0.0053491732105612755
        },
        "lima_508": {
            "lima_508": 0.4249996542930603,
            "lima_510": 0.0025253440253436565,
            "lima_577": 0.03396652638912201,
            "lima_726": 0.014339547604322433,
            "lima_521": 0.011362815275788307
        },
        "lima_509": {
            "lima_509": 0.5393762588500977,
            "lima_454": 0.03271939605474472,
            "lima_549": 0.013016192242503166,
            "lima_586": 0.018448466435074806,
            "lima_559": 0.02213982306420803
        },
        "lima_510": {
            "lima_510": 0.5042336583137512,
            "lima_374": -0.002100879093632102,
            "lima_37": 0.011681756004691124,
            "lima_283": 0.006056414917111397,
            "lima_203": 0.007115364074707031
        },
        "lima_511": {
            "lima_511": 0.6921265721321106,
            "lima_23": 0.004597818478941917,
            "lima_441": 0.27565357089042664,
            "lima_961": 0.0169423408806324,
            "lima_316": 0.003784110536798835
        },
        "lima_512": {
            "lima_512": 0.6623533368110657,
            "lima_411": 0.01427236758172512,
            "lima_435": 0.03702990710735321,
            "lima_262": -0.01226872019469738,
            "lima_205": 0.006792680360376835
        },
        "lima_513": {
            "lima_513": 0.3524136543273926,
            "lima_487": 0.03038400039076805,
            "lima_431": 0.009515793062746525,
            "lima_539": 0.005219285376369953,
            "lima_534": 0.01993442326784134
        },
        "lima_514": {
            "lima_514": 0.3377612829208374,
            "lima_251": -0.0005182235036045313,
            "lima_134": 0.00869051180779934,
            "lima_563": 0.01629040762782097,
            "lima_922": 0.003564844373613596
        },
        "lima_515": {
            "lima_515": 0.3981962203979492,
            "lima_420": 0.08409809321165085,
            "lima_415": 0.018964964896440506,
            "lima_406": 0.059882041066884995,
            "lima_48": 0.017410848289728165
        },
        "lima_516": {
            "lima_410": -0.004023958928883076,
            "lima_281": -0.0020696434658020735,
            "lima_287": 0.010548974387347698,
            "lima_93": 0.007526696659624577,
            "lima_516": 0.24454522132873535
        },
        "lima_517": {
            "lima_517": 0.48520955443382263,
            "lima_512": 0.11885960400104523,
            "lima_392": 0.035462554544210434,
            "lima_436": -0.002003001281991601,
            "lima_462": 0.07308520376682281
        },
        "lima_518": {
            "lima_518": 0.18886086344718933,
            "lima_37": 0.026315778493881226,
            "lima_300": -0.00027532875537872314,
            "lima_13": 0.014800572767853737,
            "lima_793": 0.04355444759130478
        },
        "lima_519": {
            "lima_519": 0.32302889227867126,
            "lima_597": 0.04834381863474846,
            "lima_161": 0.02133539691567421,
            "lima_587": 0.029159320518374443,
            "lima_561": 0.0491749569773674
        },
        "lima_520": {
            "lima_520": 0.48067909479141235,
            "lima_822": 0.002693320158869028,
            "lima_916": 0.004318953491747379,
            "lima_159": -0.0005706675001420081,
            "lima_176": 0.007749635726213455
        },
        "lima_521": {
            "lima_521": 0.3432843089103699,
            "lima_259": -0.0002388637512922287,
            "lima_852": 0.014624927192926407,
            "lima_582": 0.011503281071782112,
            "lima_374": -0.02400285378098488
        },
        "lima_522": {
            "lima_522": 0.38887810707092285,
            "lima_545": 0.01322335097938776,
            "lima_41": 0.0043901922181248665,
            "lima_240": 0.0093577541410923,
            "lima_56": 0.011859331279993057
        },
        "lima_523": {
            "lima_523": 0.40439164638519287,
            "lima_49": 0.007373162545263767,
            "lima_347": 0.001070947851985693,
            "lima_56": 0.0065833344124257565,
            "lima_841": -0.004896056372672319
        }
    },
    "58838016": {
        "lima_504": {
            "lima_504": 0.3685303330421448,
            "lima_293": -0.0017596511170268059,
            "lima_303": 0.03434310108423233,
            "lima_294": 0.008368603885173798,
            "lima_347": -0.004751679953187704
        },
        "lima_505": {
            "lima_505": 0.5116140842437744,
            "lima_559": 0.01849541813135147,
            "lima_794": 0.047795914113521576,
            "lima_503": 0.028658568859100342,
            "lima_464": 0.034655697643756866
        },
        "lima_506": {
            "lima_506": 0.5248271226882935,
            "lima_175": 0.020672889426350594,
            "lima_581": 0.023857519030570984,
            "lima_465": 0.013666210696101189,
            "lima_521": -0.012685525231063366
        },
        "lima_507": {
            "lima_507": 0.4874993562698364,
            "lima_863": 0.03828885406255722,
            "lima_810": -0.004337412305176258,
            "lima_956": 0.013529347255825996,
            "lima_876": 0.0056952727027237415
        },
        "lima_508": {
            "lima_508": 0.4248069226741791,
            "lima_510": 0.002403485821560025,
            "lima_577": 0.033896304666996,
            "lima_726": 0.014127165079116821,
            "lima_521": 0.011309470981359482
        },
        "lima_509": {
            "lima_509": 0.5395290851593018,
            "lima_454": 0.03245893120765686,
            "lima_549": 0.0131005197763443,
            "lima_586": 0.018627554178237915,
            "lima_559": 0.022055786103010178
        },
        "lima_510": {
            "lima_510": 0.5043365955352783,
            "lima_374": -0.002237509936094284,
            "lima_37": 0.012051662430167198,
            "lima_283": 0.005926025100052357,
            "lima_203": 0.007074110675603151
        },
        "lima_511": {
            "lima_511": 0.6920742988586426,
            "lima_23": 0.004789124242961407,
            "lima_441": 0.2758601903915405,
            "lima_961": 0.016803136095404625,
            "lima_316": 0.004314616322517395
        },
        "lima_512": {
            "lima_512": 0.6621854305267334,
            "lima_411": 0.014566091820597649,
            "lima_435": 0.037242405116558075,
            "lima_262": -0.01186377927660942,
            "lima_205": 0.0072712525725364685
        },
        "lima_513": {
            "lima_513": 0.35195469856262207,
            "lima_487": 0.030421797186136246,
            "lima_431": 0.010007345117628574,
            "lima_539": 0.005733009427785873,
            "lima_534": 0.020313143730163574
        },
        "lima_514": {
            "lima_514": 0.33804893493652344,
            "lima_251": -0.0005053905188106,
            "lima_134": 0.008624499663710594,