{
    "11767808": {
        "lima_811": {
            "lima_811": 0.15216556191444397,
            "lima_324": -0.0002878631930798292,
            "lima_829": 0.0991353988647461,
            "lima_20": -0.003640335751697421,
            "lima_396": -0.000821099616587162
        },
        "lima_812": {
            "lima_812": 0.161941796541214,
            "lima_396": 0.0031659305095672607,
            "lima_844": 0.023104017600417137,
            "lima_36": -0.0074446233920753,
            "lima_144": 0.016081340610980988
        },
        "lima_813": {
            "lima_813": 0.11739426851272583,
            "lima_160": 0.021782318130135536,
            "lima_612": 0.010267050936818123,
            "lima_593": -0.006247067358344793,
            "lima_847": 0.0037563052028417587
        },
        "lima_814": {
            "lima_814": 0.13088396191596985,
            "lima_808": 0.0001757674035616219,
            "lima_846": 0.01833498105406761,
            "lima_100": 0.00339763006195426,
            "lima_838": 0.03324392810463905
        },
        "lima_815": {
            "lima_815": 0.009310063906013966,
            "lima_848": 0.00038411503192037344,
            "lima_742": 0.0026088403537869453,
            "lima_406": 0.006997177843004465,
            "lima_851": -0.010545836761593819
        },
        "lima_816": {
            "lima_816": 0.22515276074409485,
            "lima_806": 0.01174086332321167,
            "lima_199": 0.00022265093866735697,
            "lima_186": 0.00038456899346783757,
            "lima_838": 0.028467221185564995
        },
        "lima_817": {
            "lima_817": 0.13748598098754883,
            "lima_382": 0.002175198867917061,
            "lima_580": 0.03151429444551468,
            "lima_840": 0.013960693031549454,
            "lima_953": 0.026706913486123085
        },
        "lima_818": {
            "lima_664": -0.0008186487248167396,
            "lima_818": 0.13421282172203064,
            "lima_849": 0.002206844976171851,
            "lima_851": -0.0023691675160080194,
            "lima_399": -0.008795560337603092
        },
        "lima_819": {
            "lima_819": 0.05365205183625221,
            "lima_286": 0.0010066592367365956,
            "lima_183": 0.01563139259815216,
            "lima_153": 0.0008437078795395792,
            "lima_174": 0.0017512443009763956
        },
        "lima_820": {
            "lima_820": 0.2527746558189392,
            "lima_749": 0.017826084047555923,
            "lima_392": 0.016637422144412994,
            "lima_429": 0.01828981190919876,
            "lima_575": 0.004657549783587456
        },
        "lima_821": {
            "lima_821": 0.3151962459087372,
            "lima_828": 0.09562645852565765,
            "lima_695": 0.005396455526351929,
            "lima_545": 0.017858119681477547,
            "lima_196": -0.0051912544295191765
        },
        "lima_822": {
            "lima_964": -0.003836069256067276,
            "lima_965": 0.014988800510764122,
            "lima_966": -0.006721389014273882,
            "lima_967": 0.0006919348961673677,
            "lima_822": 0.1385197639465332
        },
        "lima_823": {
            "lima_823": 0.0773257240653038,
            "lima_988": 0.015570884570479393,
            "lima_553": 0.020371638238430023,
            "lima_905": 0.03492879122495651,
            "lima_580": 0.05013898387551308
        },
        "lima_824": {
            "lima_824": 0.28878939151763916,
            "lima_781": -0.0031253851484507322,
            "lima_286": 0.004740898031741381,
            "lima_159": -0.0030361968092620373,
            "lima_373": 0.004807705990970135
        },
        "lima_825": {
            "lima_825": 0.27824342250823975,
            "lima_487": 0.008196711540222168,
            "lima_7": -0.0016881254268810153,
            "lima_119": -0.010478135198354721,
            "lima_538": 0.0016381804598495364
        },
        "lima_826": {
            "lima_826": 0.3761026859283447,
            "lima_938": 0.003280014032498002,
            "lima_801": 0.13924020528793335,
            "lima_848": 0.05662849545478821,
            "lima_842": 0.006977984216064215
        },
        "lima_827": {
            "lima_964": 0.013386640697717667,
            "lima_965": 0.013858310878276825,
            "lima_966": -0.00674183014780283,
            "lima_967": -0.014418259263038635,
            "lima_827": 0.094881072640419
        },
        "lima_828": {
            "lima_828": 0.3285790681838989,
            "lima_821": 0.06259095668792725,
            "lima_695": 0.0059588318690657616,
            "lima_545": 0.004584908485412598,
            "lima_196": 0.0005226683570072055
        },
        "lima_829": {
            "lima_829": 0.8475250601768494,
            "lima_324": 0.006287558004260063,
            "lima_811": 0.4168749749660492,
            "lima_20": 0.014468192122876644,
            "lima_396": 0.020316017791628838
        },
        "lima_830": {
            "lima_830": 0.08558424562215805,
            "lima_274": 0.019665513187646866,
            "lima_512": 0.030102506279945374,
            "lima_977": 0.012355204671621323,
            "lima_542": 0.006867752410471439
        }
    },
    "58838016": {
        "lima_811": {
            "lima_811": 0.15198688209056854,
            "lima_324": -5.9539997891988605e-05,
            "lima_829": 0.09896368533372879,
            "lima_20": -0.0037169489078223705,
            "lima_396": -0.0013731637736782432
        },
        "lima_812": {
            "lima_812": 0.1625075489282608,
            "lima_396": 0.0029691047966480255,
            "lima_844": 0.022830720990896225,
            "lima_36": -0.007203724235296249,
            "lima_144": 0.016396593302488327
        },
        "lima_813": {
            "lima_813": 0.11730615794658661,
            "lima_160": 0.022285152226686478,
            "lima_612": 0.009828987531363964,
            "lima_593": -0.006357298698276281,
            "lima_847": 0.0042156316339969635
        },
        "lima_814": {
            "lima_814": 0.13103453814983368,
            "lima_808": -0.00021369561727624387,
            "lima_846": 0.017934486269950867,
            "lima_100": 0.0031686301808804274,
            "lima_838": 0.033569976687431335
        },
        "lima_815": {
            "lima_815": 0.009298138320446014,
            "lima_848": 0.0004276607360225171,
            "lima_742": 0.002667671535164118,
            "lima_406": 0.006944302469491959,
            "lima_851": -0.010156468488276005
        },
        "lima_816": {
            "lima_816": 0.2258877009153366,
            "lima_806": 0.011285903863608837,
            "lima_199": 0.0001443690125597641,
            "lima_186": 0.0006703247781842947,
            "lima_838": 0.02779550291597843
        },
        "lima_817": {
            "lima_817": 0.13740065693855286,
            "lima_382": 0.0018440127605572343,
            "lima_580": 0.03199855983257294,
            "lima_840": 0.014299282804131508,
            "lima_953": 0.026941727846860886
        },
        "lima_818": {
            "lima_664": -0.0007084647659212351,
            "lima_818": 0.13404610753059387,
            "lima_849": 0.002398149576038122,
            "lima_851": -0.001957671483978629,
            "lima_399": -0.00925128161907196
        },
        "lima_819": {
            "lima_819": 0.05395346134901047,
            "lima_286": 0.001405417686328292,
            "lima_183": 0.015519263222813606,
            "lima_153": 0.0012581394985318184,
            "lima_174": 0.002417468000203371
        },
        "lima_820": {
            "lima_820": 0.2529885470867157,
            "lima_749": 0.017741933465003967,
            "lima_392": 0.016641108319163322,
            "lima_429": 0.018016155809164047,
            "lima_575": 0.005194425582885742
        },
        "lima_821": {
            "lima_821": 0.31522706151008606,