{
    "11767808": {
        "lima_771": {
            "lima_771": 0.41676419973373413,
            "lima_374": -0.011148988269269466,
            "lima_588": 0.006543982774019241,
            "lima_98": 0.002936811186373234,
            "lima_205": 0.007650796324014664
        },
        "lima_772": {
            "lima_6": -0.0061959875747561455,
            "lima_134": 0.006869426928460598,
            "lima_462": 0.028555724769830704,
            "lima_40": 0.0003939676098525524,
            "lima_772": 0.33754366636276245
        },
        "lima_773": {
            "lima_773": 0.10592134296894073,
            "lima_587": 0.03275229036808014,
            "lima_655": 0.13816216588020325,
            "lima_633": 0.10345398634672165,
            "lima_712": 0.08639770746231079
        },
        "lima_774": {
            "lima_774": 0.5908689498901367,
            "lima_6": -0.00011860643280670047,
            "lima_1": -0.008381428197026253,
            "lima_462": 0.02130807377398014,
            "lima_897": 0.0013962567318230867
        },
        "lima_775": {
            "lima_587": 0.037484392523765564,
            "lima_642": 0.08806869387626648,
            "lima_195": 0.03832872211933136,
            "lima_742": 0.0649234801530838,
            "lima_775": 0.42474880814552307
        },
        "lima_776": {
            "lima_776": 0.28391075134277344,
            "lima_134": 0.01892923004925251,
            "lima_48": 0.016430363059043884,
            "lima_313": 0.0022580164950340986,
            "lima_827": 0.009477145969867706
        },
        "lima_777": {
            "lima_777": 0.40118861198425293,
            "lima_587": 0.03016534075140953,
            "lima_583": 0.036671869456768036,
            "lima_55": 0.04998273402452469,
            "lima_462": 0.04500199109315872
        },
        "lima_778": {
            "lima_778": 0.3156794607639313,
            "lima_48": 0.02037845551967621,
            "lima_256": 0.002187470206990838,
            "lima_169": 8.580935536883771e-05,
            "lima_6": 0.022026890888810158
        },
        "lima_779": {
            "lima_779": 0.2588057816028595,
            "lima_6": -0.00010297202970832586,
            "lima_549": -0.006120039615780115,
            "lima_462": 0.01782807521522045,
            "lima_176": 0.009990047663450241
        },
        "lima_780": {
            "lima_673": 0.035692572593688965,
            "lima_6": 0.009690359234809875,
            "lima_780": 0.5404489040374756,
            "lima_462": 0.0227249413728714,
            "lima_897": 0.010616223327815533
        },
        "lima_781": {
            "lima_195": 0.024245191365480423,
            "lima_587": 0.02559301257133484,
            "lima_188": 0.025886958464980125,
            "lima_517": 0.03874462842941284,
            "lima_781": 0.1319950968027115
        },
        "lima_782": {
            "lima_782": 0.3419416844844818,
            "lima_374": -0.015329847112298012,
            "lima_588": 0.030566614121198654,
            "lima_380": 0.014197034761309624,
            "lima_98": -0.005633369088172913
        },
        "lima_783": {
            "lima_783": 0.6217629909515381,
            "lima_140": 0.017544547095894814,
            "lima_173": -0.011714501306414604,
            "lima_123": 0.02107444405555725,
            "lima_188": 0.0217115581035614
        },
        "lima_784": {
            "lima_587": 0.018027735874056816,
            "lima_583": 0.03161171078681946,
            "lima_347": -0.0020301174372434616,
            "lima_517": 0.05860313028097153,
            "lima_784": 0.35409486293792725
        },
        "lima_785": {
            "lima_374": -0.01662319526076317,
            "lima_837": 0.02652805671095848,
            "lima_165": -0.006422829814255238,
            "lima_113": -0.0030937374103814363,
            "lima_785": 0.39116936922073364
        },
        "lima_786": {
            "lima_587": 0.019293293356895447,
            "lima_583": 0.04270131140947342,
            "lima_98": 0.007038039155304432,
            "lima_119": 0.0280761681497097,
            "lima_786": 0.07935319095849991
        },
        "lima_787": {
            "lima_787": 0.45523107051849365,
            "lima_48": 0.019862398505210876,
            "lima_477": 0.02903282642364502,
            "lima_256": 0.01215413585305214,
            "lima_169": 0.008711511269211769
        },
        "lima_788": {
            "lima_587": 0.007539715617895126,
            "lima_788": 0.3864606022834778,
            "lima_816": 0.004406428895890713,
            "lima_795": 0.04107767343521118,
            "lima_6": 0.039707474410533905
        },
        "lima_789": {
            "lima_789": 0.42411500215530396,
            "lima_374": -0.006409880705177784,
            "lima_306": 0.002023478737100959,
            "lima_512": 0.05032120645046234,
            "lima_588": 0.02108069881796837
        },
        "lima_790": {
            "lima_790": 0.4635480046272278,
            "lima_22": 0.0016547892009839416,
            "lima_315": 0.013851091265678406,
            "lima_6": 0.020418385043740273,
            "lima_123": 0.013022487983107567
        }
    },
    "58838016": {
        "lima_771": {
            "lima_771": 0.4165453612804413,
            "lima_374": -0.011660903692245483,
            "lima_588": 0.006754549220204353,
            "lima_98": 0.0026207200717180967,
            "lima_205": 0.007938595488667488
        },
        "lima_772": {
            "lima_6": -0.005289940163493156,
            "lima_134": 0.00678241765126586,
            "lima_462": 0.028521867468953133,
            "lima_40": 0.0003782492130994797,
            "lima_772": 0.3371073305606842
        },
        "lima_773": {
            "lima_773": 0.10605999082326889,
            "lima_587": 0.03224450349807739,
            "lima_655": 0.13806727528572083,
            "lima_633": 0.10334917902946472,
            "lima_712": 0.08666760474443436
        },
        "lima_774": {
            "lima_774": 0.5907196998596191,
            "lima_6": -0.0008184239268302917,
            "lima_1": -0.008531194180250168,
            "lima_462": 0.021071743220090866,
            "lima_897": 0.0011063904967159033
        },
        "lima_775": {
            "lima_587": 0.03753051161766052,
            "lima_642": 0.0888175517320633,
            "lima_195": 0.038233682513237,
            "lima_742": 0.0652887374162674,
            "lima_775": 0.42450839281082153
        },
        "lima_776": {
            "lima_776": 0.28498563170433044,
            "lima_134": 0.019382361322641373,
            "lima_48": 0.016343336552381516,
            "lima_313": 0.002598588587716222,
            "lima_827": 0.009462996385991573
        },
        "lima_777": {
            "lima_777": 0.4013945460319519,
            "lima_587": 0.030313748866319656,
            "lima_583": 0.036861177533864975,
            "lima_55": 0.04978255182504654,
            "lima_462": 0.0454864501953125
        },
        "lima_778": {
            "lima_778": 0.3158857226371765,
            "lima_48": 0.020678570494055748,
            "lima_256": 0.0015123295597732067,
            "lima_169": -0.00030592724215239286,
            "lima_6": 0.0219825878739357
        },
        "lima_779": {
            "lima_779": 0.2584414780139923,
            "lima_6": -3.0642288038507104e-05,
            "lima_549": -0.006402130704373121,
            "lima_462": 0.01725424826145172,
            "lima_176": 0.010087426751852036
        },
        "lima_780": {
            "lima_673": 0.03626301884651184,
            "lima_6": 0.010330562479794025,
            "lima_780": 0.5403700470924377,
            "lima_462": 0.023116745054721832,
            "lima_897": 0.010962274856865406
        },
        "lima_781": {
            "lima_195": 0.02469523623585701,
            "lima_587": 0.025280548259615898,
            "lima_188": 0.02549934759736061,