{
    "11767808": {
        "lima_992": {
            "lima_973": 0.04133237153291702,
            "lima_299": 0.005914387293159962,
            "lima_933": 0.0241866298019886,
            "lima_465": 0.014691583812236786,
            "lima_992": 0.38935571908950806
        },
        "lima_993": {
            "lima_993": 0.4872018098831177,
            "lima_965": 0.02532973140478134,
            "lima_801": 0.009633832611143589,
            "lima_413": 0.010827809572219849,
            "lima_988": 0.04139026999473572
        },
        "lima_994": {
            "lima_994": 0.33465930819511414,
            "lima_896": 0.02199600636959076,
            "lima_987": 0.0224002655595541,
            "lima_872": 0.04305695369839668,
            "lima_965": 0.02819143608212471
        },
        "lima_995": {
            "lima_806": -0.0042222123593091965,
            "lima_814": 0.022695697844028473,
            "lima_801": 0.0151785584166646,
            "lima_839": 0.046019453555345535,
            "lima_995": 0.2707297205924988
        },
        "lima_996": {
            "lima_996": 0.3808090090751648,
            "lima_535": 0.008713558316230774,
            "lima_520": 0.01669972762465477,
            "lima_791": 0.004876086954027414,
            "lima_508": 0.017176203429698944
        },
        "lima_997": {
            "lima_997": 0.450649619102478,
            "lima_970": 0.008551343344151974,
            "lima_510": 0.004815852735191584,
            "lima_127": 0.001256840769201517,
            "lima_889": 0.056093983352184296
        },
        "lima_998": {
            "lima_203": 0.0072739142924547195,
            "lima_306": 0.011992556974291801,
            "lima_127": -0.0034053754061460495,
            "lima_852": 0.025458455085754395,
            "lima_998": 0.40033671259880066
        },
        "lima_999": {
            "lima_999": 0.45554691553115845,
            "lima_900": 0.024742519482970238,
            "lima_499": 0.04233729466795921,
            "lima_971": 0.029874932020902634,
            "lima_247": 0.010022344067692757
        }
    },
    "58838016": {
        "lima_992": {
            "lima_973": 0.04093468189239502,
            "lima_299": 0.005976613610982895,
            "lima_933": 0.024229412898421288,
            "lima_465": 0.014402643777430058,
            "lima_992": 0.38940536975860596
        },
        "lima_993": {
            "lima_993": 0.4876360297203064,
            "lima_965": 0.025171933695673943,
            "lima_801": 0.009831302799284458,
            "lima_413": 0.01070511806756258,
            "lima_988": 0.04137842357158661
        },
        "lima_994": {
            "lima_994": 0.33463120460510254,
            "lima_896": 0.022115785628557205,
            "lima_987": 0.021850816905498505,
            "lima_872": 0.04276122897863388,
            "lima_965": 0.028615310788154602
        },
        "lima_995": {
            "lima_806": -0.0038922936655580997,
            "lima_814": 0.02310006320476532,
            "lima_801": 0.015500415116548538,
            "lima_839": 0.046028293669223785,
            "lima_995": 0.2712882459163666
        },
        "lima_996": {
            "lima_996": 0.38077348470687866,
            "lima_535": 0.009006664156913757,
            "lima_520": 0.01716875284910202,
            "lima_791": 0.005086129996925592,
            "lima_508": 0.017061516642570496
        },
        "lima_997": {
            "lima_997": 0.4509449601173401,
            "lima_970": 0.00868774950504303,
            "lima_510": 0.0056147826835513115,
            "lima_127": 0.0012545146746560931,
            "lima_889": 0.055171720683574677
        },
        "lima_998": {
            "lima_203": 0.007493363693356514,
            "lima_306": 0.011887464672327042,
            "lima_127": -0.0035241779405623674,
            "lima_852": 0.025194047018885612,
            "lima_998": 0.4004009962081909
        },
        "lima_999": {
            "lima_999": 0.4556606113910675,
            "lima_900": 0.024454891681671143,
            "lima_499": 0.04213866963982582,
            "lima_971": 0.030048102140426636,
            "lima_247": 0.010338637977838516
        }
    }
}