{
    "11767808": {
        "lima_40": {
            "lima_40": 0.34417402744293213,
            "lima_6": 0.08797378838062286,
            "lima_311": 0.0070154545828700066,
            "lima_820": 0.037791140377521515,
            "lima_523": 0.04181881248950958
        },
        "lima_41": {
            "lima_41": 0.532428503036499,
            "lima_166": 0.0018570044776424766,
            "lima_64": 0.0024897947441786528,
            "lima_237": 0.013734756968915462,
            "lima_56": 0.016074445098638535
        },
        "lima_42": {
            "lima_42": 0.30686259269714355,
            "lima_315": 0.016649451106786728,
            "lima_283": 0.003438838291913271,
            "lima_905": 0.008292780257761478,
            "lima_98": 0.0015377860981971025
        },
        "lima_43": {
            "lima_43": 0.47854775190353394,
            "lima_125": 0.02069665677845478,
            "lima_103": 0.0018267066916450858,
            "lima_191": 0.016748500987887383,
            "lima_226": 0.00596308708190918
        },
        "lima_44": {
            "lima_44": 0.4910411536693573,
            "lima_332": -0.011120244860649109,
            "lima_271": -0.008185422979295254,
            "lima_230": 0.0021173690911382437,
            "lima_64": -0.007654307410120964
        },
        "lima_45": {
            "lima_45": 0.3058139681816101,
            "lima_319": 0.019345887005329132,
            "lima_282": 0.00396212562918663,
            "lima_854": 0.00773675786331296,
            "lima_203": 0.01631024479866028
        },
        "lima_46": {
            "lima_46": 0.6450526714324951,
            "lima_191": 0.0094137666746974,
            "lima_190": 0.0018303770339116454,
            "lima_9": 0.008214463479816914,
            "lima_43": 0.01535842940211296
        },
        "lima_47": {
            "lima_47": 0.5396469831466675,
            "lima_463": 0.006945290602743626,
            "lima_145": 0.012101983651518822,
            "lima_288": 0.016547659412026405,
            "lima_602": 0.03601850941777229
        },
        "lima_48": {
            "lima_48": 0.5577024221420288,
            "lima_103": -0.0037543431390076876,
            "lima_72": 0.018514690920710564,
            "lima_190": 0.014595797285437584,
            "lima_252": 0.013607391156256199
        },
        "lima_49": {
            "lima_49": 0.3796713054180145,
            "lima_122": 0.02331365831196308,
            "lima_253": 0.0032347217202186584,
            "lima_135": -0.002484466414898634,
            "lima_83": 0.013077803887426853
        },
        "lima_50": {
            "lima_50": 0.4500322937965393,
            "lima_37": 0.02605408802628517,
            "lima_902": 0.028668392449617386,
            "lima_296": 0.022641343995928764,
            "lima_328": 0.03143647313117981
        },
        "lima_51": {
            "lima_51": 0.3741466999053955,
            "lima_28": 0.01713348552584648,
            "lima_1": -0.0015950911911204457,
            "lima_364": 0.019511986523866653,
            "lima_530": 0.030162014067173004
        },
        "lima_52": {
            "lima_52": 0.4304240942001343,
            "lima_9": 0.008571055717766285,
            "lima_197": -0.0038072953466326,
            "lima_222": 0.026915844529867172,
            "lima_226": 0.004890345968306065
        },
        "lima_53": {
            "lima_53": 0.3542793393135071,
            "lima_327": 0.018811961635947227,
            "lima_56": 0.03962549567222595,
            "lima_22": 0.02535851113498211,
            "lima_249": 0.04065265506505966
        },
        "lima_54": {
            "lima_54": 0.4067755937576294,
            "lima_830": 0.007010276895016432,
            "lima_230": 0.021932030096650124,
            "lima_267": -0.0005401105154305696,
            "lima_822": -0.0015879911370575428
        },
        "lima_55": {
            "lima_55": 0.36965692043304443,
            "lima_521": 0.033429279923439026,
            "lima_183": 0.038743335753679276,
            "lima_151": 0.028974439948797226,
            "lima_37": 0.004312138073146343
        },
        "lima_56": {
            "lima_56": 0.28445014357566833,
            "lima_126": 0.00032895756885409355,
            "lima_313": 0.0008732719579711556,
            "lima_844": 0.012660685926675797,
            "lima_247": 0.0023686422500759363
        },
        "lima_57": {
            "lima_57": 0.5859477519989014,
            "lima_253": 0.010461678728461266,
            "lima_122": 6.811636558268219e-05,
            "lima_359": -0.005350939463824034,
            "lima_838": -0.0012931684032082558
        },
        "lima_58": {
            "lima_58": 0.46603643894195557,
            "lima_199": 0.01415750291198492,
            "lima_232": 0.008746684528887272,
            "lima_112": 0.008424870669841766,
            "lima_119": 0.02824161946773529
        },
        "lima_59": {
            "lima_59": 0.32214483618736267,
            "lima_162": 0.00905071571469307,
            "lima_951": -0.0026083439588546753,
            "lima_236": 0.035031042993068695,
            "lima_360": 0.02245422825217247
        }
    },
    "58838016": {
        "lima_40": {
            "lima_40": 0.34436312317848206,
            "lima_6": 0.08737342804670334,
            "lima_311": 0.006852143444120884,
            "lima_820": 0.03835364058613777,
            "lima_523": 0.04174173250794411
        },
        "lima_41": {
            "lima_41": 0.532530665397644,
            "lima_166": 0.0023707998916506767,
            "lima_64": 0.0022239885292947292,
            "lima_237": 0.013983998447656631,
            "lima_56": 0.016199151054024696
        },
        "lima_42": {
            "lima_42": 0.3067495822906494,
            "lima_315": 0.016734275966882706,
            "lima_283": 0.003359197871759534,
            "lima_905": 0.00814314279705286,
            "lima_98": 0.0018484415486454964
        },
        "lima_43": {
            "lima_43": 0.4786774218082428,
            "lima_125": 0.020761247724294662,
            "lima_103": 0.001922269118949771,
            "lima_191": 0.01679472252726555,
            "lima_226": 0.006163841113448143
        },
        "lima_44": {
            "lima_44": 0.4914773106575012,
            "lima_332": -0.011272409930825233,
            "lima_271": -0.007971039041876793,
            "lima_230": 0.002249377779662609,
            "lima_64": -0.00820167176425457
        },
        "lima_45": {
            "lima_45": 0.30590248107910156,
            "lima_319": 0.018277060240507126,
            "lima_282": 0.0033074128441512585,
            "lima_854": 0.008093038573861122,
            "lima_203": 0.016326237469911575
        },
        "lima_46": {
            "lima_46": 0.6449534893035889,
            "lima_191": 0.009475408121943474,
            "lima_190": 0.0019244307186454535,
            "lima_9": 0.007955862209200859,
            "lima_43": 0.015367720276117325
        },
        "lima_47": {
            "lima_47": 0.5395957827568054,
            "lima_463": 0.0069111548364162445,
            "lima_145": 0.011509443633258343,
            "lima_288": 0.01639455556869507,
            "lima_602": 0.035285305231809616
        },
        "lima_48": {
            "lima_48": 0.5580828189849854,
            "lima_103": -0.0036439383402466774,
            "lima_72": 0.0194419976323843,
            "lima_190": 0.01369226910173893,
            "lima_252": 0.014087016694247723
        },
        "lima_49": {
            "lima_49": 0.3794874846935272,
            "lima_122": 0.02352147176861763,
            "lima_253": 0.003052646294236183,
            "lima_135": -0.002194879576563835,
            "lima_83": 0.012837689369916916
        },
        "lima_50": {
            "lima_50": 0.4499359428882599,
            "lima_37": 0.02617310732603073,
            "lima_902": 0.0286606103181839,
            "lima_296": 0.0225777979940176,