{
    "11767808": {
        "lima_162": {
            "lima_162": 0.6562958359718323,
            "lima_158": 0.009330207481980324,
            "lima_211": 0.02555408701300621,
            "lima_64": 0.001254615606740117,
            "lima_430": 0.013777900487184525
        },
        "lima_163": {
            "lima_163": 0.5147659778594971,
            "lima_231": -0.004195890389382839,
            "lima_211": 0.04429016262292862,
            "lima_83": -0.0003059415612369776,
            "lima_374": -0.0042619407176971436
        },
        "lima_164": {
            "lima_164": 0.4310644567012787,
            "lima_191": -0.0009241880034096539,
            "lima_103": -0.015681814402341843,
            "lima_80": 0.007836231961846352,
            "lima_9": -0.005390951409935951
        },
        "lima_165": {
            "lima_165": 0.5519134998321533,
            "lima_173": 0.013092907145619392,
            "lima_169": 0.0024725308176130056,
            "lima_123": 0.002945967484265566,
            "lima_315": 0.0012149096000939608
        },
        "lima_166": {
            "lima_166": 0.6143927574157715,
            "lima_252": 0.01619226299226284,
            "lima_64": 0.014706396497786045,
            "lima_211": 0.005468188785016537,
            "lima_238": 0.001969491597265005
        },
        "lima_167": {
            "lima_167": 0.45912429690361023,
            "lima_159": 0.02278357744216919,
            "lima_57": 0.008171803317964077,
            "lima_543": -0.010058253072202206,
            "lima_230": 0.005213049706071615
        },
        "lima_168": {
            "lima_168": 0.41231590509414673,
            "lima_306": 0.027286097407341003,
            "lima_249": 0.0424322634935379,
            "lima_430": 0.03629971668124199,
            "lima_98": -0.01024286262691021
        },
        "lima_169": {
            "lima_169": 0.44988805055618286,
            "lima_290": -0.015043510124087334,
            "lima_405": 0.008526746183633804,
            "lima_22": 0.005855695344507694,
            "lima_4": 0.015455104410648346
        },
        "lima_170": {
            "lima_170": 0.7472987771034241,
            "lima_382": 0.011640705168247223,
            "lima_200": 0.009016778320074081,
            "lima_66": 0.019077368080615997,
            "lima_83": 0.007333572022616863
        },
        "lima_171": {
            "lima_171": 0.39212435483932495,
            "lima_256": 0.004412597045302391,
            "lima_105": 0.004721325822174549,
            "lima_92": 0.006581451743841171,
            "lima_287": 0.008914243429899216
        },
        "lima_172": {
            "lima_172": 0.4340529441833496,
            "lima_83": 0.0198378786444664,
            "lima_203": 0.025108417496085167,
            "lima_374": -0.0028190251905471087,
            "lima_247": 0.02169041335582733
        },
        "lima_173": {
            "lima_173": 0.4296063780784607,
            "lima_218": 0.02622499316930771,
            "lima_88": 0.007939247414469719,
            "lima_278": 0.018106751143932343,
            "lima_101": 0.01591244526207447
        },
        "lima_174": {
            "lima_174": 0.5987498164176941,
            "lima_56": 0.027233589440584183,
            "lima_368": 0.021825656294822693,
            "lima_294": 0.019563626497983932,
            "lima_46": 0.009042266756296158
        },
        "lima_175": {
            "lima_175": 0.3336681127548218,
            "lima_842": 0.02156876213848591,
            "lima_161": 0.029285259544849396,
            "lima_37": 0.030442874878644943,
            "lima_561": 0.03361089155077934
        },
        "lima_176": {
            "lima_176": 0.806437611579895,
            "lima_167": 0.017569422721862793,
            "lima_57": 0.005092215724289417,
            "lima_159": 0.0013136366615071893,
            "lima_827": -0.004298270680010319
        },
        "lima_177": {
            "lima_177": 0.6751855611801147,
            "lima_64": -0.016099052503705025,
            "lima_211": 0.043986886739730835,
            "lima_372": 0.034260936081409454,
            "lima_80": 0.04919658601284027
        },
        "lima_178": {
            "lima_178": 0.47263503074645996,
            "lima_848": 0.018517646938562393,
            "lima_106": -0.014138992875814438,
            "lima_205": 0.023735463619232178,
            "lima_441": 0.00985291600227356
        },
        "lima_179": {
            "lima_179": 0.39905089139938354,
            "lima_582": 0.011197710409760475,
            "lima_374": 0.007241940125823021,
            "lima_259": 0.005067464895546436,
            "lima_37": -0.0031338452827185392
        },
        "lima_180": {
            "lima_180": 0.4295189678668976,
            "lima_218": 0.015284175984561443,
            "lima_12": 0.005671260878443718,
            "lima_83": 0.006083662621676922,
            "lima_137": 0.008336551487445831
        },
        "lima_181": {
            "lima_181": 0.5362876653671265,
            "lima_13": 0.013603443279862404,
            "lima_142": 0.004056367091834545,
            "lima_211": 0.007913820445537567,
            "lima_11": 0.0331096351146698
        }
    },
    "58838016": {
        "lima_162": {
            "lima_162": 0.6559954881668091,
            "lima_158": 0.009012396447360516,
            "lima_211": 0.02530435100197792,
            "lima_64": 0.0015052501112222672,
            "lima_430": 0.014070577919483185
        },
        "lima_163": {
            "lima_163": 0.5145890116691589,
            "lima_231": -0.004290788434445858,
            "lima_211": 0.044656313955783844,
            "lima_83": -0.000378488126443699,
            "lima_374": -0.004941964987665415
        },
        "lima_164": {
            "lima_164": 0.43101081252098083,
            "lima_191": -0.000537475454621017,
            "lima_103": -0.015514112077653408,
            "lima_80": 0.008046315982937813,
            "lima_9": -0.00539252907037735
        },
        "lima_165": {
            "lima_165": 0.5520675182342529,
            "lima_173": 0.01362193375825882,
            "lima_169": 0.0027864391449838877,
            "lima_123": 0.003308825893327594,
            "lima_315": 0.0013690553605556488
        },
        "lima_166": {
            "lima_166": 0.614717960357666,
            "lima_252": 0.01633758656680584,
            "lima_64": 0.01496752630919218,
            "lima_211": 0.005261017009615898,
            "lima_238": 0.0021072868257761
        },
        "lima_167": {
            "lima_167": 0.45940297842025757,
            "lima_159": 0.022403322160243988,
            "lima_57": 0.008054384030401707,
            "lima_543": -0.009893499314785004,
            "lima_230": 0.005081935785710812
        },
        "lima_168": {
            "lima_168": 0.411838173866272,
            "lima_306": 0.026820097118616104,
            "lima_249": 0.04309595376253128,
            "lima_430": 0.03632522374391556,
            "lima_98": -0.010474368929862976
        },
        "lima_169": {
            "lima_169": 0.4497114419937134,
            "lima_290": -0.015536142513155937,
            "lima_405": 0.008478017523884773,
            "lima_22": 0.006349577568471432,
            "lima_4": 0.015513785183429718
        },
        "lima_170": {
            "lima_170": 0.7472347617149353,
            "lima_382": 0.011831749230623245,
            "lima_200": 0.008673438802361488,
            "lima_66": 0.018894579261541367,
            "lima_83": 0.007554423063993454
        },
        "lima_171": {
            "lima_171": 0.3922434151172638,
            "lima_256": 0.0038354131393134594,
            "lima_105": 0.004847508855164051,
            "lima_92": 0.0068822456523776054,
            "lima_287": 0.00888742133975029
        },
        "lima_172": {
            "lima_172": 0.4341624081134796,
            "lima_83": 0.020458605140447617,
            "lima_203": 0.024983780458569527,