{
    "11767808": {
        "lima_972": {
            "lima_203": 0.022199107334017754,
            "lima_211": 0.008197634480893612,
            "lima_1": 0.0016245974693447351,
            "lima_37": 0.029353607445955276,
            "lima_972": 0.37675267457962036
        },
        "lima_973": {
            "lima_973": 0.49755731225013733,
            "lima_850": 0.019111212342977524,
            "lima_550": 0.006185396108776331,
            "lima_859": 0.041896186769008636,
            "lima_875": 0.010096786543726921
        },
        "lima_974": {
            "lima_974": 0.3602831959724426,
            "lima_950": 0.004461620002985001,
            "lima_893": 0.01117667369544506,
            "lima_930": 0.030358845368027687,
            "lima_833": 0.014220125041902065
        },
        "lima_975": {
            "lima_975": 0.5219553112983704,
            "lima_933": 0.09178515523672104,
            "lima_993": 0.03848783299326897,
            "lima_183": 0.04809108376502991,
            "lima_937": 0.0457935556769371
        },
        "lima_976": {
            "lima_92": 0.008250165730714798,
            "lima_364": 0.012840455397963524,
            "lima_350": 0.004658917896449566,
            "lima_999": 0.024300575256347656,
            "lima_976": 0.22710949182510376
        },
        "lima_977": {
            "lima_819": 0.009456204250454903,
            "lima_233": 0.014442289248108864,
            "lima_930": -0.011154672130942345,
            "lima_211": 0.025710634887218475,
            "lima_977": 0.2914724051952362
        },
        "lima_978": {
            "lima_978": 0.4505619406700134,
            "lima_891": 0.030754081904888153,
            "lima_994": 0.03510959446430206,
            "lima_917": 0.04753631353378296,
            "lima_404": 0.02554510347545147
        },
        "lima_979": {
            "lima_979": 0.33516982197761536,
            "lima_967": 0.01329203974455595,
            "lima_916": 0.014102357439696789,
            "lima_951": 0.0041520856320858,
            "lima_406": 0.03214680403470993
        },
        "lima_980": {
            "lima_808": 0.0036684514489024878,
            "lima_838": 0.021793372929096222,
            "lima_846": 0.01129273883998394,
            "lima_814": 0.021733112633228302,
            "lima_980": 0.30969691276550293
        },
        "lima_981": {
            "lima_981": 0.30553963780403137,
            "lima_950": -0.014780426397919655,
            "lima_550": 0.030547017231583595,
            "lima_991": 0.05932588130235672,
            "lima_959": 0.028860634192824364
        },
        "lima_982": {
            "lima_982": 0.2693059742450714,
            "lima_364": 0.006487664766609669,
            "lima_919": 0.028062794357538223,
            "lima_516": 0.05434287339448929,
            "lima_830": 0.030120691284537315
        },
        "lima_983": {
            "lima_983": 0.3456295430660248,
            "lima_425": -0.0008349085110239685,
            "lima_864": 0.0376274399459362,
            "lima_136": -0.004755416885018349,
            "lima_527": 0.04549948871135712
        },
        "lima_984": {
            "lima_984": 0.3416486084461212,
            "lima_905": 0.023531854152679443,
            "lima_135": 0.010069592855870724,
            "lima_580": 0.0135259460657835,
            "lima_159": -0.0027744327671825886
        },
        "lima_985": {
            "lima_550": 0.014056704938411713,
            "lima_981": 0.04113844782114029,
            "lima_170": 0.0008416613563895226,
            "lima_318": -0.0011718699242919683,
            "lima_985": 0.4520229399204254
        },
        "lima_986": {
            "lima_877": 0.03366309404373169,
            "lima_992": 0.018888302147388458,
            "lima_317": 0.006597454659640789,
            "lima_845": 0.0009594775619916618,
            "lima_986": 0.2553432285785675
        },
        "lima_987": {
            "lima_987": 0.4372903108596802,
            "lima_956": 0.05110664665699005,
            "lima_994": 0.04426750913262367,
            "lima_862": 0.04119028523564339,
            "lima_510": 0.02663843333721161
        },
        "lima_988": {
            "lima_988": 0.5956011414527893,
            "lima_913": 0.00837884284555912,
            "lima_865": 0.054281581193208694,
            "lima_870": 0.024044178426265717,
            "lima_930": -0.00029444938991218805
        },
        "lima_989": {
            "lima_929": 0.030225472524762154,
            "lima_869": 0.022871460765600204,
            "lima_453": 0.041156016290187836,
            "lima_557": 0.01843031868338585,
            "lima_989": 0.45195677876472473
        },
        "lima_990": {
            "lima_852": 0.029813610017299652,
            "lima_374": -0.017518453299999237,
            "lima_499": 0.02773963287472725,
            "lima_839": 0.04219581186771393,
            "lima_990": 0.3545435965061188
        },
        "lima_991": {
            "lima_172": 0.011806674301624298,
            "lima_203": 0.001392834703437984,
            "lima_37": 0.03629668802022934,
            "lima_374": -0.010451970621943474,
            "lima_991": 0.2500741481781006
        }
    },
    "58838016": {
        "lima_972": {
            "lima_203": 0.022457163780927658,
            "lima_211": 0.008233820088207722,
            "lima_1": 0.001711114076897502,
            "lima_37": 0.029140474274754524,
            "lima_972": 0.37658554315567017
        },
        "lima_973": {
            "lima_973": 0.49749863147735596,
            "lima_850": 0.019114457070827484,
            "lima_550": 0.006588628049939871,
            "lima_859": 0.041754551231861115,
            "lima_875": 0.00984896533191204
        },
        "lima_974": {
            "lima_974": 0.3603352904319763,
            "lima_950": 0.004686429165303707,
            "lima_893": 0.010895874351263046,
            "lima_930": 0.03065275400876999,
            "lima_833": 0.014038232155144215
        },
        "lima_975": {
            "lima_975": 0.5219279527664185,
            "lima_933": 0.09169283509254456,
            "lima_993": 0.038172073662281036,
            "lima_183": 0.04777649790048599,
            "lima_937": 0.046415697783231735
        },
        "lima_976": {
            "lima_92": 0.007855227217078209,
            "lima_364": 0.012740504927933216,
            "lima_350": 0.004541964270174503,
            "lima_999": 0.024489277973771095,
            "lima_976": 0.2274819314479828
        },
        "lima_977": {
            "lima_819": 0.00916080828756094,
            "lima_233": 0.014376403763890266,
            "lima_930": -0.011331140995025635,
            "lima_211": 0.025670940056443214,
            "lima_977": 0.2917224168777466
        },
        "lima_978": {
            "lima_978": 0.450614333152771,
            "lima_891": 0.03087480366230011,
            "lima_994": 0.03482943773269653,
            "lima_917": 0.0472380705177784,
            "lima_404": 0.0251008253544569
        },
        "lima_979": {
            "lima_979": 0.33477818965911865,
            "lima_967": 0.013196466490626335,
            "lima_916": 0.013803880661725998,
            "lima_951": 0.004777638241648674,
            "lima_406": 0.03269146382808685
        },
        "lima_980": {
            "lima_808": 0.004926390014588833,
            "lima_838": 0.02253202721476555,
            "lima_846": 0.01233656145632267,
            "lima_814": 0.022050045430660248,
            "lima_980": 0.30917441844940186
        },
        "lima_981": {
            "lima_981": 0.30539876222610474,
            "lima_950": -0.014764941297471523,
            "lima_550": 0.030390050262212753,
            "lima_991": 0.05925285071134567,
            "lima_959": 0.02892877906560898
        },
        "lima_982": {
            "lima_982": 0.2690519094467163,
            "lima_364": 0.006244921591132879,
            "lima_919": 0.028463562950491905,