{
    "11767808": {
        "lima_524": {
            "lima_524": 0.4258825480937958,
            "lima_37": 0.0249643512070179,
            "lima_479": 0.09644867479801178,
            "lima_374": -0.0024476321414113045,
            "lima_337": 0.01902605965733528
        },
        "lima_525": {
            "lima_205": 0.018473826348781586,
            "lima_80": 0.02210749313235283,
            "lima_349": 0.008671114221215248,
            "lima_136": 0.005322918761521578,
            "lima_525": 0.7416006326675415
        },
        "lima_526": {
            "lima_526": 0.391044020652771,
            "lima_844": 0.021788708865642548,
            "lima_364": 0.023120682686567307,
            "lima_830": 0.03450901061296463,
            "lima_237": 0.015719298273324966
        },
        "lima_527": {
            "lima_527": 0.4552266597747803,
            "lima_270": 0.013400427997112274,
            "lima_405": 0.008731216192245483,
            "lima_296": 0.01980082504451275,
            "lima_123": 0.007028443738818169
        },
        "lima_528": {
            "lima_528": 0.11578081548213959,
            "lima_270": 0.018090886995196342,
            "lima_233": 0.004214168526232243,
            "lima_806": 0.01190226897597313,
            "lima_395": 0.01283492986112833
        },
        "lima_529": {
            "lima_529": 0.29496705532073975,
            "lima_406": 0.0389542356133461,
            "lima_393": -0.0046272678300738335,
            "lima_159": 0.0073578208684921265,
            "lima_897": 0.022345788776874542
        },
        "lima_530": {
            "lima_530": 0.3549921214580536,
            "lima_382": 0.01685769483447075,
            "lima_138": -0.0031580827198922634,
            "lima_234": 0.0101427948102355,
            "lima_249": 0.0193337332457304
        },
        "lima_531": {
            "lima_531": 0.23561343550682068,
            "lima_844": 0.008296743035316467,
            "lima_64": 0.0015471962979063392,
            "lima_350": -0.0005561963189393282,
            "lima_162": 0.00936818029731512
        },
        "lima_532": {
            "lima_532": 0.7520860433578491,
            "lima_313": -0.00469968980178237,
            "lima_83": 0.006078212521970272,
            "lima_897": 0.007775319740176201,
            "lima_37": 0.00619126670062542
        },
        "lima_533": {
            "lima_533": 0.3246648609638214,
            "lima_852": 0.045101992785930634,
            "lima_960": 0.012405259534716606,
            "lima_465": 0.017825599759817123,
            "lima_559": 0.0279250368475914
        },
        "lima_534": {
            "lima_534": 0.31167566776275635,
            "lima_906": -0.013036920689046383,
            "lima_838": 0.0054840571247041225,
            "lima_83": 0.027894726023077965,
            "lima_41": 0.004593862220644951
        },
        "lima_535": {
            "lima_413": 0.007911286316812038,
            "lima_233": -0.000345131556969136,
            "lima_184": 0.007109154015779495,
            "lima_938": 0.007373090833425522,
            "lima_535": 0.2664344906806946
        },
        "lima_536": {
            "lima_536": 0.6308504343032837,
            "lima_559": 0.057498421519994736,
            "lima_427": 0.026650428771972656,
            "lima_594": 0.05930301919579506,
            "lima_250": 0.0130101777613163
        },
        "lima_537": {
            "lima_537": 0.5037277936935425,
            "lima_502": 0.06134960427880287,
            "lima_235": 0.018359500914812088,
            "lima_311": 0.0004871746350545436,
            "lima_230": 0.01429479755461216
        },
        "lima_538": {
            "lima_132": -0.0029118696693331003,
            "lima_406": 0.027496689930558205,
            "lima_883": 0.0037996910978108644,
            "lima_11": 0.009250682778656483,
            "lima_538": 0.34481537342071533
        },
        "lima_539": {
            "lima_539": 0.3978612422943115,
            "lima_948": 0.015664290636777878,
            "lima_127": -0.012108993716537952,
            "lima_407": 0.03058171272277832,
            "lima_275": 0.0003559957258403301
        },
        "lima_540": {
            "lima_540": 0.17639309167861938,
            "lima_357": -0.01645623706281185,
            "lima_463": 0.013749843463301659,
            "lima_196": 0.00402105413377285,
            "lima_230": -0.0018254630267620087
        },
        "lima_541": {
            "lima_541": 0.6180210709571838,
            "lima_37": 0.018884574994444847,
            "lima_938": 0.02138552814722061,
            "lima_852": 0.01595175825059414,
            "lima_527": 0.029449447989463806
        },
        "lima_542": {
            "lima_542": 0.3388195037841797,
            "lima_830": 0.029437486082315445,
            "lima_235": 0.011622106656432152,
            "lima_54": 0.011312341317534447,
            "lima_452": 0.025513427332043648
        },
        "lima_543": {
            "lima_543": 0.5735427737236023,
            "lima_167": 0.002817851025611162,
            "lima_57": 0.004560540430247784,
            "lima_990": 0.007738353218883276,
            "lima_176": -0.0035825197119265795
        }
    },
    "58838016": {
        "lima_524": {
            "lima_524": 0.4261205792427063,
            "lima_37": 0.02549733966588974,
            "lima_479": 0.09645453840494156,
            "lima_374": -0.0021850524935871363,
            "lima_337": 0.019758252426981926
        },
        "lima_525": {
            "lima_205": 0.018047120422124863,
            "lima_80": 0.021858137100934982,
            "lima_349": 0.008940109983086586,
            "lima_136": 0.00573323480784893,
            "lima_525": 0.7415661811828613
        },
        "lima_526": {
            "lima_526": 0.3904556930065155,
            "lima_844": 0.02202799916267395,
            "lima_364": 0.022931868210434914,
            "lima_830": 0.03353027254343033,
            "lima_237": 0.016269639134407043
        },
        "lima_527": {
            "lima_527": 0.45501023530960083,
            "lima_270": 0.013646172359585762,
            "lima_405": 0.0088075315579772,
            "lima_296": 0.020048512145876884,
            "lima_123": 0.00705229165032506
        },
        "lima_528": {
            "lima_528": 0.11563979089260101,
            "lima_270": 0.018158987164497375,
            "lima_233": 0.004380867816507816,
            "lima_806": 0.011543942615389824,
            "lima_395": 0.013286554254591465
        },
        "lima_529": {
            "lima_529": 0.2951831519603729,
            "lima_406": 0.03915131464600563,
            "lima_393": -0.0047675371170043945,
            "lima_159": 0.007154310122132301,
            "lima_897": 0.022233780473470688
        },
        "lima_530": {
            "lima_530": 0.3547748327255249,
            "lima_382": 0.016435950994491577,
            "lima_138": -0.002545316703617573,
            "lima_234": 0.009927994571626186,
            "lima_249": 0.019635628908872604
        },
        "lima_531": {
            "lima_531": 0.23605966567993164,
            "lima_844": 0.008530719205737114,
            "lima_64": 0.001523028826341033,
            "lima_350": -0.00064228440169245,
            "lima_162": 0.00977790355682373
        },
        "lima_532": {
            "lima_532": 0.7519139051437378,
            "lima_313": -0.0051326267421245575,
            "lima_83": 0.005322490818798542,
            "lima_897": 0.007711085025221109,
            "lima_37": 0.005921508651226759
        },
        "lima_533": {
            "lima_533": 0.32501208782196045,
            "lima_852": 0.04516566917300224,
            "lima_960": 0.012051278725266457,
            "lima_465": 0.017983328551054,
            "lima_559": 0.02762412466108799
        },
        "lima_534": {
            "lima_534": 0.311378538608551,
            "lima_906": -0.013073512353003025,
            "lima_838": 0.005261020734906197,