{
    "11767808": {
        "lima_443": {
            "lima_443": 0.387107253074646,
            "lima_588": 0.03650331497192383,
            "lima_420": 0.054186973720788956,
            "lima_23": 0.007320567965507507,
            "lima_91": 0.04399657994508743
        },
        "lima_444": {
            "lima_444": 0.4028065800666809,
            "lima_580": 0.0600232258439064,
            "lima_558": 0.0338880717754364,
            "lima_72": 0.007953330874443054,
            "lima_296": 0.009681453928351402
        },
        "lima_445": {
            "lima_445": 0.5252944231033325,
            "lima_427": 0.008526071906089783,
            "lima_60": -0.001483227708376944,
            "lima_530": 0.007911603897809982,
            "lima_326": -0.001044470933265984
        },
        "lima_446": {
            "lima_446": 0.22275131940841675,
            "lima_169": 0.020802229642868042,
            "lima_300": 0.012207848019897938,
            "lima_435": 0.04997612163424492,
            "lima_350": 0.018523041158914566
        },
        "lima_447": {
            "lima_447": 0.44781821966171265,
            "lima_491": 0.022697769105434418,
            "lima_153": 0.006811221595853567,
            "lima_259": 0.00968361459672451,
            "lima_512": 0.006334034260362387
        },
        "lima_448": {
            "lima_448": 0.3337973654270172,
            "lima_134": 0.0060602533631026745,
            "lima_740": 0.03888442739844322,
            "lima_672": 0.014582960866391659,
            "lima_266": 0.019266456365585327
        },
        "lima_449": {
            "lima_449": 0.3973010182380676,
            "lima_567": 0.16311293840408325,
            "lima_175": 0.046275921165943146,
            "lima_123": 0.004583981819450855,
            "lima_430": 0.0549527071416378
        },
        "lima_450": {
            "lima_450": 0.7439010739326477,
            "lima_559": 0.042269982397556305,
            "lima_500": 0.036221906542778015,
            "lima_589": 0.020099081099033356,
            "lima_427": 0.004296255763620138
        },
        "lima_451": {
            "lima_451": 0.27473846077919006,
            "lima_454": 0.019801214337348938,
            "lima_214": 0.013537624850869179,
            "lima_582": 0.026201412081718445,
            "lima_330": 0.00046666793059557676
        },
        "lima_452": {
            "lima_452": 0.4696089029312134,
            "lima_54": 0.0056192101910710335,
            "lima_235": -0.002059450838714838,
            "lima_34": 0.0007507891859859228,
            "lima_403": 0.009916573762893677
        },
        "lima_453": {
            "lima_172": 0.011635078117251396,
            "lima_122": 0.029102660715579987,
            "lima_801": 0.03659942001104355,
            "lima_806": 0.012927082367241383,
            "lima_453": 0.3081328272819519
        },
        "lima_454": {
            "lima_454": 0.7043395042419434,
            "lima_476": 0.03673575446009636,
            "lima_591": 0.019523218274116516,
            "lima_549": 0.014885117299854755,
            "lima_541": 0.03040039725601673
        },
        "lima_455": {
            "lima_587": 0.012755032628774643,
            "lima_82": 0.009236078709363937,
            "lima_455": 0.2920679450035095,
            "lima_151": 0.029766999185085297,
            "lima_123": 0.006896049249917269
        },
        "lima_456": {
            "lima_594": 0.029566671699285507,
            "lima_188": 0.0039060143753886223,
            "lima_440": -0.0025049832183867693,
            "lima_54": 0.013293170370161533,
            "lima_456": 0.587273359298706
        },
        "lima_458": {
            "lima_458": 0.8156546354293823,
            "lima_205": -0.008007229305803776,
            "lima_137": 0.02128102444112301,
            "lima_80": 0.02655062824487686,
            "lima_11": 0.007610783912241459
        },
        "lima_459": {
            "lima_459": 0.5107665061950684,
            "lima_105": -0.0012270435690879822,
            "lima_29": 0.01870359666645527,
            "lima_392": 0.0388932079076767,
            "lima_101": 0.017655568197369576
        },
        "lima_460": {
            "lima_460": 0.4979865849018097,
            "lima_118": 0.013309910893440247,
            "lima_533": 0.04640139639377594,
            "lima_888": 0.00874120183289051,
            "lima_413": 0.0413941815495491
        },
        "lima_461": {
            "lima_461": 0.3155578672885895,
            "lima_470": 0.024296972900629044,
            "lima_66": 0.009708594530820847,
            "lima_330": -0.0014203701866790652,
            "lima_165": 0.004170307889580727
        },
        "lima_462": {
            "lima_462": 0.5399531126022339,
            "lima_64": 0.01601700857281685,
            "lima_517": 0.056654009968042374,
            "lima_533": 0.07647867500782013,
            "lima_436": 0.03722776472568512
        },
        "lima_463": {
            "lima_463": 0.6795403361320496,
            "lima_573": 0.03103318065404892,
            "lima_438": 0.02797592803835869,
            "lima_134": 0.01148986630141735,
            "lima_518": -0.006796281784772873
        }
    },
    "58838016": {
        "lima_443": {
            "lima_443": 0.3875822424888611,
            "lima_588": 0.03669145703315735,
            "lima_420": 0.054035112261772156,
            "lima_23": 0.00679243728518486,
            "lima_91": 0.04428744688630104
        },
        "lima_444": {
            "lima_444": 0.40333521366119385,
            "lima_580": 0.059787899255752563,
            "lima_558": 0.034352805465459824,
            "lima_72": 0.008149782195687294,
            "lima_296": 0.00903463363647461
        },
        "lima_445": {
            "lima_445": 0.5251448750495911,
            "lima_427": 0.00782057549804449,
            "lima_60": -0.0016811410896480083,
            "lima_530": 0.007898743264377117,
            "lima_326": -0.0007575428462587297
        },
        "lima_446": {
            "lima_446": 0.22274456918239594,
            "lima_169": 0.020564846694469452,
            "lima_300": 0.012467952445149422,
            "lima_435": 0.049561526626348495,
            "lima_350": 0.01813327707350254
        },
        "lima_447": {
            "lima_447": 0.447770893573761,
            "lima_491": 0.02291332744061947,
            "lima_153": 0.0073717995546758175,
            "lima_259": 0.009357520379126072,
            "lima_512": 0.006422829814255238
        },
        "lima_448": {
            "lima_448": 0.3338364362716675,
            "lima_134": 0.005985756404697895,
            "lima_740": 0.0387435182929039,
            "lima_672": 0.014421280473470688,
            "lima_266": 0.01974157989025116
        },
        "lima_449": {
            "lima_449": 0.397413969039917,
            "lima_567": 0.1639891266822815,
            "lima_175": 0.046445347368717194,
            "lima_123": 0.004455796908587217,
            "lima_430": 0.05560627207159996
        },
        "lima_450": {
            "lima_450": 0.7439579963684082,
            "lima_559": 0.042351532727479935,
            "lima_500": 0.03717483952641487,
            "lima_589": 0.02014063484966755,
            "lima_427": 0.003960574511438608
        },
        "lima_451": {
            "lima_451": 0.2745739817619324,
            "lima_454": 0.019649773836135864,
            "lima_214": 0.013903915882110596,
            "lima_582": 0.026167007163167,
            "lima_330": 0.0006681777304038405
        },
        "lima_452": {
            "lima_452": 0.46940580010414124,
            "lima_54": 0.005959558300673962,
            "lima_235": -0.0020082348491996527,
            "lima_34": 0.0008134890231303871,
            "lima_403": 0.010027788579463959
        },
        "lima_453": {
            "lima_172": 0.011865966953337193,
            "lima_122": 0.029161717742681503,
            "lima_801": 0.0367923378944397,