{
    "11767808": {
        "lima_242": {
            "lima_242": 0.25000423192977905,
            "lima_224": 0.08455862104892731,
            "lima_139": 0.05908358097076416,
            "lima_197": -0.01020058337599039,
            "lima_999": 0.0228758305311203
        },
        "lima_243": {
            "lima_243": 0.36524641513824463,
            "lima_203": 0.013748092576861382,
            "lima_251": 0.016805145889520645,
            "lima_172": 0.00682974886149168,
            "lima_253": 0.009308233857154846
        },
        "lima_244": {
            "lima_244": 0.838615357875824,
            "lima_374": 0.000821493798866868,
            "lima_205": 0.0006192246801219881,
            "lima_512": 0.006615352816879749,
            "lima_588": 0.015965592116117477
        },
        "lima_245": {
            "lima_245": 0.46704795956611633,
            "lima_263": 0.014867760241031647,
            "lima_292": 0.030507437884807587,
            "lima_273": 0.018750455230474472,
            "lima_260": 0.02139761671423912
        },
        "lima_246": {
            "lima_246": 0.5514412522315979,
            "lima_438": 0.010697550140321255,
            "lima_328": 0.01816822588443756,
            "lima_100": 0.0021001689601689577,
            "lima_386": -0.002660395810380578
        },
        "lima_247": {
            "lima_247": 0.6227458715438843,
            "lima_145": 0.01267542876303196,
            "lima_972": 0.022401463240385056,
            "lima_211": 0.025230959057807922,
            "lima_808": 0.0134157445281744
        },
        "lima_248": {
            "lima_248": 0.7788498401641846,
            "lima_393": 0.01142890378832817,
            "lima_179": -0.0023135615047067404,
            "lima_283": -0.003873833455145359,
            "lima_22": 0.01568012312054634
        },
        "lima_249": {
            "lima_249": 0.3009068965911865,
            "lima_98": -0.017593666911125183,
            "lima_145": 0.025004904717206955,
            "lima_270": 0.007288850843906403,
            "lima_166": 0.009744444862008095
        },
        "lima_250": {
            "lima_250": 0.480263352394104,
            "lima_395": 0.022353176027536392,
            "lima_211": 0.023892667144536972,
            "lima_391": 0.005067374557256699,
            "lima_271": 0.001821896992623806
        },
        "lima_251": {
            "lima_251": 0.36383724212646484,
            "lima_243": 0.011105222627520561,
            "lima_922": 0.005918441340327263,
            "lima_514": 0.034878768026828766,
            "lima_330": 0.004603386856615543
        },
        "lima_252": {
            "lima_252": 0.6952877044677734,
            "lima_364": 0.01629718579351902,
            "lima_190": 0.0009946504142135382,
            "lima_391": -0.006018657237291336,
            "lima_83": 0.010780934244394302
        },
        "lima_253": {
            "lima_253": 0.37469202280044556,
            "lima_1": 0.002403413876891136,
            "lima_172": 0.026187608018517494,
            "lima_211": 0.0030610798858106136,
            "lima_83": 0.020159510895609856
        },
        "lima_254": {
            "lima_254": 0.7330341935157776,
            "lima_394": 0.023092489689588547,
            "lima_260": 0.022501349449157715,
            "lima_292": 0.02094152569770813,
            "lima_335": 0.013322072103619576
        },
        "lima_255": {
            "lima_255": 0.4346262812614441,
            "lima_195": 0.018074747174978256,
            "lima_69": 0.028581805527210236,
            "lima_411": -0.0016343430615961552,
            "lima_241": 0.038038015365600586
        },
        "lima_256": {
            "lima_256": 0.4829699695110321,
            "lima_290": 0.020305288955569267,
            "lima_275": 0.02168215624988079,
            "lima_27": 0.018144726753234863,
            "lima_316": 0.011853955686092377
        },
        "lima_257": {
            "lima_257": 0.3810167610645294,
            "lima_475": 0.02243293821811676,
            "lima_380": 0.00992615893483162,
            "lima_266": 0.03289811313152313,
            "lima_393": 0.004402325488626957
        },
        "lima_258": {
            "lima_258": 0.6638866662979126,
            "lima_69": 0.023740636184811592,
            "lima_272": 0.020832562819123268,
            "lima_48": 0.018860775977373123,
            "lima_240": 0.02341919019818306
        },
        "lima_259": {
            "lima_259": 0.5447432994842529,
            "lima_430": 0.01518277544528246,
            "lima_290": 0.00719077093526721,
            "lima_296": 0.005436349660158157,
            "lima_203": 0.009548785164952278
        },
        "lima_260": {
            "lima_260": 0.6354044675827026,
            "lima_273": 0.02414063736796379,
            "lima_242": 0.006335955113172531,
            "lima_254": 0.035183440893888474,
            "lima_245": 0.03675070405006409
        },
        "lima_261": {
            "lima_261": 0.2608720064163208,
            "lima_572": 0.018470894545316696,
            "lima_307": 0.032218702137470245,
            "lima_117": 0.01005338691174984,
            "lima_111": 0.027045445516705513
        }
    },
    "58838016": {
        "lima_242": {
            "lima_242": 0.24987123906612396,
            "lima_224": 0.08467163145542145,
            "lima_139": 0.05931149423122406,
            "lima_197": -0.010294858366250992,
            "lima_999": 0.02282737009227276
        },
        "lima_243": {
            "lima_243": 0.36489951610565186,
            "lima_203": 0.013829877600073814,
            "lima_251": 0.016707058995962143,
            "lima_172": 0.0070917727425694466,
            "lima_253": 0.009520184248685837
        },
        "lima_244": {
            "lima_244": 0.8386380672454834,
            "lima_374": 0.0015583282802253962,
            "lima_205": -7.957311754580587e-05,
            "lima_512": 0.006540455389767885,
            "lima_588": 0.01638799160718918
        },
        "lima_245": {
            "lima_245": 0.4668958783149719,
            "lima_263": 0.014707772061228752,
            "lima_292": 0.03046233579516411,
            "lima_273": 0.019005902111530304,
            "lima_260": 0.021994460374116898
        },
        "lima_246": {
            "lima_246": 0.551497220993042,
            "lima_438": 0.010423599742352962,
            "lima_328": 0.01780911721289158,
            "lima_100": 0.002697472460567951,
            "lima_386": -0.0017719289753586054
        },
        "lima_247": {
            "lima_247": 0.6229866743087769,
            "lima_145": 0.012380070984363556,
            "lima_972": 0.022254956886172295,
            "lima_211": 0.025230102241039276,
            "lima_808": 0.013752194121479988
        },
        "lima_248": {
            "lima_248": 0.7789034247398376,
            "lima_393": 0.011569391004741192,
            "lima_179": -0.0025686128064990044,
            "lima_283": -0.003371128113940358,
            "lima_22": 0.015598556958138943
        },
        "lima_249": {
            "lima_249": 0.3005654513835907,
            "lima_98": -0.01745472475886345,
            "lima_145": 0.02471398562192917,
            "lima_270": 0.00792644266039133,
            "lima_166": 0.010049466043710709
        },
        "lima_250": {
            "lima_250": 0.4807415306568146,
            "lima_395": 0.022394515573978424,
            "lima_211": 0.023986585438251495,
            "lima_391": 0.005754902958869934,
            "lima_271": 0.002053195144981146
        },
        "lima_251": {
            "lima_251": 0.3639456033706665,
            "lima_243": 0.011091365478932858,
            "lima_922": 0.006103704683482647,
            "lima_514": 0.03447490558028221,
            "lima_330": 0.004933550488203764
        },
        "lima_252": {
            "lima_252": 0.6953859329223633,
            "lima_364": 0.015986204147338867,
            "lima_190": 0.0008608793723396957,