{
    "11767808": {
        "lima_100": {
            "lima_100": 0.41807079315185547,
            "lima_982": 0.0077191004529595375,
            "lima_838": 0.006715063937008381,
            "lima_846": 0.006772896274924278,
            "lima_814": 0.01693255640566349
        },
        "lima_101": {
            "lima_101": 0.5000550746917725,
            "lima_342": 0.00947521347552538,
            "lima_39": 0.027811245992779732,
            "lima_471": 0.0035590766929090023,
            "lima_218": 0.023783531039953232
        },
        "lima_102": {
            "lima_102": 0.4069720208644867,
            "lima_354": 0.06535176932811737,
            "lima_575": -0.004337696824222803,
            "lima_29": 0.003678038250654936,
            "lima_572": 0.016209403052926064
        },
        "lima_103": {
            "lima_103": 0.6014383435249329,
            "lima_190": 0.03759494423866272,
            "lima_164": 0.009291449561715126,
            "lima_191": 0.014030017890036106,
            "lima_226": 0.011171774938702583
        },
        "lima_104": {
            "lima_104": 0.4470090866088867,
            "lima_106": 0.0005838132346980274,
            "lima_594": 0.08298593759536743,
            "lima_116": 0.020249156281352043,
            "lima_519": 0.0009016760159283876
        },
        "lima_105": {
            "lima_105": 0.8362278342247009,
            "lima_171": -0.00222809542901814,
            "lima_209": 0.00048379343934357166,
            "lima_317": 0.005494125187397003,
            "lima_364": 0.007799710612744093
        },
        "lima_106": {
            "lima_106": 0.35759860277175903,
            "lima_168": 0.03426859527826309,
            "lima_66": 0.010490816086530685,
            "lima_259": -0.0010887589305639267,
            "lima_211": 0.018861185759305954
        },
        "lima_107": {
            "lima_107": 0.4785134196281433,
            "lima_320": 0.013540452346205711,
            "lima_34": -0.003931925632059574,
            "lima_391": -0.0014972425997257233,
            "lima_393": 0.0072977542877197266
        },
        "lima_108": {
            "lima_108": 0.5382270812988281,
            "lima_97": 0.008757347241044044,
            "lima_80": 0.033106256276369095,
            "lima_428": 0.004580692853778601,
            "lima_164": 0.017127903178334236
        },
        "lima_109": {
            "lima_109": 0.4375220537185669,
            "lima_211": 0.04601771757006645,
            "lima_87": 0.01592516154050827,
            "lima_163": 0.013202004134654999,
            "lima_72": 0.033721089363098145
        },
        "lima_110": {
            "lima_110": 0.4787399470806122,
            "lima_249": 0.024394569918513298,
            "lima_122": 0.023160666227340698,
            "lima_113": 0.01349665503948927,
            "lima_270": 0.001072139129973948
        },
        "lima_111": {
            "lima_111": 0.3079475164413452,
            "lima_121": 0.00923805870115757,
            "lima_925": 0.028122223913669586,
            "lima_508": 0.04811713844537735,
            "lima_900": 0.01613972708582878
        },
        "lima_112": {
            "lima_112": 0.5277064442634583,
            "lima_62": 0.04158560186624527,
            "lima_373": 0.015259867534041405,
            "lima_938": 0.014692629687488079,
            "lima_199": 0.007611171342432499
        },
        "lima_113": {
            "lima_113": 0.42148083448410034,
            "lima_53": 0.04952460527420044,
            "lima_353": 0.029018225148320198,
            "lima_262": 0.03330818936228752,
            "lima_101": 0.015519029460847378
        },
        "lima_114": {
            "lima_114": 0.6263022422790527,
            "lima_376": 0.010840259492397308,
            "lima_368": 0.022603988647460938,
            "lima_174": 0.030932629480957985,
            "lima_281": 0.028660200536251068
        },
        "lima_115": {
            "lima_115": 0.39563024044036865,
            "lima_210": 0.015281248837709427,
            "lima_325": -0.003106192220002413,
            "lima_271": 0.0017511036712676287,
            "lima_430": 0.0060627940110862255
        },
        "lima_116": {
            "lima_116": 0.6458970308303833,
            "lima_72": 0.025873422622680664,
            "lima_87": 0.007641475182026625,
            "lima_163": 0.01286411378532648,
            "lima_78": 0.021769322454929352
        },
        "lima_117": {
            "lima_117": 0.3303936719894409,
            "lima_167": 0.02310939133167267,
            "lima_921": 0.0004331471282057464,
            "lima_225": 0.011945751495659351,
            "lima_57": 0.0029478841461241245
        },
        "lima_118": {
            "lima_118": 0.38339483737945557,
            "lima_460": 0.001961373956874013,
            "lima_145": 0.008941053412854671,
            "lima_385": -0.0012158936588093638,
            "lima_435": 0.013285134918987751
        },
        "lima_119": {
            "lima_119": 0.5172437429428101,
            "lima_87": 0.007802676409482956,
            "lima_35": 0.02275012992322445,
            "lima_281": 0.00837669800966978,
            "lima_271": 0.014729201793670654
        }
    },
    "58838016": {
        "lima_100": {
            "lima_100": 0.41773128509521484,
            "lima_982": 0.007515001110732555,
            "lima_838": 0.007154297549277544,
            "lima_846": 0.006763506680727005,
            "lima_814": 0.017027700319886208
        },
        "lima_101": {
            "lima_101": 0.49980106949806213,
            "lima_342": 0.009376578964293003,
            "lima_39": 0.02761741913855076,
            "lima_471": 0.00392922991886735,
            "lima_218": 0.023623600602149963
        },
        "lima_102": {
            "lima_102": 0.4068294167518616,
            "lima_354": 0.06543698906898499,
            "lima_575": -0.004404678475111723,
            "lima_29": 0.0029867938719689846,
            "lima_572": 0.01626133918762207
        },
        "lima_103": {
            "lima_103": 0.6012030839920044,
            "lima_190": 0.03785747289657593,
            "lima_164": 0.009316646493971348,
            "lima_191": 0.014098457992076874,
            "lima_226": 0.01128876581788063
        },
        "lima_104": {
            "lima_104": 0.4467308521270752,
            "lima_106": 0.0004811170801986009,
            "lima_594": 0.08279752731323242,
            "lima_116": 0.02007337473332882,
            "lima_519": 0.001250272849574685
        },
        "lima_105": {
            "lima_105": 0.8363263607025146,
            "lima_171": -0.0021402589045464993,
            "lima_209": 0.00017129714251495898,
            "lima_317": 0.006754229310899973,
            "lima_364": 0.007778987754136324
        },
        "lima_106": {
            "lima_106": 0.35735172033309937,
            "lima_168": 0.033991314470767975,
            "lima_66": 0.010430896654725075,
            "lima_259": -0.0013465606607496738,
            "lima_211": 0.019190926104784012
        },
        "lima_107": {
            "lima_107": 0.4780869483947754,
            "lima_320": 0.013540131971240044,
            "lima_34": -0.003959102556109428,
            "lima_391": -0.0011927465675398707,
            "lima_393": 0.007123863790184259
        },
        "lima_108": {
            "lima_108": 0.53822922706604,
            "lima_97": 0.008867642842233181,
            "lima_80": 0.032528359442949295,
            "lima_428": 0.0045199948363006115,
            "lima_164": 0.01692931167781353
        },
        "lima_109": {
            "lima_109": 0.4375661015510559,
            "lima_211": 0.04624519497156143,
            "lima_87": 0.015753183513879776,
            "lima_163": 0.012421137653291225,
            "lima_72": 0.03398782014846802
        },
        "lima_110": {
            "lima_110": 0.4785984456539154,
            "lima_249": 0.024886049330234528,
            "lima_122": 0.0229550339281559,