{
    "11767808": {
        "lima_80": {
            "lima_80": 0.6278374791145325,
            "lima_164": 0.012283304706215858,
            "lima_20": 0.010306216776371002,
            "lima_395": 0.013402985408902168,
            "lima_367": 0.004751062951982021
        },
        "lima_81": {
            "lima_81": 0.43374913930892944,
            "lima_289": 0.013305088505148888,
            "lima_169": 0.008003117516636848,
            "lima_97": 0.0008947865571826696,
            "lima_206": 0.007325620390474796
        },
        "lima_82": {
            "lima_82": 0.6486927270889282,
            "lima_137": 0.01915792189538479,
            "lima_109": 0.02258441224694252,
            "lima_158": 0.042109716683626175,
            "lima_163": 0.015690408647060394
        },
        "lima_83": {
            "lima_83": 0.4518134891986847,
            "lima_203": 0.003352357307448983,
            "lima_123": 0.011402606964111328,
            "lima_1": -0.002479301765561104,
            "lima_172": 0.014131627976894379
        },
        "lima_84": {
            "lima_84": 0.5774628520011902,
            "lima_196": 0.006439828313887119,
            "lima_80": 0.0006331049371510744,
            "lima_190": 0.0045137773267924786,
            "lima_152": 0.004824153147637844
        },
        "lima_85": {
            "lima_85": 0.3163672387599945,
            "lima_106": 0.015530027449131012,
            "lima_98": 0.009317172691226006,
            "lima_151": 0.0206151083111763,
            "lima_848": 0.01646624132990837
        },
        "lima_86": {
            "lima_86": 0.5706589221954346,
            "lima_290": 0.003927623853087425,
            "lima_174": 0.03510306403040886,
            "lima_68": 0.025914113968610764,
            "lima_462": 0.024808596819639206
        },
        "lima_87": {
            "lima_87": 0.572662353515625,
            "lima_231": 0.005888141691684723,
            "lima_163": 0.024584218859672546,
            "lima_211": 0.013187019154429436,
            "lima_267": 0.012078712694346905
        },
        "lima_88": {
            "lima_88": 0.7152118682861328,
            "lima_75": 0.008289134129881859,
            "lima_277": 0.012274384498596191,
            "lima_48": 0.019221970811486244,
            "lima_218": 0.006325903348624706
        },
        "lima_89": {
            "lima_89": 0.3338339030742645,
            "lima_542": 0.024197865277528763,
            "lima_372": 0.001493518939241767,
            "lima_66": 0.019991226494312286,
            "lima_373": 0.00989594217389822
        },
        "lima_90": {
            "lima_90": 0.3756176233291626,
            "lima_812": -0.01031990721821785,
            "lima_196": 0.04099337011575699,
            "lima_271": 0.017822477966547012,
            "lima_35": 0.009836183860898018
        },
        "lima_91": {
            "lima_91": 0.33182546496391296,
            "lima_534": 0.01392044685781002,
            "lima_272": 0.011111175641417503,
            "lima_303": 0.034220874309539795,
            "lima_281": -0.00015875091776251793
        },
        "lima_92": {
            "lima_92": 0.8204411268234253,
            "lima_316": 0.021910712122917175,
            "lima_253": -0.0033128908835351467,
            "lima_27": 0.0007290109060704708,
            "lima_56": 0.006537409033626318
        },
        "lima_93": {
            "lima_93": 0.6805235147476196,
            "lima_364": 0.01342442911118269,
            "lima_228": 0.002662945305928588,
            "lima_123": 0.006067716050893068,
            "lima_211": 0.027241801843047142
        },
        "lima_94": {
            "lima_94": 0.6009838581085205,
            "lima_249": -0.0004321947635617107,
            "lima_274": 0.015249114483594894,
            "lima_69": 0.010844734497368336,
            "lima_179": 0.0012556544970721006
        },
        "lima_95": {
            "lima_95": 0.5742545127868652,
            "lima_27": -0.0034012007527053356,
            "lima_360": 0.01678733341395855,
            "lima_96": 0.029301945120096207,
            "lima_174": 0.015690352767705917
        },
        "lima_96": {
            "lima_96": 0.6698269844055176,
            "lima_247": 0.011484617367386818,
            "lima_95": 0.02281838282942772,
            "lima_360": 0.022934168577194214,
            "lima_2": 0.008690927177667618
        },
        "lima_97": {
            "lima_97": 0.3486897349357605,
            "lima_92": 0.008539163507521152,
            "lima_391": -0.010247556492686272,
            "lima_396": 0.007074139080941677,
            "lima_162": 0.005596019793301821
        },
        "lima_98": {
            "lima_98": 0.4723377227783203,
            "lima_22": 0.008252047002315521,
            "lima_290": -0.004160410258919001,
            "lima_119": 0.006703429389744997,
            "lima_64": 0.003556122537702322
        },
        "lima_99": {
            "lima_99": 0.9075891971588135,
            "lima_374": -0.006631123833358288,
            "lima_95": -0.0013420208124443889,
            "lima_588": 0.011473478749394417,
            "lima_345": 0.009845289401710033
        }
    },
    "58838016": {
        "lima_80": {
            "lima_80": 0.6280367374420166,
            "lima_164": 0.011867871508002281,
            "lima_20": 0.010443657636642456,
            "lima_395": 0.013111446052789688,
            "lima_367": 0.004930353723466396
        },
        "lima_81": {
            "lima_81": 0.43415185809135437,
            "lima_289": 0.013205217197537422,
            "lima_169": 0.007783444598317146,
            "lima_97": 0.0007174280472099781,
            "lima_206": 0.007660697214305401
        },
        "lima_82": {
            "lima_82": 0.6491142511367798,
            "lima_137": 0.018820950761437416,
            "lima_109": 0.022470705211162567,
            "lima_158": 0.04166305810213089,
            "lima_163": 0.015430099330842495
        },
        "lima_83": {
            "lima_83": 0.45153552293777466,
            "lima_203": 0.0031039032619446516,
            "lima_123": 0.010837029665708542,
            "lima_1": -0.002396987983956933,
            "lima_172": 0.01433122344315052
        },
        "lima_84": {
            "lima_84": 0.5778306126594543,
            "lima_196": 0.005647415295243263,
            "lima_80": 0.000536635983735323,
            "lima_190": 0.004924293607473373,
            "lima_152": 0.004725069738924503
        },
        "lima_85": {
            "lima_85": 0.3166927099227905,
            "lima_106": 0.015722310170531273,
            "lima_98": 0.008962001651525497,
            "lima_151": 0.021012146025896072,
            "lima_848": 0.016147132962942123
        },
        "lima_86": {
            "lima_86": 0.5709147453308105,
            "lima_290": 0.0042469799518585205,
            "lima_174": 0.03550583869218826,
            "lima_68": 0.026764554902911186,
            "lima_462": 0.024448804557323456
        },
        "lima_87": {
            "lima_87": 0.5728444457054138,
            "lima_231": 0.005792532116174698,
            "lima_163": 0.02442849427461624,
            "lima_211": 0.012541456148028374,
            "lima_267": 0.012113833799958229
        },
        "lima_88": {
            "lima_88": 0.7151544094085693,
            "lima_75": 0.008465312421321869,
            "lima_277": 0.011963030323386192,
            "lima_48": 0.019411150366067886,
            "lima_218": 0.005739875603467226
        },
        "lima_89": {
            "lima_89": 0.33374887704849243,
            "lima_542": 0.02447758987545967,
            "lima_372": 0.0017156153917312622,
            "lima_66": 0.02022276073694229,
            "lima_373": 0.0098956860601902
        },
        "lima_90": {
            "lima_90": 0.37567248940467834,
            "lima_812": -0.010598627850413322,
            "lima_196": 0.0408669076859951,
            "lima_271": 0.017325319349765778,