{
    "11767808": {
        "lima_851": {
            "lima_851": 0.4956209063529968,
            "lima_127": -0.00010738192941062152,
            "lima_988": 0.030239656567573547,
            "lima_994": 0.04282920062541962,
            "lima_913": 0.022712845355272293
        },
        "lima_852": {
            "lima_852": 0.3327995836734772,
            "lima_183": 0.020808737725019455,
            "lima_779": 0.004875135608017445,
            "lima_276": 0.020869938656687737,
            "lima_425": 0.004544783383607864
        },
        "lima_853": {
            "lima_808": 0.011401151306927204,
            "lima_838": 0.02170610800385475,
            "lima_846": 0.022174807265400887,
            "lima_814": 0.01283157616853714,
            "lima_853": 0.35686546564102173
        },
        "lima_854": {
            "lima_806": 0.01812070608139038,
            "lima_814": 0.015401054173707962,
            "lima_842": 0.01331917941570282,
            "lima_561": 0.047100722789764404,
            "lima_854": 0.19840320944786072
        },
        "lima_855": {
            "lima_855": 0.3661099374294281,
            "lima_897": 0.049553073942661285,
            "lima_819": 0.0025616639759391546,
            "lima_870": 0.030874555930495262,
            "lima_893": 0.0015647816471755505
        },
        "lima_856": {
            "lima_856": 0.48953890800476074,
            "lima_962": 0.06073508411645889,
            "lima_562": 0.04003863036632538,
            "lima_581": 0.01764647662639618,
            "lima_913": -0.010647819377481937
        },
        "lima_857": {
            "lima_283": 0.0013414914719760418,
            "lima_838": 0.012530472129583359,
            "lima_808": -0.00017080502584576607,
            "lima_846": 0.011180642992258072,
            "lima_857": 0.47293829917907715
        },
        "lima_858": {
            "lima_636": 0.013491224497556686,
            "lima_983": 0.002357772784307599,
            "lima_971": 0.022621527314186096,
            "lima_515": 0.01668357104063034,
            "lima_858": 0.14413437247276306
        },
        "lima_859": {
            "lima_859": 0.565083384513855,
            "lima_850": 0.04057135805487633,
            "lima_875": 0.01131781842559576,
            "lima_550": 0.024012580513954163,
            "lima_893": 0.046762075275182724
        },
        "lima_860": {
            "lima_860": 0.39984777569770813,
            "lima_731": 0.010657522827386856,
            "lima_862": 0.01090645045042038,
            "lima_826": 0.029609426856040955,
            "lima_55": 0.024064062163233757
        },
        "lima_861": {
            "lima_317": 0.007412881590425968,
            "lima_42": 0.008210904896259308,
            "lima_259": -0.0062902034260332584,
            "lima_252": -0.0016849477542564273,
            "lima_861": 0.35254746675491333
        },
        "lima_862": {
            "lima_862": 0.39286428689956665,
            "lima_872": 0.051039524376392365,
            "lima_127": 0.002309537958353758,
            "lima_988": 0.03914957493543625,
            "lima_897": 0.049871500581502914
        },
        "lima_863": {
            "lima_863": 0.36606061458587646,
            "lima_951": -0.014044723473489285,
            "lima_987": 0.022518426179885864,
            "lima_851": 0.002458868082612753,
            "lima_960": 0.03821905329823494
        },
        "lima_864": {
            "lima_905": 0.024797920137643814,
            "lima_867": 0.016985297203063965,
            "lima_975": 0.06980784982442856,
            "lima_64": 0.0006082854815758765,
            "lima_864": 0.15917764604091644
        },
        "lima_865": {
            "lima_203": 0.00994216650724411,
            "lima_374": -0.015459351241588593,
            "lima_283": 0.01176137663424015,
            "lima_485": 0.030395518988370895,
            "lima_865": 0.42547106742858887
        },
        "lima_866": {
            "lima_866": 0.49401336908340454,
            "lima_950": 0.019682759419083595,
            "lima_994": 0.052229829132556915,
            "lima_872": 0.06897696852684021,
            "lima_893": 0.027928803116083145
        },
        "lima_867": {
            "lima_867": 0.4446348249912262,
            "lima_997": 0.024395538493990898,
            "lima_844": 0.016712967306375504,
            "lima_921": 0.011725099757313728,
            "lima_45": -0.0040605333633720875
        },
        "lima_868": {
            "lima_1": 0.006647455506026745,
            "lima_83": 0.007579836528748274,
            "lima_838": 0.02071022242307663,
            "lima_830": 0.0060065798461437225,
            "lima_868": 0.38199353218078613
        },
        "lima_869": {
            "lima_54": 0.012072388082742691,
            "lima_211": 0.006268365308642387,
            "lima_83": 0.014325466006994247,
            "lima_1": 0.010227606631815434,
            "lima_869": 0.28487229347229004
        },
        "lima_870": {
            "lima_870": 0.476015567779541,
            "lima_893": 0.028886670246720314,
            "lima_872": 0.06390813738107681,
            "lima_64": 0.003378650639206171,
            "lima_951": 0.0075075882486999035
        }
    },
    "58838016": {
        "lima_851": {
            "lima_851": 0.4955165982246399,
            "lima_127": 2.146171755157411e-05,
            "lima_988": 0.03032953292131424,
            "lima_994": 0.04274773970246315,
            "lima_913": 0.022789867594838142
        },
        "lima_852": {
            "lima_852": 0.33288437128067017,
            "lima_183": 0.020522326231002808,
            "lima_779": 0.004928411915898323,
            "lima_276": 0.020496610552072525,
            "lima_425": 0.00510704331099987
        },
        "lima_853": {
            "lima_808": 0.012034425511956215,
            "lima_838": 0.022347155958414078,
            "lima_846": 0.02180677279829979,
            "lima_814": 0.013375513255596161,
            "lima_853": 0.3569502830505371
        },
        "lima_854": {
            "lima_806": 0.018214762210845947,
            "lima_814": 0.015502852387726307,
            "lima_842": 0.012999320402741432,
            "lima_561": 0.047106679528951645,
            "lima_854": 0.1983392983675003
        },
        "lima_855": {
            "lima_855": 0.36619603633880615,
            "lima_897": 0.04942314326763153,
            "lima_819": 0.0023182283621281385,
            "lima_870": 0.030712349340319633,
            "lima_893": 0.0013858521124348044
        },
        "lima_856": {
            "lima_856": 0.4897438883781433,
            "lima_962": 0.06094714254140854,
            "lima_562": 0.03979601711034775,
            "lima_581": 0.017521236091852188,
            "lima_913": -0.010692590847611427
        },
        "lima_857": {
            "lima_283": 0.0013332777889445424,
            "lima_838": 0.012958113104104996,
            "lima_808": 0.00031462666811421514,
            "lima_846": 0.01092996820807457,
            "lima_857": 0.4723159670829773
        },
        "lima_858": {
            "lima_636": 0.013555942103266716,
            "lima_983": 0.0021952204406261444,
            "lima_971": 0.022158421576023102,
            "lima_515": 0.016024693846702576,
            "lima_858": 0.14378653466701508
        },
        "lima_859": {
            "lima_859": 0.5647855401039124,
            "lima_850": 0.03992636501789093,
            "lima_875": 0.011476261541247368,
            "lima_550": 0.023965708911418915,
            "lima_893": 0.04677920788526535
        },
        "lima_860": {
            "lima_860": 0.39995142817497253,
            "lima_731": 0.010430676862597466,
            "lima_862": 0.010951850563287735,
            "lima_826": 0.02948884293437004,
            "lima_55": 0.0240539088845253
        },
        "lima_861": {
            "lima_317": 0.007269407622516155,
            "lima_42": 0.008576778694987297,