{
    "11767808": {
        "lima_262": {
            "lima_262": 0.6973121166229248,
            "lima_123": -0.0025088766124099493,
            "lima_144": 0.01172991655766964,
            "lima_253": 0.009830379858613014,
            "lima_249": 0.0007443562499247491
        },
        "lima_263": {
            "lima_263": 0.4891281723976135,
            "lima_458": 0.0007184893474914134,
            "lima_273": 0.024271514266729355,
            "lima_441": 0.016795814037322998,
            "lima_511": 0.012594787403941154
        },
        "lima_264": {
            "lima_264": 0.40907278656959534,
            "lima_300": -0.0002843213442247361,
            "lima_98": -0.0015846336027607322,
            "lima_110": 0.0010772889945656061,
            "lima_290": 0.004168941639363766
        },
        "lima_265": {
            "lima_265": 0.7157869338989258,
            "lima_6": 0.05126635357737541,
            "lima_195": 0.0231688991189003,
            "lima_152": 0.01486632227897644,
            "lima_173": 0.008006535470485687
        },
        "lima_266": {
            "lima_266": 0.3249055743217468,
            "lima_927": 0.028494399040937424,
            "lima_446": 0.03425347059965134,
            "lima_380": 0.025328952819108963,
            "lima_257": 0.012212465517222881
        },
        "lima_267": {
            "lima_267": 0.3435221314430237,
            "lima_123": -0.010979183949530125,
            "lima_374": 0.007065705955028534,
            "lima_37": -0.010916633531451225,
            "lima_296": -0.0017848601564764977
        },
        "lima_268": {
            "lima_268": 0.4938870072364807,
            "lima_378": 0.03727763146162033,
            "lima_106": 0.007893486879765987,
            "lima_726": 0.012590399943292141,
            "lima_98": 0.004996102303266525
        },
        "lima_269": {
            "lima_269": 0.6079599261283875,
            "lima_23": 0.012668387964367867,
            "lima_204": 0.019362032413482666,
            "lima_441": 0.011940479278564453,
            "lima_511": 0.015513570979237556
        },
        "lima_270": {
            "lima_270": 0.3260509967803955,
            "lima_228": 0.021957263350486755,
            "lima_374": -0.011120166629552841,
            "lima_211": 0.01332775317132473,
            "lima_430": 0.058205440640449524
        },
        "lima_271": {
            "lima_271": 0.4494723081588745,
            "lima_162": 0.009167129173874855,
            "lima_230": 0.006679034326225519,
            "lima_211": 0.019858412444591522,
            "lima_391": 0.0018986923387274146
        },
        "lima_272": {
            "lima_272": 0.5138248205184937,
            "lima_368": -0.004968510940670967,
            "lima_75": 0.01347469724714756,
            "lima_804": 0.0027603372000157833,
            "lima_290": -0.01774933747947216
        },
        "lima_273": {
            "lima_273": 0.35645192861557007,
            "lima_260": 0.05140729248523712,
            "lima_335": 0.027884362265467644,
            "lima_292": 0.042960025370121,
            "lima_394": 0.04925675317645073
        },
        "lima_274": {
            "lima_274": 0.2351110726594925,
            "lima_94": 0.0006431523943319917,
            "lima_203": -0.002888366347178817,
            "lima_211": 0.007797302678227425,
            "lima_37": -0.002739379182457924
        },
        "lima_275": {
            "lima_275": 0.3918396234512329,
            "lima_127": -0.008901204913854599,
            "lima_147": 0.0017049192683771253,
            "lima_290": -0.00019297446124255657,
            "lima_893": -0.007050402462482452
        },
        "lima_276": {
            "lima_276": 0.3729892373085022,
            "lima_588": -0.0013815597631037235,
            "lima_506": 0.02191176451742649,
            "lima_470": 0.014180069789290428,
            "lima_462": 0.021644404157996178
        },
        "lima_277": {
            "lima_277": 0.4555237889289856,
            "lima_215": 0.015354749746620655,
            "lima_103": -0.0016798689030110836,
            "lima_218": 0.016858331859111786,
            "lima_23": 0.008209838531911373
        },
        "lima_278": {
            "lima_278": 0.535727858543396,
            "lima_173": 0.001343829557299614,
            "lima_88": 0.005540134850889444,
            "lima_101": 0.01942424848675728,
            "lima_306": 0.01448369212448597
        },
        "lima_279": {
            "lima_279": 0.6646869778633118,
            "lima_347": 0.014764625579118729,
            "lima_80": 0.02975151687860489,
            "lima_98": 0.01055802870541811,
            "lima_588": 0.008259950205683708
        },
        "lima_280": {
            "lima_280": 0.44700801372528076,
            "lima_383": 0.013581465929746628,
            "lima_81": 0.0008273789426311851,
            "lima_259": -0.0028284136205911636,
            "lima_137": 0.008699717000126839
        },
        "lima_281": {
            "lima_281": 0.5352734327316284,
            "lima_211": 0.0036777211353182793,
            "lima_290": -0.0011191095691174269,
            "lima_5": 0.009316731244325638,
            "lima_296": -0.005457197315990925
        }
    },
    "58838016": {
        "lima_262": {
            "lima_262": 0.6972942352294922,
            "lima_123": -0.0024784815032035112,
            "lima_144": 0.011716727167367935,
            "lima_253": 0.009304920211434364,
            "lima_249": 0.0005274626892060041
        },
        "lima_263": {
            "lima_263": 0.4888065457344055,
            "lima_458": 0.0016911462880671024,
            "lima_273": 0.024236125871539116,
            "lima_441": 0.016758427023887634,
            "lima_511": 0.01314779557287693
        },
        "lima_264": {
            "lima_264": 0.4088682234287262,
            "lima_300": -0.00043394125532358885,
            "lima_98": -0.0015916803386062384,
            "lima_110": 0.001103512942790985,
            "lima_290": 0.0038307926151901484
        },
        "lima_265": {
            "lima_265": 0.7157121896743774,
            "lima_6": 0.05094379186630249,
            "lima_195": 0.02332223951816559,
            "lima_152": 0.014139365404844284,
            "lima_173": 0.007347408682107925
        },
        "lima_266": {
            "lima_266": 0.32476145029067993,
            "lima_927": 0.02851342409849167,
            "lima_446": 0.03396041691303253,
            "lima_380": 0.02514982596039772,
            "lima_257": 0.01225290633738041
        },
        "lima_267": {
            "lima_267": 0.3432430624961853,
            "lima_123": -0.010914244689047337,
            "lima_374": 0.0065552289597690105,
            "lima_37": -0.011163919232785702,
            "lima_296": -0.0016233937349170446
        },
        "lima_268": {
            "lima_268": 0.4938823878765106,
            "lima_378": 0.036866217851638794,
            "lima_106": 0.008005321957170963,
            "lima_726": 0.012832360342144966,
            "lima_98": 0.0055201081559062
        },
        "lima_269": {
            "lima_269": 0.607793927192688,
            "lima_23": 0.01273313071578741,
            "lima_204": 0.01958731934428215,
            "lima_441": 0.011720074340701103,
            "lima_511": 0.015246592462062836
        },
        "lima_270": {
            "lima_270": 0.32589274644851685,
            "lima_228": 0.02190018817782402,
            "lima_374": -0.011253265663981438,
            "lima_211": 0.012910028919577599,
            "lima_430": 0.058054715394973755
        },
        "lima_271": {
            "lima_271": 0.4494354724884033,
            "lima_162": 0.008825093507766724,
            "lima_230": 0.007492212578654289,
            "lima_211": 0.020353857427835464,
            "lima_391": 0.0018637466710060835
        },
        "lima_272": {
            "lima_272": 0.5138428211212158,
            "lima_368": -0.004740452393889427,