{
    "11767808": {
        "lima_140": {
            "lima_140": 0.7552362680435181,
            "lima_502": 0.02249682880938053,
            "lima_234": 0.006055342964828014,
            "lima_349": 0.01555139385163784,
            "lima_537": 0.018171796575188637
        },
        "lima_142": {
            "lima_142": 0.6090337038040161,
            "lima_64": -0.0029282085597515106,
            "lima_164": 0.006694835610687733,
            "lima_319": -0.004850064869970083,
            "lima_395": 0.0016739225247874856
        },
        "lima_143": {
            "lima_143": 0.35468220710754395,
            "lima_332": 0.017418771982192993,
            "lima_211": 0.0182387325912714,
            "lima_852": 0.006356309168040752,
            "lima_256": 0.021480783820152283
        },
        "lima_144": {
            "lima_144": 0.3939182162284851,
            "lima_327": 0.03446501865983009,
            "lima_106": -0.008162686601281166,
            "lima_56": 0.04155775159597397,
            "lima_393": 0.02525058016180992
        },
        "lima_145": {
            "lima_145": 0.4921901226043701,
            "lima_534": 0.03359004110097885,
            "lima_415": 0.006212982349097729,
            "lima_253": 0.005803757347166538,
            "lima_233": -0.000790128658991307
        },
        "lima_146": {
            "lima_146": 0.32167622447013855,
            "lima_391": -0.004804108291864395,
            "lima_393": -0.00017086858861148357,
            "lima_905": 0.010401608422398567,
            "lima_383": 0.01601443625986576
        },
        "lima_147": {
            "lima_147": 0.4161255359649658,
            "lima_64": 0.007797183934599161,
            "lima_306": -0.00555028859525919,
            "lima_393": 0.014021473005414009,
            "lima_237": 0.012479042634367943
        },
        "lima_148": {
            "lima_148": 0.3823257088661194,
            "lima_454": 0.014229269698262215,
            "lima_39": 0.0031370387878268957,
            "lima_196": 0.0011740955524146557,
            "lima_392": 0.00044894672464579344
        },
        "lima_149": {
            "lima_149": 0.40849483013153076,
            "lima_493": -0.0007937189657241106,
            "lima_400": 0.004817632958292961,
            "lima_924": 0.02096119336783886,
            "lima_995": 0.005108150187879801
        },
        "lima_150": {
            "lima_150": 0.5496821999549866,
            "lima_294": 0.012233536690473557,
            "lima_174": 0.04135550186038017,
            "lima_297": 0.0019094450399279594,
            "lima_21": 0.03210514038801193
        },
        "lima_151": {
            "lima_151": 0.26995372772216797,
            "lima_852": 0.016321606934070587,
            "lima_396": 0.009872671216726303,
            "lima_259": -0.0016019719187170267,
            "lima_228": -0.001272223424166441
        },
        "lima_152": {
            "lima_152": 0.4137267768383026,
            "lima_188": 0.00589094078168273,
            "lima_144": 0.011917324736714363,
            "lima_997": 0.030292188748717308,
            "lima_815": 0.010492650792002678
        },
        "lima_153": {
            "lima_153": 0.4353940486907959,
            "lima_374": -0.0036761551164090633,
            "lima_527": -0.0008215298876166344,
            "lima_210": -0.012520072981715202,
            "lima_296": 0.008940201252698898
        },
        "lima_154": {
            "lima_154": 0.717400074005127,
            "lima_374": -0.0020759745966643095,
            "lima_837": 0.01896590180695057,
            "lima_106": 0.007634448818862438,
            "lima_165": 0.013949168846011162
        },
        "lima_155": {
            "lima_155": 0.38220223784446716,
            "lima_240": 0.008108474314212799,
            "lima_37": -0.028448306024074554,
            "lima_183": 0.017283190041780472,
            "lima_374": 0.0037291934713721275
        },
        "lima_157": {
            "lima_157": 0.44724464416503906,
            "lima_11": 0.002134347800165415,
            "lima_119": 0.0026469589211046696,
            "lima_204": 0.0007240377017296851,
            "lima_387": 0.010378308594226837
        },
        "lima_158": {
            "lima_158": 0.451610803604126,
            "lima_123": 0.04089225083589554,
            "lima_211": 0.021245138719677925,
            "lima_82": 0.031206967309117317,
            "lima_259": -0.009049882180988789
        },
        "lima_159": {
            "lima_159": 0.376188725233078,
            "lima_167": 0.03188498318195343,
            "lima_176": 0.0009209219133481383,
            "lima_930": 0.004180695861577988,
            "lima_22": 0.02207222953438759
        },
        "lima_160": {
            "lima_160": 0.5266870856285095,
            "lima_501": -0.0028965265955775976,
            "lima_179": 0.003473294200375676,
            "lima_167": 0.023387277498841286,
            "lima_313": -0.003818800440058112
        },
        "lima_161": {
            "lima_161": 0.616141140460968,
            "lima_597": 0.032952357083559036,
            "lima_561": 0.020831486210227013,
            "lima_519": 0.005430441349744797,
            "lima_211": 0.014029547572135925
        }
    },
    "58838016": {
        "lima_140": {
            "lima_140": 0.7555140256881714,
            "lima_502": 0.022522136569023132,
            "lima_234": 0.005906200967729092,
            "lima_349": 0.015530566684901714,
            "lima_537": 0.018088966608047485
        },
        "lima_142": {
            "lima_142": 0.6092573404312134,
            "lima_64": -0.0027373498305678368,
            "lima_164": 0.006339589133858681,
            "lima_319": -0.004494800232350826,
            "lima_395": 0.0011493994388729334
        },
        "lima_143": {
            "lima_143": 0.3548206686973572,
            "lima_332": 0.01743323728442192,
            "lima_211": 0.01785845123231411,
            "lima_852": 0.00609720079228282,
            "lima_256": 0.021052639931440353
        },
        "lima_144": {
            "lima_144": 0.39395660161972046,
            "lima_327": 0.03394351154565811,
            "lima_106": -0.007591282483190298,
            "lima_56": 0.041352756321430206,
            "lima_393": 0.025170259177684784
        },
        "lima_145": {
            "lima_145": 0.49240642786026,
            "lima_534": 0.033227935433387756,
            "lima_415": 0.006319495849311352,
            "lima_253": 0.00537965539842844,
            "lima_233": -0.0003605170641094446
        },
        "lima_146": {
            "lima_146": 0.32146745920181274,
            "lima_391": -0.00508469482883811,
            "lima_393": -9.28948720684275e-05,
            "lima_905": 0.01111493818461895,
            "lima_383": 0.016178863123059273
        },
        "lima_147": {
            "lima_147": 0.41565102338790894,
            "lima_64": 0.008413827046751976,
            "lima_306": -0.005599823780357838,
            "lima_393": 0.014394302852451801,
            "lima_237": 0.01223728060722351
        },
        "lima_148": {
            "lima_148": 0.3822729289531708,
            "lima_454": 0.014332488179206848,
            "lima_39": 0.0033875764347612858,
            "lima_196": 0.0008698301389813423,
            "lima_392": 0.00014580300194211304
        },
        "lima_149": {
            "lima_149": 0.40844523906707764,
            "lima_493": -0.0008934237412177026,
            "lima_400": 0.004562573041766882,
            "lima_924": 0.020806390792131424,
            "lima_995": 0.005476509220898151
        },
        "lima_150": {
            "lima_150": 0.549919068813324,
            "lima_294": 0.012304043397307396,
            "lima_174": 0.04112231731414795,
            "lima_297": 0.0019820677116513252,
            "lima_21": 0.03262554854154587
        },
        "lima_151": {
            "lima_151": 0.27056464552879333,
            "lima_852": 0.01650601625442505,