{
    "11767808": {
        "lima_363": {
            "lima_363": 0.6452358961105347,
            "lima_380": 0.011314712464809418,
            "lima_205": 0.006495055742561817,
            "lima_348": 0.022567108273506165,
            "lima_512": 0.01795145496726036
        },
        "lima_364": {
            "lima_364": 0.5294848084449768,
            "lima_64": -0.00751066580414772,
            "lima_368": 0.0022514108568429947,
            "lima_83": 0.003651429433375597,
            "lima_211": 0.004911303985863924
        },
        "lima_365": {
            "lima_365": 0.8071539998054504,
            "lima_164": 0.00011127436300739646,
            "lima_80": 0.02367636002600193,
            "lima_316": 0.015331519767642021,
            "lima_259": -0.013789597898721695
        },
        "lima_366": {
            "lima_366": 0.2936771810054779,
            "lima_106": 0.0035327826626598835,
            "lima_98": -0.005047220271080732,
            "lima_134": 0.017193645238876343,
            "lima_964": 0.019940219819545746
        },
        "lima_367": {
            "lima_367": 0.5837141871452332,
            "lima_368": 0.016049135476350784,
            "lima_294": 0.011705894954502583,
            "lima_376": 0.006828299257904291,
            "lima_126": 0.016878696158528328
        },
        "lima_368": {
            "lima_368": 0.8118124008178711,
            "lima_364": 0.01668689399957657,
            "lima_367": -0.0012253518216311932,
            "lima_231": 0.007984716445207596,
            "lima_64": 0.015819480642676353
        },
        "lima_369": {
            "lima_369": 0.32893484830856323,
            "lima_315": 0.019448919221758842,
            "lima_483": 0.019890598952770233,
            "lima_320": 0.022268256172537804,
            "lima_516": 0.007799963001161814
        },
        "lima_370": {
            "lima_370": 0.41126590967178345,
            "lima_287": 0.018774621188640594,
            "lima_138": 0.013294368982315063,
            "lima_83": 0.014015658758580685,
            "lima_183": 0.04536653682589531
        },
        "lima_371": {
            "lima_371": 0.648269534111023,
            "lima_183": 0.01846585050225258,
            "lima_73": 0.006934771779924631,
            "lima_256": 0.03551328182220459,
            "lima_123": 0.01160344760864973
        },
        "lima_372": {
            "lima_372": 0.5518934726715088,
            "lima_174": 9.358651004731655e-05,
            "lima_109": 0.010173378512263298,
            "lima_163": 0.021001648157835007,
            "lima_177": 0.02748788893222809
        },
        "lima_373": {
            "lima_373": 0.31532758474349976,
            "lima_346": 0.012831849046051502,
            "lima_542": 0.025824259966611862,
            "lima_766": 0.0008192143868654966,
            "lima_161": 0.026007290929555893
        },
        "lima_374": {
            "lima_374": 0.22215643525123596,
            "lima_37": 0.023289848119020462,
            "lima_172": 0.007822584360837936,
            "lima_381": 0.009414482861757278,
            "lima_83": 0.018619194626808167
        },
        "lima_375": {
            "lima_375": 0.8059743046760559,
            "lima_376": 0.01867872104048729,
            "lima_190": 0.004172294866293669,
            "lima_67": 0.006163167767226696,
            "lima_346": 0.011643446981906891
        },
        "lima_376": {
            "lima_376": 0.5604106187820435,
            "lima_190": 0.0033871126361191273,
            "lima_78": 0.02414112351834774,
            "lima_238": -0.00486486591398716,
            "lima_191": 0.018189072608947754
        },
        "lima_377": {
            "lima_377": 0.4009615182876587,
            "lima_226": 0.0020627672784030437,
            "lima_830": 0.014286459423601627,
            "lima_814": 0.012672165408730507,
            "lima_808": 0.002460495103150606
        },
        "lima_378": {
            "lima_378": 0.4049158990383148,
            "lima_272": -0.0016621040413156152,
            "lima_303": 0.012051541358232498,
            "lima_319": 0.0029556499794125557,
            "lima_726": 0.02005741372704506
        },
        "lima_379": {
            "lima_379": 0.2788214087486267,
            "lima_864": 0.015025604516267776,
            "lima_533": 0.004819092340767384,
            "lima_23": 0.012319115921854973,
            "lima_430": 0.04448733478784561
        },
        "lima_380": {
            "lima_380": 0.7245765924453735,
            "lima_588": 0.030253473669290543,
            "lima_180": 0.026901643723249435,
            "lima_247": 0.020397590473294258,
            "lima_122": 0.017399922013282776
        },
        "lima_381": {
            "lima_381": 0.376817524433136,
            "lima_330": 0.0063166990876197815,
            "lima_203": -0.01979992538690567,
            "lima_83": 0.0007633008062839508,
            "lima_253": 0.005921497009694576
        },
        "lima_382": {
            "lima_382": 0.358442097902298,
            "lima_506": 0.03426994010806084,
            "lima_211": 0.00882917270064354,
            "lima_162": 0.012913853861391544,
            "lima_203": 0.019147442653775215
        }
    },
    "58838016": {
        "lima_363": {
            "lima_363": 0.6454991102218628,
            "lima_380": 0.010943355038762093,
            "lima_205": 0.006455933675169945,
            "lima_348": 0.022628342732787132,
            "lima_512": 0.018089596182107925
        },
        "lima_364": {
            "lima_364": 0.5296970009803772,
            "lima_64": -0.007821462117135525,
            "lima_368": 0.00222052913159132,
            "lima_83": 0.0031573171727359295,
            "lima_211": 0.004983603488653898
        },
        "lima_365": {
            "lima_365": 0.8070741891860962,
            "lima_164": -2.1604588255286217e-05,
            "lima_80": 0.023457732051610947,
            "lima_316": 0.015136096626520157,
            "lima_259": -0.013737481087446213
        },
        "lima_366": {
            "lima_366": 0.2938668727874756,
            "lima_106": 0.0032452258747071028,
            "lima_98": -0.004271309822797775,
            "lima_134": 0.017048299312591553,
            "lima_964": 0.02018996886909008
        },
        "lima_367": {
            "lima_367": 0.5839599967002869,
            "lima_368": 0.016304362565279007,
            "lima_294": 0.01154567301273346,
            "lima_376": 0.0067030880600214005,
            "lima_126": 0.01682913489639759
        },
        "lima_368": {
            "lima_368": 0.8117966055870056,
            "lima_364": 0.01661672070622444,
            "lima_367": -0.0011059234384447336,
            "lima_231": 0.008152903988957405,
            "lima_64": 0.01590559259057045
        },
        "lima_369": {
            "lima_369": 0.3289097547531128,
            "lima_315": 0.01925724186003208,
            "lima_483": 0.01997503452003002,
            "lima_320": 0.02311309427022934,
            "lima_516": 0.007402968592941761
        },
        "lima_370": {
            "lima_370": 0.41148585081100464,
            "lima_287": 0.01845589093863964,
            "lima_138": 0.013697839342057705,
            "lima_83": 0.013909023255109787,
            "lima_183": 0.045143187046051025
        },
        "lima_371": {
            "lima_371": 0.6485893130302429,
            "lima_183": 0.017942190170288086,
            "lima_73": 0.007018053438514471,
            "lima_256": 0.03510958328843117,
            "lima_123": 0.011604771949350834
        },
        "lima_372": {
            "lima_372": 0.5520400404930115,
            "lima_174": 0.00022473961871583015,
            "lima_109": 0.010257854126393795,
            "lima_163": 0.020839817821979523,
            "lima_177": 0.02766096591949463
        },
        "lima_373": {
            "lima_373": 0.3146767020225525,
            "lima_346": 0.012631906196475029,
            "lima_542": 0.0257104579359293,