{
    "11767808": {
        "lima_931": {
            "lima_931": 0.2851909399032593,
            "lima_801": 0.035032883286476135,
            "lima_814": 0.017371458932757378,
            "lima_806": 0.0024123340845108032,
            "lima_808": 0.008670960552990437
        },
        "lima_932": {
            "lima_142": 0.006566634401679039,
            "lima_211": 0.018223296850919724,
            "lima_318": 0.014744497835636139,
            "lima_49": 0.015579067170619965,
            "lima_932": 0.19778533279895782
        },
        "lima_933": {
            "lima_933": 0.4461382031440735,
            "lima_975": 0.08908011019229889,
            "lima_581": 0.014406930655241013,
            "lima_874": 0.03707534074783325,
            "lima_541": 0.012409698218107224
        },
        "lima_934": {
            "lima_934": 0.3364846706390381,
            "lima_893": 0.028366636484861374,
            "lima_492": 0.009288739413022995,
            "lima_951": 0.011981124058365822,
            "lima_127": -0.011537199839949608
        },
        "lima_935": {
            "lima_935": 0.41903257369995117,
            "lima_865": 0.0443376787006855,
            "lima_878": 0.046859581023454666,
            "lima_958": 0.04121537506580353,
            "lima_921": -0.005348937585949898
        },
        "lima_936": {
            "lima_936": 0.3604245185852051,
            "lima_422": 0.01686197519302368,
            "lima_128": 0.001251811278052628,
            "lima_840": -0.0001899023773148656,
            "lima_929": 0.04910697042942047
        },
        "lima_937": {
            "lima_937": 0.39329856634140015,
            "lima_64": 0.007088883314281702,
            "lima_998": 0.036383867263793945,
            "lima_982": 0.016854286193847656,
            "lima_965": 0.009014710783958435
        },
        "lima_938": {
            "lima_127": -0.013012772426009178,
            "lima_863": 0.06250342726707458,
            "lima_916": 0.027744110673666,
            "lima_938": 0.3672955632209778,
            "lima_951": -0.010155389085412025
        },
        "lima_939": {
            "lima_939": 0.43589502573013306,
            "lima_545": 0.008848405443131924,
            "lima_251": -0.002457171678543091,
            "lima_502": 0.01573881134390831,
            "lima_235": 0.00287920655682683
        },
        "lima_940": {
            "lima_940": 0.38752174377441406,
            "lima_90": 0.008022916503250599,
            "lima_413": 0.015675140544772148,
            "lima_477": 0.03060820698738098,
            "lima_112": 0.003879115218296647
        },
        "lima_941": {
            "lima_941": 0.40015631914138794,
            "lima_946": 0.009192794561386108,
            "lima_932": 0.010057082399725914,
            "lima_62": 0.008871335536241531,
            "lima_57": 0.009801882319152355
        },
        "lima_942": {
            "lima_806": -0.0012180430348962545,
            "lima_921": -0.005032937042415142,
            "lima_211": 0.019019685685634613,
            "lima_905": 0.020771071314811707,
            "lima_942": 0.3681987524032593
        },
        "lima_943": {
            "lima_938": 0.037011973559856415,
            "lima_806": 0.011080684140324593,
            "lima_561": 0.05952432379126549,
            "lima_842": 0.028615441173315048,
            "lima_943": 0.288065105676651
        },
        "lima_944": {
            "lima_944": 0.6999384164810181,
            "lima_967": 0.00992590095847845,
            "lima_893": 0.010280996561050415,
            "lima_951": 0.013090266846120358,
            "lima_960": 0.006533199921250343
        },
        "lima_945": {
            "lima_945": 0.21653467416763306,
            "lima_550": 0.019534166902303696,
            "lima_996": 0.06368695944547653,
            "lima_392": 0.028817448765039444,
            "lima_62": 0.011340323835611343
        },
        "lima_946": {
            "lima_946": 0.43179377913475037,
            "lima_283": 0.015978578478097916,
            "lima_909": 0.01971745304763317,
            "lima_872": 0.03241899982094765,
            "lima_965": 0.02879072166979313
        },
        "lima_947": {
            "lima_947": 0.35970377922058105,
            "lima_526": 0.015524404123425484,
            "lima_516": 0.017252348363399506,
            "lima_941": 0.018910661339759827,
            "lima_817": 0.018735626712441444
        },
        "lima_948": {
            "lima_948": 0.5463547706604004,
            "lima_937": 0.025721801444888115,
            "lima_907": 0.02558436058461666,
            "lima_565": 0.029580585658550262,
            "lima_535": 0.003782758256420493
        },
        "lima_949": {
            "lima_949": 0.3591455817222595,
            "lima_976": -0.011668222956359386,
            "lima_904": 0.02105361595749855,
            "lima_113": 0.005278861615806818,
            "lima_19": 0.010076482780277729
        },
        "lima_950": {
            "lima_950": 0.14512357115745544,
            "lima_127": -0.0020453226752579212,
            "lima_994": -0.02081928960978985,
            "lima_988": 0.009247152134776115,
            "lima_956": -0.009088992141187191
        }
    },
    "58838016": {
        "lima_931": {
            "lima_931": 0.2853502035140991,
            "lima_801": 0.03484674543142319,
            "lima_814": 0.017652757465839386,
            "lima_806": 0.0021342698018997908,
            "lima_808": 0.008724777027964592
        },
        "lima_932": {
            "lima_142": 0.006292981095612049,
            "lima_211": 0.0177678931504488,
            "lima_318": 0.014234840869903564,
            "lima_49": 0.014576729387044907,
            "lima_932": 0.19837188720703125
        },
        "lima_933": {
            "lima_933": 0.4467453360557556,
            "lima_975": 0.08932358026504517,
            "lima_581": 0.014675252139568329,
            "lima_874": 0.037534479051828384,
            "lima_541": 0.012625029310584068
        },
        "lima_934": {
            "lima_934": 0.3360489308834076,
            "lima_893": 0.02846832200884819,
            "lima_492": 0.008942264132201672,
            "lima_951": 0.011450279504060745,
            "lima_127": -0.011497355997562408
        },
        "lima_935": {
            "lima_935": 0.4186718463897705,
            "lima_865": 0.0441889725625515,
            "lima_878": 0.04644985496997833,
            "lima_958": 0.04091288149356842,
            "lima_921": -0.005176086910068989
        },
        "lima_936": {
            "lima_936": 0.35983115434646606,
            "lima_422": 0.017046211287379265,
            "lima_128": 0.0011082238052040339,
            "lima_840": -0.0005400148220360279,
            "lima_929": 0.04915178194642067
        },
        "lima_937": {
            "lima_937": 0.3930080533027649,
            "lima_64": 0.0069579025730490685,
            "lima_998": 0.03610622510313988,
            "lima_982": 0.016719620674848557,
            "lima_965": 0.009139109402894974
        },
        "lima_938": {
            "lima_127": -0.013238279148936272,
            "lima_863": 0.06252536922693253,
            "lima_916": 0.027405036613345146,
            "lima_938": 0.36759912967681885,
            "lima_951": -0.010854722931981087
        },
        "lima_939": {
            "lima_939": 0.4359623193740845,
            "lima_545": 0.009235991165041924,
            "lima_251": -0.002620179206132889,
            "lima_502": 0.015797821804881096,
            "lima_235": 0.0020389878191053867
        },
        "lima_940": {
            "lima_940": 0.38745439052581787,
            "lima_90": 0.008385290391743183,
            "lima_413": 0.014759620651602745,
            "lima_477": 0.030819527804851532,
            "lima_112": 0.003629616927355528
        },
        "lima_941": {
            "lima_941": 0.40041881799697876,
            "lima_946": 0.009159760549664497,
            "lima_932": 0.011098766699433327,