{
    "11767808": {
        "lima_302": {
            "lima_302": 0.31923845410346985,
            "lima_901": 0.010063507594168186,
            "lima_382": 0.0014038152294233441,
            "lima_215": 0.0028472482226788998,
            "lima_928": 0.024310538545250893
        },
        "lima_303": {
            "lima_303": 0.36067068576812744,
            "lima_94": 0.031572483479976654,
            "lima_80": 0.022995902225375175,
            "lima_1": -0.004222043789923191,
            "lima_97": -0.004500715993344784
        },
        "lima_304": {
            "lima_304": 0.469523549079895,
            "lima_272": 0.006568597164005041,
            "lima_281": 0.003098942106589675,
            "lima_290": 0.005754548124969006,
            "lima_196": 0.020447496324777603
        },
        "lima_305": {
            "lima_305": 0.5971310138702393,
            "lima_188": 0.021417075768113136,
            "lima_336": 0.013002729043364525,
            "lima_80": 0.009903045371174812,
            "lima_416": 0.01065488439053297
        },
        "lima_306": {
            "lima_306": 0.4598848819732666,
            "lima_127": -0.015457123517990112,
            "lima_162": 0.0151282399892807,
            "lima_988": 0.02094411291182041,
            "lima_98": 0.0030950484797358513
        },
        "lima_307": {
            "lima_307": 0.5654330253601074,
            "lima_261": 0.04942380264401436,
            "lima_33": 0.0442458912730217,
            "lima_117": 0.029490087181329727,
            "lima_327": 0.020130105316638947
        },
        "lima_308": {
            "lima_308": 0.4353175759315491,
            "lima_290": 0.003930265083909035,
            "lima_248": -0.010197918862104416,
            "lima_22": 0.023515108972787857,
            "lima_808": 0.004581938497722149
        },
        "lima_309": {
            "lima_309": 0.4219728112220764,
            "lima_118": 0.021998625248670578,
            "lima_145": 0.005890181753784418,
            "lima_251": 0.015795940533280373,
            "lima_330": -0.0032346562948077917
        },
        "lima_310": {
            "lima_310": 0.665800154209137,
            "lima_294": 0.027715006843209267,
            "lima_206": 0.011144470423460007,
            "lima_138": 0.013137605041265488,
            "lima_164": 0.00646935822442174
        },
        "lima_311": {
            "lima_311": 0.5767875909805298,
            "lima_109": -0.0010627638548612595,
            "lima_144": 0.007332764565944672,
            "lima_234": 0.001765058608725667,
            "lima_30": 0.014585882425308228
        },
        "lima_312": {
            "lima_383": 0.025535237044095993,
            "lima_312": 0.32784271240234375,
            "lima_95": 0.015068634413182735,
            "lima_327": 0.018469423055648804,
            "lima_134": 0.022084973752498627
        },
        "lima_313": {
            "lima_313": 0.4708983600139618,
            "lima_228": 0.035338349640369415,
            "lima_56": 0.023018287494778633,
            "lima_215": 0.011974649503827095,
            "lima_347": 0.009707950055599213
        },
        "lima_314": {
            "lima_314": 0.6896119713783264,
            "lima_78": 0.017090126872062683,
            "lima_116": 0.033861443400382996,
            "lima_87": 0.011787417344748974,
            "lima_231": 0.00865149311721325
        },
        "lima_315": {
            "lima_315": 0.3076574206352234,
            "lima_374": -0.008357279002666473,
            "lima_247": 0.015408252365887165,
            "lima_158": 0.008422046899795532,
            "lima_169": 0.003361571580171585
        },
        "lima_316": {
            "lima_316": 0.7420763969421387,
            "lima_92": 0.02575720101594925,
            "lima_345": 0.014460185542702675,
            "lima_189": 0.005646112374961376,
            "lima_507": 0.005458556115627289
        },
        "lima_317": {
            "lima_317": 0.3216293752193451,
            "lima_290": -0.0010643218411132693,
            "lima_162": 0.004658234305679798,
            "lima_905": 0.010500065982341766,
            "lima_229": -0.011963823810219765
        },
        "lima_318": {
            "lima_318": 0.28716325759887695,
            "lima_381": 0.0004479870549403131,
            "lima_203": 0.02726433426141739,
            "lima_374": -0.008111981675028801,
            "lima_175": 0.02324962429702282
        },
        "lima_319": {
            "lima_319": 0.6087323427200317,
            "lima_45": 0.009163576178252697,
            "lima_395": 0.010787027888000011,
            "lima_162": 0.01786050945520401,
            "lima_287": 0.01017095148563385
        },
        "lima_320": {
            "lima_320": 0.45584726333618164,
            "lima_393": 0.012615859508514404,
            "lima_188": 0.010364742949604988,
            "lima_83": 0.019808832556009293,
            "lima_123": 0.00480198347941041
        },
        "lima_321": {
            "lima_321": 0.47857803106307983,
            "lima_137": 0.013788041658699512,
            "lima_229": 0.020547065883874893,
            "lima_618": -0.0015921798767521977,
            "lima_262": 0.007359841372817755
        }
    },
    "58838016": {
        "lima_302": {
            "lima_302": 0.31927862763404846,
            "lima_901": 0.010749034583568573,
            "lima_382": 0.0017376587493345141,
            "lima_215": 0.0021542971953749657,
            "lima_928": 0.024215243756771088
        },
        "lima_303": {
            "lima_303": 0.3607884645462036,
            "lima_94": 0.0313984751701355,
            "lima_80": 0.022911418229341507,
            "lima_1": -0.004091151989996433,
            "lima_97": -0.004864911548793316
        },
        "lima_304": {
            "lima_304": 0.4695546627044678,
            "lima_272": 0.007316119037568569,
            "lima_281": 0.0026748557575047016,
            "lima_290": 0.005950575694441795,
            "lima_196": 0.020766643807291985
        },
        "lima_305": {
            "lima_305": 0.5975800156593323,
            "lima_188": 0.021316003054380417,
            "lima_336": 0.01274094171822071,
            "lima_80": 0.00990904401987791,
            "lima_416": 0.010717696510255337
        },
        "lima_306": {
            "lima_306": 0.46005725860595703,
            "lima_127": -0.015190505422651768,
            "lima_162": 0.015368521213531494,
            "lima_988": 0.020879313349723816,
            "lima_98": 0.003529092762619257
        },
        "lima_307": {
            "lima_307": 0.5655333995819092,
            "lima_261": 0.049465544521808624,
            "lima_33": 0.04413764923810959,
            "lima_117": 0.029027573764324188,
            "lima_327": 0.02008092775940895
        },
        "lima_308": {
            "lima_308": 0.4354163408279419,
            "lima_290": 0.0034179368522018194,
            "lima_248": -0.010042870417237282,
            "lima_22": 0.02356874756515026,
            "lima_808": 0.004316745325922966
        },
        "lima_309": {
            "lima_309": 0.42201435565948486,
            "lima_118": 0.02157333865761757,
            "lima_145": 0.006156842224299908,
            "lima_251": 0.015585760585963726,
            "lima_330": -0.0032364260405302048
        },
        "lima_310": {
            "lima_310": 0.6656709909439087,
            "lima_294": 0.027722641825675964,
            "lima_206": 0.01134568639099598,
            "lima_138": 0.01281788945198059,
            "lima_164": 0.006686922162771225
        },
        "lima_311": {
            "lima_311": 0.5771267414093018,
            "lima_109": -0.0016251836204901338,
            "lima_144": 0.007362012285739183,
            "lima_234": 0.0018622345523908734,
            "lima_30": 0.013843596912920475
        },
        "lima_312": {
            "lima_383": 0.025394245982170105,
            "lima_312": 0.32739710807800293,
            "lima_95": 0.01518535427749157,