{
    "11767808": {
        "lima_60": {
            "lima_60": 0.3302149772644043,
            "lima_192": 0.0028281230479478836,
            "lima_37": 0.028136126697063446,
            "lima_267": 0.02651735208928585,
            "lima_296": 0.010355984792113304
        },
        "lima_61": {
            "lima_61": 0.5809112191200256,
            "lima_122": 0.0003766290028579533,
            "lima_83": 0.001886930549517274,
            "lima_56": 0.006990248337388039,
            "lima_896": -0.008341817185282707
        },
        "lima_62": {
            "lima_62": 0.3612631559371948,
            "lima_112": 0.04376351088285446,
            "lima_374": -0.00258162384852767,
            "lima_211": 0.012453427538275719,
            "lima_93": -0.00010915560415014625
        },
        "lima_63": {
            "lima_63": 0.39806199073791504,
            "lima_295": 0.002180610317736864,
            "lima_724": -0.0008593437378294766,
            "lima_317": 0.005074409767985344,
            "lima_177": 0.00657276064157486
        },
        "lima_64": {
            "lima_64": 0.7377626299858093,
            "lima_163": -0.004076763987541199,
            "lima_166": 0.012014316394925117,
            "lima_248": 0.006967000663280487,
            "lima_211": 0.03629332780838013
        },
        "lima_65": {
            "lima_65": 0.4844990670681,
            "lima_805": 0.0043216547928750515,
            "lima_205": 0.004934751428663731,
            "lima_0": -0.014423996210098267,
            "lima_294": 0.009004300460219383
        },
        "lima_66": {
            "lima_66": 0.5727235078811646,
            "lima_42": 0.018789060413837433,
            "lima_218": 0.006539684254676104,
            "lima_37": 0.027344096451997757,
            "lima_82": 0.015518978238105774
        },
        "lima_67": {
            "lima_67": 0.5237066745758057,
            "lima_237": 0.018684718757867813,
            "lima_364": 0.013067329302430153,
            "lima_93": 0.003331563901156187,
            "lima_376": 0.002068020636215806
        },
        "lima_68": {
            "lima_68": 0.4005790948867798,
            "lima_69": 0.012996774166822433,
            "lima_209": -0.003833305323496461,
            "lima_86": 0.01813429594039917,
            "lima_389": -0.0070693595334887505
        },
        "lima_69": {
            "lima_69": 0.3593113422393799,
            "lima_255": 0.03290907293558121,
            "lima_110": 0.015639442950487137,
            "lima_377": 0.01710241287946701,
            "lima_166": 0.008981296792626381
        },
        "lima_70": {
            "lima_952": 0.02627081796526909,
            "lima_905": 0.024820588529109955,
            "lima_391": -0.007699938025325537,
            "lima_393": 0.012270098552107811,
            "lima_70": 0.40376532077789307
        },
        "lima_71": {
            "lima_71": 0.6829986572265625,
            "lima_310": 0.05468636378645897,
            "lima_164": 0.011045398190617561,
            "lima_109": 0.02729514241218567,
            "lima_143": 0.010777652263641357
        },
        "lima_72": {
            "lima_72": 0.5365505218505859,
            "lima_116": 0.04660186916589737,
            "lima_109": 0.01960029825568199,
            "lima_87": -0.0012907340424135327,
            "lima_163": -0.0061290692538022995
        },
        "lima_73": {
            "lima_73": 0.6672279834747314,
            "lima_290": 0.003927427344024181,
            "lima_252": 0.004643465392291546,
            "lima_22": 0.02821740321815014,
            "lima_491": 0.015651702880859375
        },
        "lima_74": {
            "lima_74": 0.4598935842514038,
            "lima_348": 0.03189153969287872,
            "lima_169": 0.020757950842380524,
            "lima_433": 0.00940057821571827,
            "lima_286": -0.0015805884031578898
        },
        "lima_75": {
            "lima_75": 0.4194604754447937,
            "lima_62": 0.023134790360927582,
            "lima_256": 0.02335721254348755,
            "lima_171": 0.011736618354916573,
            "lima_897": 0.029774656519293785
        },
        "lima_76": {
            "lima_76": 0.7795189619064331,
            "lima_326": 0.014874681830406189,
            "lima_56": 0.017941415309906006,
            "lima_223": 0.00839196890592575,
            "lima_367": 0.0031725801527500153
        },
        "lima_77": {
            "lima_77": 0.24652960896492004,
            "lima_434": 0.05626476928591728,
            "lima_928": 0.024605391547083855,
            "lima_227": 0.01943107321858406,
            "lima_435": 0.06998640298843384
        },
        "lima_78": {
            "lima_78": 0.58937668800354,
            "lima_376": 0.016751989722251892,
            "lima_191": 0.012020591646432877,
            "lima_190": 0.001217581215314567,
            "lima_368": 0.0029217307455837727
        },
        "lima_79": {
            "lima_79": 0.5396696329116821,
            "lima_140": 0.013801665976643562,
            "lima_548": 0.01121111586689949,
            "lima_332": 0.012868404388427734,
            "lima_465": 0.01810658909380436
        }
    },
    "58838016": {
        "lima_60": {
            "lima_60": 0.3299296796321869,
            "lima_192": 0.0024823006242513657,
            "lima_37": 0.02817659080028534,
            "lima_267": 0.02665777876973152,
            "lima_296": 0.011074920184910297
        },
        "lima_61": {
            "lima_61": 0.5807444453239441,
            "lima_122": 0.0003339198010507971,
            "lima_83": 0.0020195692777633667,
            "lima_56": 0.007022545672953129,
            "lima_896": -0.008168638683855534
        },
        "lima_62": {
            "lima_62": 0.3614743947982788,
            "lima_112": 0.04393346607685089,
            "lima_374": -0.0018124273046851158,
            "lima_211": 0.012418895959854126,
            "lima_93": -0.00011407284182496369
        },
        "lima_63": {
            "lima_63": 0.3982335329055786,
            "lima_295": 0.0021127969957888126,
            "lima_724": -0.0003429431526456028,
            "lima_317": 0.005625810474157333,
            "lima_177": 0.006217022426426411
        },
        "lima_64": {
            "lima_64": 0.7380419373512268,
            "lima_163": -0.004231337923556566,
            "lima_166": 0.011685775592923164,
            "lima_248": 0.007126520853489637,
            "lima_211": 0.03604801744222641
        },
        "lima_65": {
            "lima_65": 0.48444730043411255,
            "lima_805": 0.004577499348670244,
            "lima_205": 0.004974411800503731,
            "lima_0": -0.014395025558769703,
            "lima_294": 0.009110169485211372
        },
        "lima_66": {
            "lima_66": 0.5725692510604858,
            "lima_42": 0.018565382808446884,
            "lima_218": 0.006585742346942425,
            "lima_37": 0.02803305722773075,
            "lima_82": 0.015891768038272858
        },
        "lima_67": {
            "lima_67": 0.5233259201049805,
            "lima_237": 0.01871420443058014,
            "lima_364": 0.013480286113917828,
            "lima_93": 0.003545384155586362,
            "lima_376": 0.0017314149299636483
        },
        "lima_68": {
            "lima_68": 0.4005984663963318,
            "lima_69": 0.013046842068433762,
            "lima_209": -0.004105630796402693,
            "lima_86": 0.018401887267827988,
            "lima_389": -0.007416300009936094
        },
        "lima_69": {
            "lima_69": 0.358955442905426,
            "lima_255": 0.032869402319192886,
            "lima_110": 0.016093935817480087,
            "lima_377": 0.017017319798469543,
            "lima_166": 0.008790837600827217
        },
        "lima_70": {
            "lima_952": 0.02580469474196434,
            "lima_905": 0.024571210145950317,
            "lima_391": -0.007806498557329178,
            "lima_393": 0.012475048191845417,