{
    "11767808": {
        "lima_891": {
            "lima_891": 0.5089086294174194,
            "lima_898": 0.09817402809858322,
            "lima_929": 0.07355035096406937,
            "lima_780": 0.027945179492235184,
            "lima_986": 0.01901690661907196
        },
        "lima_892": {
            "lima_892": 0.41526639461517334,
            "lima_463": 0.007845226675271988,
            "lima_859": 0.018607527017593384,
            "lima_868": 0.035595834255218506,
            "lima_774": 0.01023280993103981
        },
        "lima_893": {
            "lima_893": 0.332499623298645,
            "lima_235": 0.01601346954703331,
            "lima_997": 0.04424506425857544,
            "lima_237": 0.01365936640650034,
            "lima_872": 0.04984410107135773
        },
        "lima_894": {
            "lima_894": 0.41696661710739136,
            "lima_550": 0.017850589007139206,
            "lima_705": 0.023227306082844734,
            "lima_992": 0.029266076162457466,
            "lima_889": 0.053306467831134796
        },
        "lima_895": {
            "lima_895": 0.41336920857429504,
            "lima_290": 0.0008225460187532008,
            "lima_42": 0.011008597910404205,
            "lima_993": 0.021719953045248985,
            "lima_850": 0.024166004732251167
        },
        "lima_896": {
            "lima_896": 0.6127094030380249,
            "lima_997": 0.049477871507406235,
            "lima_127": -0.0012977104634046555,
            "lima_927": 0.030857956036925316,
            "lima_485": 0.014733321964740753
        },
        "lima_897": {
            "lima_897": 0.40661776065826416,
            "lima_162": 0.002443669829517603,
            "lima_905": 0.03590292111039162,
            "lima_819": 0.013952260836958885,
            "lima_808": 0.013065632432699203
        },
        "lima_898": {
            "lima_550": 0.015920817852020264,
            "lima_996": 0.039227746427059174,
            "lima_199": 0.003293174784630537,
            "lima_919": 0.014641519635915756,
            "lima_898": 0.29361608624458313
        },
        "lima_899": {
            "lima_1": 0.010708845220506191,
            "lima_37": 0.02566283382475376,
            "lima_175": 0.013388631865382195,
            "lima_296": 0.003736265003681183,
            "lima_899": 0.34479251503944397
        },
        "lima_900": {
            "lima_900": 0.3949431777000427,
            "lima_499": 0.03009936958551407,
            "lima_999": 0.041176341474056244,
            "lima_902": 0.033575691282749176,
            "lima_915": 0.026875987648963928
        },
        "lima_901": {
            "lima_915": 0.024389389902353287,
            "lima_873": 0.006319148000329733,
            "lima_923": 0.015788549557328224,
            "lima_846": 0.006523983087390661,
            "lima_901": 0.1922782063484192
        },
        "lima_902": {
            "lima_374": -0.013832471333444118,
            "lima_203": 0.004625675268471241,
            "lima_283": 0.018919343128800392,
            "lima_228": 0.0013033527648076415,
            "lima_902": 0.283616304397583
        },
        "lima_903": {
            "lima_903": 0.3089659810066223,
            "lima_819": 0.01207016035914421,
            "lima_417": 0.008569377474486828,
            "lima_374": 0.0014490196481347084,
            "lima_950": -0.014753366820514202
        },
        "lima_904": {
            "lima_904": 0.45814943313598633,
            "lima_211": 0.009288566187024117,
            "lima_147": 0.011215176433324814,
            "lima_997": 0.059875231236219406,
            "lima_909": 0.0416383221745491
        },
        "lima_905": {
            "lima_905": 0.4135902523994446,
            "lima_593": 0.01123835425823927,
            "lima_64": 0.007856274954974651,
            "lima_808": 0.023332886397838593,
            "lima_812": 0.009617509320378304
        },
        "lima_906": {
            "lima_906": 0.4118180274963379,
            "lima_930": 0.002885043155401945,
            "lima_92": 0.007409519515931606,
            "lima_905": 0.008183209225535393,
            "lima_123": -0.0011732917046174407
        },
        "lima_907": {
            "lima_905": 0.04988774284720421,
            "lima_290": -0.0007831045659258962,
            "lima_808": 0.021512681618332863,
            "lima_418": 0.01915370300412178,
            "lima_907": 0.2868582606315613
        },
        "lima_908": {
            "lima_908": 0.3081017732620239,
            "lima_893": 0.02091851457953453,
            "lima_413": 0.014868859201669693,
            "lima_136": 0.0030595443677157164,
            "lima_938": 0.01975724846124649
        },
        "lima_909": {
            "lima_82": 0.021445555612444878,
            "lima_66": 0.021146727725863457,
            "lima_377": 0.023052990436553955,
            "lima_287": 0.01320718228816986,
            "lima_909": 0.06901003420352936
        },
        "lima_910": {
            "lima_382": 0.013166004791855812,
            "lima_228": -0.002337701851502061,
            "lima_200": 0.010337216779589653,
            "lima_905": 0.020944658666849136,
            "lima_910": 0.197464257478714
        }
    },
    "58838016": {
        "lima_891": {
            "lima_891": 0.5086754560470581,
            "lima_898": 0.09787777066230774,
            "lima_929": 0.07293686270713806,
            "lima_780": 0.027578596025705338,
            "lima_986": 0.01938433200120926
        },
        "lima_892": {
            "lima_892": 0.41539710760116577,
            "lima_463": 0.00801208708435297,
            "lima_859": 0.019005563110113144,
            "lima_868": 0.03493882715702057,
            "lima_774": 0.010263693518936634
        },
        "lima_893": {
            "lima_893": 0.3328520357608795,
            "lima_235": 0.01564711332321167,
            "lima_997": 0.04435542970895767,
            "lima_237": 0.013869510032236576,
            "lima_872": 0.05006963759660721
        },
        "lima_894": {
            "lima_894": 0.4169153571128845,
            "lima_550": 0.0179244764149189,
            "lima_705": 0.023369058966636658,
            "lima_992": 0.029441028833389282,
            "lima_889": 0.053365882486104965
        },
        "lima_895": {
            "lima_895": 0.4138389229774475,
            "lima_290": 0.000686726882122457,
            "lima_42": 0.010891307145357132,
            "lima_993": 0.021280448883771896,
            "lima_850": 0.024495992809534073
        },
        "lima_896": {
            "lima_896": 0.6124535799026489,
            "lima_997": 0.049483221024274826,
            "lima_127": -0.0013618888333439827,
            "lima_927": 0.030896635726094246,
            "lima_485": 0.014527471736073494
        },
        "lima_897": {
            "lima_897": 0.40665119886398315,
            "lima_162": 0.002010284923017025,
            "lima_905": 0.035659752786159515,
            "lima_819": 0.014999963343143463,
            "lima_808": 0.01280875876545906
        },
        "lima_898": {
            "lima_550": 0.015568878501653671,
            "lima_996": 0.03959355875849724,
            "lima_199": 0.0030873604118824005,
            "lima_919": 0.014888139441609383,
            "lima_898": 0.29315346479415894
        },
        "lima_899": {
            "lima_1": 0.010127718560397625,
            "lima_37": 0.025882693007588387,
            "lima_175": 0.01355673372745514,
            "lima_296": 0.004261212423443794,
            "lima_899": 0.344594806432724
        },
        "lima_900": {
            "lima_900": 0.39460569620132446,
            "lima_499": 0.029369864612817764,
            "lima_999": 0.04110020399093628,
            "lima_902": 0.0326431468129158,
            "lima_915": 0.02687116712331772
        },
        "lima_901": {
            "lima_915": 0.02495570294559002,
            "lima_873": 0.006494898349046707,
            "lima_923": 0.015747498720884323,