{
    "11767808": {
        "lima_628": {
            "lima_628": 0.42542794346809387,
            "lima_374": -0.014016477391123772,
            "lima_306": 0.015803344547748566,
            "lima_512": 0.041962653398513794,
            "lima_588": 0.03842313215136528
        },
        "lima_629": {
            "lima_629": 0.1718316376209259,
            "lima_80": 0.016875136643648148,
            "lima_589": 0.08019527792930603,
            "lima_512": 0.0584024153649807,
            "lima_588": 0.02774227410554886
        },
        "lima_630": {
            "lima_55": 0.03996730595827103,
            "lima_587": 0.03207907825708389,
            "lima_249": 0.017982177436351776,
            "lima_583": 0.02969503402709961,
            "lima_630": 0.5367584228515625
        },
        "lima_631": {
            "lima_631": 0.45808565616607666,
            "lima_587": 0.025235643610358238,
            "lima_583": 0.029038015753030777,
            "lima_988": 0.0230620838701725,
            "lima_551": 0.03166120499372482
        },
        "lima_632": {
            "lima_632": 0.523941159248352,
            "lima_793": 0.02170630544424057,
            "lima_539": 0.013164475560188293,
            "lima_951": -0.015134073793888092,
            "lima_306": 0.011540042236447334
        },
        "lima_633": {
            "lima_633": 0.3528905510902405,
            "lima_134": 0.014982719905674458,
            "lima_463": 0.014701778069138527,
            "lima_249": 0.015423165634274483,
            "lima_677": 0.033449966460466385
        },
        "lima_634": {
            "lima_634": 0.35760068893432617,
            "lima_48": 0.01556029636412859,
            "lima_169": 0.0027072401717305183,
            "lima_437": 0.007973951287567616,
            "lima_241": 0.013660602271556854
        },
        "lima_635": {
            "lima_635": 0.509400486946106,
            "lima_374": -0.01778673194348812,
            "lima_195": 0.02159849740564823,
            "lima_512": 0.04808666929602623,
            "lima_588": 0.03925694152712822
        },
        "lima_636": {
            "lima_636": 0.3660160005092621,
            "lima_462": 0.033207859843969345,
            "lima_587": 0.024271979928016663,
            "lima_73": 0.03350478410720825,
            "lima_315": 0.009488401003181934
        },
        "lima_637": {
            "lima_637": 0.3424903452396393,
            "lima_374": -0.01461429987102747,
            "lima_588": 0.01102113351225853,
            "lima_380": 0.02025667577981949,
            "lima_98": 0.008017560467123985
        },
        "lima_638": {
            "lima_638": 0.44794827699661255,
            "lima_60": 0.009805786423385143,
            "lima_180": 0.035106100142002106,
            "lima_512": 0.022814450785517693,
            "lima_588": 0.027742354199290276
        },
        "lima_639": {
            "lima_134": 0.021341238170862198,
            "lima_305": 0.0131686981767416,
            "lima_6": 0.006807037629187107,
            "lima_40": -0.0012616874882951379,
            "lima_639": 0.3961726427078247
        },
        "lima_640": {
            "lima_587": 0.018699537962675095,
            "lima_137": 0.017530998215079308,
            "lima_640": 0.21341398358345032,
            "lima_462": 0.031546786427497864,
            "lima_147": 0.009792101569473743
        },
        "lima_641": {
            "lima_587": 0.020816361531615257,
            "lima_641": 0.3956945538520813,
            "lima_583": 0.028572846204042435,
            "lima_551": 0.024726012721657753,
            "lima_195": 0.02485954761505127
        },
        "lima_642": {
            "lima_642": 0.3920634984970093,
            "lima_587": 0.01916409283876419,
            "lima_256": 0.013909359462559223,
            "lima_583": 0.03346718102693558,
            "lima_169": -0.00228408956900239
        },
        "lima_643": {
            "lima_316": 0.013298973441123962,
            "lima_40": 0.00841799471527338,
            "lima_643": 0.40057092905044556,
            "lima_195": 0.018691454082727432,
            "lima_31": 0.0006499402225017548
        },
        "lima_644": {
            "lima_644": 0.4569280743598938,
            "lima_349": 0.009657483547925949,
            "lima_374": -0.0024060560390353203,
            "lima_123": -0.003411242738366127,
            "lima_512": 0.025175927206873894
        },
        "lima_645": {
            "lima_645": 0.3828943371772766,
            "lima_80": 0.012952449731528759,
            "lima_205": 0.02188423089683056,
            "lima_512": 0.027117066085338593,
            "lima_588": 0.03087196871638298
        },
        "lima_646": {
            "lima_646": 0.350854754447937,
            "lima_587": 0.020859207957983017,
            "lima_492": -0.0006994360010139644,
            "lima_910": 0.0114394910633564,
            "lima_531": 0.018602926284074783
        },
        "lima_647": {
            "lima_647": 0.3811066150665283,
            "lima_587": 0.021844763308763504,
            "lima_41": 0.005524645559489727,
            "lima_306": 0.01401335746049881,
            "lima_151": 0.022177474573254585
        }
    },
    "58838016": {
        "lima_628": {
            "lima_628": 0.425299733877182,
            "lima_374": -0.014060255140066147,
            "lima_306": 0.016379661858081818,
            "lima_512": 0.04196438193321228,
            "lima_588": 0.03839927166700363
        },
        "lima_629": {
            "lima_629": 0.17231783270835876,
            "lima_80": 0.01676034927368164,
            "lima_589": 0.08042602241039276,
            "lima_512": 0.05822402238845825,
            "lima_588": 0.027452591806650162
        },
        "lima_630": {
            "lima_55": 0.04051246494054794,
            "lima_587": 0.0323759987950325,
            "lima_249": 0.018049612641334534,
            "lima_583": 0.02942041866481304,
            "lima_630": 0.5368621945381165
        },
        "lima_631": {
            "lima_631": 0.45791423320770264,
            "lima_587": 0.025250116363167763,
            "lima_583": 0.02892545610666275,
            "lima_988": 0.0229489766061306,
            "lima_551": 0.03171118348836899
        },
        "lima_632": {
            "lima_632": 0.5234883427619934,
            "lima_793": 0.021459098905324936,
            "lima_539": 0.01322370208799839,
            "lima_951": -0.015148556791245937,
            "lima_306": 0.01165853627026081
        },
        "lima_633": {
            "lima_633": 0.3524989187717438,
            "lima_134": 0.014769667759537697,
            "lima_463": 0.014940451830625534,
            "lima_249": 0.015198716893792152,
            "lima_677": 0.033723145723342896
        },
        "lima_634": {
            "lima_634": 0.3574163019657135,
            "lima_48": 0.01573517546057701,
            "lima_169": 0.0026606153696775436,
            "lima_437": 0.007967324927449226,
            "lima_241": 0.013962849974632263
        },
        "lima_635": {
            "lima_635": 0.5091125965118408,
            "lima_374": -0.01806003600358963,
            "lima_195": 0.021575946360826492,
            "lima_512": 0.047612231224775314,
            "lima_588": 0.03884577751159668
        },
        "lima_636": {
            "lima_636": 0.36601465940475464,
            "lima_462": 0.03294637054204941,
            "lima_587": 0.024188896641135216,
            "lima_73": 0.03339560329914093,
            "lima_315": 0.00976993516087532
        },
        "lima_637": {
            "lima_637": 0.34271329641342163,
            "lima_374": -0.014963723719120026,
            "lima_588": 0.011089872568845749,
            "lima_380": 0.020650513470172882,
            "lima_98": 0.008402476087212563
        },
        "lima_638": {
            "lima_638": 0.4482173025608063,
            "lima_60": 0.00976479984819889,
            "lima_180": 0.035581074655056,
            "lima_512": 0.023430120199918747,