{
    "11767808": {
        "lima_20": {
            "lima_20": 0.4088016152381897,
            "lima_391": 0.0001387027296004817,
            "lima_167": 0.03358302265405655,
            "lima_316": 0.011628485284745693,
            "lima_230": 0.015886906534433365
        },
        "lima_21": {
            "lima_21": 0.7165892124176025,
            "lima_459": 0.025657646358013153,
            "lima_840": 0.019044917076826096,
            "lima_89": 0.008830889128148556,
            "lima_137": 0.01640072464942932
        },
        "lima_22": {
            "lima_22": 0.28793030977249146,
            "lima_290": -0.004507297649979591,
            "lima_37": 0.033400580286979675,
            "lima_169": 0.02074969932436943,
            "lima_211": 0.0065687913447618484
        },
        "lima_23": {
            "lima_23": 0.7278614640235901,
            "lima_961": 0.006144961342215538,
            "lima_380": 0.009810376912355423,
            "lima_56": 0.010444609448313713,
            "lima_319": 0.005365211516618729
        },
        "lima_24": {
            "lima_24": 0.8756550550460815,
            "lima_56": 0.003010402899235487,
            "lima_27": 0.017275692895054817,
            "lima_205": 0.0072983261197805405,
            "lima_348": 0.007659535855054855
        },
        "lima_25": {
            "lima_25": 0.7037306427955627,
            "lima_23": -0.0049515459686517715,
            "lima_462": 0.015574132092297077,
            "lima_570": -0.0022900612093508244,
            "lima_6": -0.0005767460097558796
        },
        "lima_26": {
            "lima_26": 0.40599286556243896,
            "lima_23": 0.02030443400144577,
            "lima_345": -0.002113178838044405,
            "lima_89": 0.013565804809331894,
            "lima_45": 0.0100924763828516
        },
        "lima_27": {
            "lima_27": 0.5107229351997375,
            "lima_190": 0.0025537421461194754,
            "lima_95": -0.0008218082948587835,
            "lima_376": 0.011520231142640114,
            "lima_78": 0.022191209718585014
        },
        "lima_28": {
            "lima_28": 0.44915997982025146,
            "lima_625": 0.0696093887090683,
            "lima_494": 0.023782625794410706,
            "lima_161": 0.04431541636586189,
            "lima_361": 0.027372753247618675
        },
        "lima_29": {
            "lima_29": 0.4442540407180786,
            "lima_162": 0.010525383055210114,
            "lima_769": 0.031904321163892746,
            "lima_237": 0.012366877868771553,
            "lima_982": 0.009604152292013168
        },
        "lima_30": {
            "lima_30": 0.4470738470554352,
            "lima_98": -0.007229189854115248,
            "lima_393": 0.013925375416874886,
            "lima_138": 0.014181477017700672,
            "lima_3": 0.020305244252085686
        },
        "lima_31": {
            "lima_31": 0.6889113187789917,
            "lima_259": 0.0017487475415691733,
            "lima_11": 0.014384622685611248,
            "lima_162": 0.018920786678791046,
            "lima_256": 0.006423439830541611
        },
        "lima_32": {
            "lima_32": 0.24659283459186554,
            "lima_459": 0.030905526131391525,
            "lima_284": 0.023906387388706207,
            "lima_228": 6.153201684355736e-05,
            "lima_210": 0.01953657530248165
        },
        "lima_33": {
            "lima_33": 0.4952917695045471,
            "lima_135": 0.012824210338294506,
            "lima_972": 0.02375360019505024,
            "lima_440": 0.0066916244104504585,
            "lima_51": 0.02166973613202572
        },
        "lima_34": {
            "lima_34": 0.5033211708068848,
            "lima_203": 0.01115400530397892,
            "lima_179": 0.00841199979186058,
            "lima_145": 0.017117587849497795,
            "lima_1": -0.0014023989206179976
        },
        "lima_35": {
            "lima_35": 0.5052467584609985,
            "lima_87": 0.024322696030139923,
            "lima_119": 0.0448947548866272,
            "lima_92": 0.01572410762310028,
            "lima_364": 0.020592721179127693
        },
        "lima_36": {
            "lima_36": 0.42909473180770874,
            "lima_64": 0.004499454982578754,
            "lima_374": -0.0014145851600915194,
            "lima_226": 0.00046650500735267997,
            "lima_227": 0.009244220331311226
        },
        "lima_37": {
            "lima_37": 0.2816852927207947,
            "lima_283": 0.011737309396266937,
            "lima_203": 0.019108932465314865,
            "lima_374": -0.017700660973787308,
            "lima_524": 0.009572473354637623
        },
        "lima_38": {
            "lima_38": 0.4332086443901062,
            "lima_34": -0.0021890592761337757,
            "lima_256": 0.007065793499350548,
            "lima_196": 0.01023765467107296,
            "lima_15": 0.01087259128689766
        },
        "lima_39": {
            "lima_39": 0.4791499078273773,
            "lima_101": 0.02760987915098667,
            "lima_158": 0.006344296969473362,
            "lima_221": 0.007009338587522507,
            "lima_196": 0.014508534222841263
        }
    },
    "58838016": {
        "lima_20": {
            "lima_20": 0.4086958169937134,
            "lima_391": 0.0005060478579252958,
            "lima_167": 0.03352143615484238,
            "lima_316": 0.011298872530460358,
            "lima_230": 0.016728948801755905
        },
        "lima_21": {
            "lima_21": 0.7165141105651855,
            "lima_459": 0.02546510100364685,
            "lima_840": 0.019259903579950333,
            "lima_89": 0.00903853215277195,
            "lima_137": 0.015515993349254131
        },
        "lima_22": {
            "lima_22": 0.28775233030319214,
            "lima_290": -0.004912657663226128,
            "lima_37": 0.03321923688054085,
            "lima_169": 0.02031094580888748,
            "lima_211": 0.006887457799166441
        },
        "lima_23": {
            "lima_23": 0.7279828786849976,
            "lima_961": 0.006492666434496641,
            "lima_380": 0.010278534144163132,
            "lima_56": 0.010386696085333824,
            "lima_319": 0.005232224240899086
        },
        "lima_24": {
            "lima_24": 0.875725269317627,
            "lima_56": 0.0032754314597696066,
            "lima_27": 0.01794768124818802,
            "lima_205": 0.006770075764507055,
            "lima_348": 0.007940269075334072
        },
        "lima_25": {
            "lima_25": 0.7037078738212585,
            "lima_23": -0.004355233162641525,
            "lima_462": 0.01554088108241558,
            "lima_570": -0.0017601605504751205,
            "lima_6": -0.0003987406671512872
        },
        "lima_26": {
            "lima_26": 0.405962198972702,
            "lima_23": 0.02029816433787346,
            "lima_345": -0.001591967884451151,
            "lima_89": 0.014444788917899132,
            "lima_45": 0.009936999529600143
        },
        "lima_27": {
            "lima_27": 0.5102328658103943,
            "lima_190": 0.0031052918639034033,
            "lima_95": -0.0005410712910816073,
            "lima_376": 0.01196583267301321,
            "lima_78": 0.02188980020582676
        },
        "lima_28": {
            "lima_28": 0.44858473539352417,
            "lima_625": 0.06917241215705872,
            "lima_494": 0.023447345942258835,
            "lima_161": 0.04399922862648964,
            "lima_361": 0.0277257040143013
        },
        "lima_29": {
            "lima_29": 0.4445496201515198,
            "lima_162": 0.010386582463979721,
            "lima_769": 0.03240090608596802,
            "lima_237": 0.012472223490476608,
            "lima_982": 0.009839174337685108
        },
        "lima_30": {
            "lima_30": 0.447037011384964,
            "lima_98": -0.007476333528757095,
            "lima_393": 0.013683034107089043,
            "lima_138": 0.014183683320879936,