{
    "11767808": {
        "lima_564": {
            "lima_964": 0.015428008511662483,
            "lima_965": 0.010424596257507801,
            "lima_966": 0.004670002497732639,
            "lima_967": 0.014120783656835556,
            "lima_564": 0.04329027235507965
        },
        "lima_565": {
            "lima_565": 0.6141101121902466,
            "lima_687": 0.020510906353592873,
            "lima_654": 0.04845012351870537,
            "lima_667": 0.014342248439788818,
            "lima_414": 0.0107159074395895
        },
        "lima_566": {
            "lima_80": 0.027910497039556503,
            "lima_393": 0.012535199522972107,
            "lima_8": 0.004392929375171661,
            "lima_11": 0.018963774666190147,
            "lima_566": 0.46652933955192566
        },
        "lima_567": {
            "lima_567": 0.42435646057128906,
            "lima_392": 0.023769499734044075,
            "lima_250": 0.00013466336531564593,
            "lima_437": 0.01433427631855011,
            "lima_627": 0.013543430715799332
        },
        "lima_568": {
            "lima_568": 0.5295236706733704,
            "lima_191": 0.0006052976241335273,
            "lima_881": 0.015160663053393364,
            "lima_488": 0.016010858118534088,
            "lima_37": -0.006774215027689934
        },
        "lima_569": {
            "lima_569": 0.17720748484134674,
            "lima_506": 0.054847389459609985,
            "lima_803": 0.00459873303771019,
            "lima_806": 0.009814070537686348,
            "lima_839": 0.04815959557890892
        },
        "lima_570": {
            "lima_570": 0.6805469393730164,
            "lima_15": -0.004587053321301937,
            "lima_25": 0.006260962225496769,
            "lima_5": -0.005444962531328201,
            "lima_274": 0.009202852845191956
        },
        "lima_571": {
            "lima_571": 0.5272111296653748,
            "lima_123": 0.022799495607614517,
            "lima_374": -0.0003485743363853544,
            "lima_158": 0.0155794071033597,
            "lima_270": 0.01679975353181362
        },
        "lima_572": {
            "lima_841": -0.00022491111303679645,
            "lima_418": 0.007084077224135399,
            "lima_364": 0.015341541729867458,
            "lima_98": 0.0036805043928325176,
            "lima_572": 0.37796640396118164
        },
        "lima_573": {
            "lima_573": 0.7751463651657104,
            "lima_463": 0.05454437807202339,
            "lima_23": 0.007926061749458313,
            "lima_213": 0.010027140378952026,
            "lima_8": 0.003140639280900359
        },
        "lima_574": {
            "lima_574": 0.3662048578262329,
            "lima_417": 0.006421456579118967,
            "lima_903": -0.034637000411748886,
            "lima_970": 0.014032486826181412,
            "lima_486": 0.01876995339989662
        },
        "lima_575": {
            "lima_575": 0.4387999475002289,
            "lima_553": -0.013541247695684433,
            "lima_852": -0.005176647566258907,
            "lima_478": 0.029053257778286934,
            "lima_454": 0.011787435971200466
        },
        "lima_576": {
            "lima_576": 0.5325922966003418,
            "lima_129": 0.019458597525954247,
            "lima_463": 0.04099920019507408,
            "lima_213": 0.008889458142220974,
            "lima_573": 0.04544749855995178
        },
        "lima_577": {
            "lima_577": 0.5701969265937805,
            "lima_586": 0.03526213392615318,
            "lima_505": 0.001995151862502098,
            "lima_101": 0.0042642951011657715,
            "lima_549": 0.026908189058303833
        },
        "lima_579": {
            "lima_579": 0.4214376211166382,
            "lima_463": 0.005324839148670435,
            "lima_595": 0.022027570754289627,
            "lima_465": 0.02542988769710064,
            "lima_562": 0.022350890561938286
        },
        "lima_580": {
            "lima_580": 0.7714297771453857,
            "lima_444": 0.05002942681312561,
            "lima_413": 0.018966712057590485,
            "lima_72": 0.00974213145673275,
            "lima_211": 0.0056954799219965935
        },
        "lima_581": {
            "lima_581": 0.3753935694694519,
            "lima_535": 0.011844322085380554,
            "lima_536": 0.046507880091667175,
            "lima_988": 0.034645892679691315,
            "lima_37": 0.04982360079884529
        },
        "lima_582": {
            "lima_582": 0.40448617935180664,
            "lima_203": 0.021891778334975243,
            "lima_179": 0.014199097640812397,
            "lima_374": 0.0012933961115777493,
            "lima_83": 0.007305408827960491
        },
        "lima_583": {
            "lima_583": 0.4450834393501282,
            "lima_548": 0.09686481207609177,
            "lima_77": 0.009367996826767921,
            "lima_840": 0.04135339334607124,
            "lima_489": 0.11074264347553253
        },
        "lima_584": {
            "lima_322": 0.006684570573270321,
            "lima_361": 0.01870962604880333,
            "lima_976": 0.014206800609827042,
            "lima_378": 0.01998806744813919,
            "lima_584": 0.3376012146472931
        }
    },
    "58838016": {
        "lima_564": {
            "lima_964": 0.015953894704580307,
            "lima_965": 0.01085531897842884,
            "lima_966": 0.005181587301194668,
            "lima_967": 0.014168836176395416,
            "lima_564": 0.04284882918000221
        },
        "lima_565": {
            "lima_565": 0.6141695976257324,
            "lima_687": 0.020185407251119614,
            "lima_654": 0.04853492230176926,
            "lima_667": 0.013989520259201527,
            "lima_414": 0.011463906615972519
        },
        "lima_566": {
            "lima_80": 0.028345931321382523,
            "lima_393": 0.012724988162517548,
            "lima_8": 0.004302363842725754,
            "lima_11": 0.01945025473833084,
            "lima_566": 0.4659489691257477
        },
        "lima_567": {
            "lima_567": 0.42424219846725464,
            "lima_392": 0.0240834578871727,
            "lima_250": -0.00035062601091340184,
            "lima_437": 0.013819761574268341,
            "lima_627": 0.013427991420030594
        },
        "lima_568": {
            "lima_568": 0.5294321179389954,
            "lima_191": 0.0004414077557157725,
            "lima_881": 0.015244677662849426,
            "lima_488": 0.016234949231147766,
            "lima_37": -0.006688023917376995
        },
        "lima_569": {
            "lima_569": 0.17726944386959076,
            "lima_506": 0.05577902868390083,
            "lima_803": 0.004848674405366182,
            "lima_806": 0.009410157799720764,
            "lima_839": 0.04874718561768532
        },
        "lima_570": {
            "lima_570": 0.6804473400115967,
            "lima_15": -0.0050949715077877045,
            "lima_25": 0.0056952666491270065,
            "lima_5": -0.005365920253098011,
            "lima_274": 0.009443020448088646
        },
        "lima_571": {
            "lima_571": 0.5268419981002808,
            "lima_123": 0.022621171548962593,
            "lima_374": -8.829477883409709e-05,
            "lima_158": 0.015897398814558983,
            "lima_270": 0.016047963872551918
        },
        "lima_572": {
            "lima_841": -0.0002455530338920653,
            "lima_418": 0.006818949244916439,
            "lima_364": 0.015263285487890244,
            "lima_98": 0.0030982852913439274,
            "lima_572": 0.377977192401886
        },
        "lima_573": {
            "lima_573": 0.7750526070594788,
            "lima_463": 0.05415990576148033,
            "lima_23": 0.008638058789074421,
            "lima_213": 0.010479559190571308,
            "lima_8": 0.003508595749735832
        },
        "lima_574": {
            "lima_574": 0.366139680147171,
            "lima_417": 0.006781997159123421,
            "lima_903": -0.03464093059301376,