{
    "11767808": {
        "lima_484": {
            "lima_484": 0.2902959883213043,
            "lima_393": 0.000840179855003953,
            "lima_739": 0.016003888100385666,
            "lima_6": 0.019366640597581863,
            "lima_134": 0.015860801562666893
        },
        "lima_485": {
            "lima_485": 0.44046592712402344,
            "lima_852": 0.02511805295944214,
            "lima_838": 0.023120537400245667,
            "lima_183": 0.02930638939142227,
            "lima_240": 0.033124618232250214
        },
        "lima_486": {
            "lima_486": 0.30451568961143494,
            "lima_417": -0.002332709264010191,
            "lima_574": 0.02191859856247902,
            "lima_903": -0.027386341243982315,
            "lima_550": 0.023031776770949364
        },
        "lima_487": {
            "lima_487": 0.45781928300857544,
            "lima_539": 0.007838733494281769,
            "lima_979": 0.012313790619373322,
            "lima_406": 0.01867053657770157,
            "lima_681": 0.02575823664665222
        },
        "lima_488": {
            "lima_488": 0.35986220836639404,
            "lima_951": -0.014904500916600227,
            "lima_916": 0.03131271153688431,
            "lima_863": 0.04409419000148773,
            "lima_810": -0.0009751679026521742
        },
        "lima_489": {
            "lima_489": 0.3672022521495819,
            "lima_589": 0.043445978313684464,
            "lima_188": 0.02870062366127968,
            "lima_151": 0.04108478128910065,
            "lima_587": 0.05228956788778305
        },
        "lima_490": {
            "lima_490": 0.20907539129257202,
            "lima_562": 0.018460799008607864,
            "lima_463": 0.00950410682708025,
            "lima_533": 0.032383643090724945,
            "lima_613": 0.016027670353651047
        },
        "lima_491": {
            "lima_491": 0.36990463733673096,
            "lima_183": 0.04633565992116928,
            "lima_83": 0.01414022222161293,
            "lima_179": 0.013470016419887543,
            "lima_506": 0.03558667004108429
        },
        "lima_492": {
            "lima_492": 0.4042562246322632,
            "lima_377": 0.013924282044172287,
            "lima_850": 0.003314610105007887,
            "lima_318": 0.002318503800779581,
            "lima_37": 0.013712828978896141
        },
        "lima_493": {
            "lima_493": 0.5158356428146362,
            "lima_830": 0.027499519288539886,
            "lima_814": 0.03210994228720665,
            "lima_841": 0.00673243124037981,
            "lima_808": 0.003322306554764509
        },
        "lima_494": {
            "lima_494": 0.30170655250549316,
            "lima_487": 0.039508718997240067,
            "lima_539": 0.02252347394824028,
            "lima_431": 0.00573583273217082,
            "lima_136": 0.009649671614170074
        },
        "lima_495": {
            "lima_360": 0.039997637271881104,
            "lima_318": 0.01847037672996521,
            "lima_37": 0.029543709009885788,
            "lima_852": 0.014031455852091312,
            "lima_495": 0.37152302265167236
        },
        "lima_496": {
            "lima_364": 0.01015077531337738,
            "lima_841": 0.006722974590957165,
            "lima_496": 0.659825325012207,
            "lima_418": 0.01762658730149269,
            "lima_814": 0.005849591922014952
        },
        "lima_497": {
            "lima_497": 0.36845967173576355,
            "lima_134": 0.007354507222771645,
            "lima_325": 0.004587892908602953,
            "lima_186": 0.002855268307030201,
            "lima_596": -0.0025886448565870523
        },
        "lima_498": {
            "lima_159": 0.007074626162648201,
            "lima_498": 0.26647740602493286,
            "lima_167": 0.0018208345863968134,
            "lima_945": 0.006389191839843988,
            "lima_176": 0.002787667792290449
        },
        "lima_499": {
            "lima_499": 0.3733079433441162,
            "lima_999": 0.00884682685136795,
            "lima_22": 0.00883425772190094,
            "lima_179": 0.004520458169281483,
            "lima_405": 0.007597190327942371
        },
        "lima_500": {
            "lima_427": 0.013141991570591927,
            "lima_500": 0.42326176166534424,
            "lima_450": 0.00942995771765709,
            "lima_373": -0.003065073397010565,
            "lima_62": 0.012635570019483566
        },
        "lima_501": {
            "lima_501": 0.2923765778541565,
            "lima_160": 0.03324408829212189,
            "lima_275": 0.005723625421524048,
            "lima_179": 0.005729284603148699,
            "lima_850": 0.021359436213970184
        },
        "lima_502": {
            "lima_502": 0.500693142414093,
            "lima_136": -0.004540423862636089,
            "lima_468": 0.003411313984543085,
            "lima_42": 0.0131062101572752,
            "lima_537": 0.061572182923555374
        },
        "lima_503": {
            "lima_503": 0.5301927328109741,
            "lima_259": 0.005760085768997669,
            "lima_396": -0.0014064126880839467,
            "lima_235": 0.00589619018137455,
            "lima_385": -0.0028021815232932568
        }
    },
    "58838016": {
        "lima_484": {
            "lima_484": 0.2899537682533264,
            "lima_393": 0.0004991020541638136,
            "lima_739": 0.016084719449281693,
            "lima_6": 0.019518204033374786,
            "lima_134": 0.015399184077978134
        },
        "lima_485": {
            "lima_485": 0.44020551443099976,
            "lima_852": 0.025760086253285408,
            "lima_838": 0.02293216809630394,
            "lima_183": 0.029477233067154884,
            "lima_240": 0.03287460654973984
        },
        "lima_486": {
            "lima_486": 0.30420613288879395,
            "lima_417": -0.002788595389574766,
            "lima_574": 0.021532518789172173,
            "lima_903": -0.027071991935372353,
            "lima_550": 0.022749388590455055
        },
        "lima_487": {
            "lima_487": 0.458052396774292,
            "lima_539": 0.008505980484187603,
            "lima_979": 0.012001682072877884,
            "lima_406": 0.018520090728998184,
            "lima_681": 0.025736000388860703
        },
        "lima_488": {
            "lima_488": 0.3597966432571411,
            "lima_951": -0.014601459726691246,
            "lima_916": 0.031338609755039215,
            "lima_863": 0.04428539425134659,
            "lima_810": -0.0010107578709721565
        },
        "lima_489": {
            "lima_489": 0.3669547140598297,
            "lima_589": 0.043376483023166656,
            "lima_188": 0.028695613145828247,
            "lima_151": 0.04151879996061325,
            "lima_587": 0.052119575440883636
        },
        "lima_490": {
            "lima_490": 0.20937952399253845,
            "lima_562": 0.018702130764722824,
            "lima_463": 0.009524823166429996,
            "lima_533": 0.032435640692710876,
            "lima_613": 0.0162629596889019
        },
        "lima_491": {
            "lima_491": 0.3701156973838806,
            "lima_183": 0.046201497316360474,
            "lima_83": 0.014024581760168076,
            "lima_179": 0.013034489005804062,
            "lima_506": 0.03527741879224777
        },
        "lima_492": {
            "lima_492": 0.40415048599243164,
            "lima_377": 0.014413464814424515,
            "lima_850": 0.003681597765535116,
            "lima_318": 0.0026027485728263855,
            "lima_37": 0.013445247896015644
        },
        "lima_493": {
            "lima_493": 0.5159433484077454,
            "lima_830": 0.027185063809156418,
            "lima_814": 0.03248206526041031,
            "lima_841": 0.006182276643812656,
            "lima_808": 0.0027405638247728348
        },
        "lima_494": {
            "lima_494": 0.30128908157348633,
            "lima_487": 0.03883837163448334,
            "lima_539": 0.02209368720650673,