{
    "11767808": {
        "lima_544": {
            "lima_472": 0.236037015914917,
            "lima_560": 0.08040885627269745,
            "lima_480": 0.2438773512840271,
            "lima_350": 0.010962270200252533,
            "lima_544": 0.45364052057266235
        },
        "lima_545": {
            "lima_545": 0.8270787596702576,
            "lima_844": 0.01618632674217224,
            "lima_830": 0.02846578136086464,
            "lima_1": 0.0008148802444338799,
            "lima_815": 0.011217476800084114
        },
        "lima_546": {
            "lima_546": 0.37550386786460876,
            "lima_555": 0.030946068465709686,
            "lima_584": 0.03247864171862602,
            "lima_369": 0.004616155754774809,
            "lima_266": 0.009245801717042923
        },
        "lima_547": {
            "lima_547": 0.3830411434173584,
            "lima_587": 0.033403180539608,
            "lima_583": 0.03971122205257416,
            "lima_521": 0.008836103603243828,
            "lima_523": 0.05673807114362717
        },
        "lima_548": {
            "lima_548": 0.36419016122817993,
            "lima_583": 0.06747370958328247,
            "lima_886": 0.04340721294283867,
            "lima_77": 0.004942035302519798,
            "lima_199": 0.0018799634417518973
        },
        "lima_549": {
            "lima_549": 0.4358498752117157,
            "lima_454": 0.03761255741119385,
            "lima_581": 0.022313276305794716,
            "lima_465": 0.01169884018599987,
            "lima_586": 0.024682454764842987
        },
        "lima_550": {
            "lima_837": 0.030405953526496887,
            "lima_145": 0.008187917992472649,
            "lima_513": 0.013277262449264526,
            "lima_54": -0.0043866559863090515,
            "lima_550": 0.14214125275611877
        },
        "lima_551": {
            "lima_183": 0.01894214376807213,
            "lima_427": 0.01727256178855896,
            "lima_374": -0.01775195822119713,
            "lima_816": -0.004032144322991371,
            "lima_551": 0.18762722611427307
        },
        "lima_552": {
            "lima_552": 0.6887328624725342,
            "lima_48": -0.010327361524105072,
            "lima_393": 0.007422269321978092,
            "lima_80": 0.0021570941898971796,
            "lima_290": 0.020229872316122055
        },
        "lima_553": {
            "lima_553": 0.4114152789115906,
            "lima_521": 0.041768524795770645,
            "lima_439": 0.05774177610874176,
            "lima_581": 0.017574531957507133,
            "lima_535": 0.032436221837997437
        },
        "lima_554": {
            "lima_480": 0.09318270534276962,
            "lima_586": 0.014838582836091518,
            "lima_554": 0.4809987545013428,
            "lima_413": 0.019384605810046196,
            "lima_896": 0.018648501485586166
        },
        "lima_555": {
            "lima_555": 0.19067168235778809,
            "lima_542": -0.01874672621488571,
            "lima_869": 0.013490410521626472,
            "lima_176": -5.9200916439294815e-05,
            "lima_537": 0.047086201608181
        },
        "lima_556": {
            "lima_587": 0.004656177945435047,
            "lima_556": 0.25777438282966614,
            "lima_489": 0.027483230456709862,
            "lima_436": 0.005519753322005272,
            "lima_940": 0.004914932884275913
        },
        "lima_557": {
            "lima_557": 0.10419435054063797,
            "lima_859": 0.025971760973334312,
            "lima_55": -0.0079872477799654,
            "lima_389": -0.01803598552942276,
            "lima_826": 0.00015409785555675626
        },
        "lima_558": {
            "lima_558": 0.7128300070762634,
            "lima_80": 0.03424081206321716,
            "lima_11": 0.011780193075537682,
            "lima_205": -0.0021157751325517893,
            "lima_422": 0.06589886546134949
        },
        "lima_559": {
            "lima_559": 0.5395611524581909,
            "lima_720": -0.0008919928222894669,
            "lima_439": 0.016860168427228928,
            "lima_589": 0.0420718640089035,
            "lima_794": 0.027424193918704987
        },
        "lima_560": {
            "lima_66": 0.015643522143363953,
            "lima_350": -0.001428902382031083,
            "lima_103": -0.005941753275692463,
            "lima_145": 0.014468829147517681,
            "lima_560": 0.06844326853752136
        },
        "lima_561": {
            "lima_561": 0.4001048505306244,
            "lima_127": -0.010424048639833927,
            "lima_203": 0.026022199541330338,
            "lima_221": 0.008956116624176502,
            "lima_951": -0.013457050547003746
        },
        "lima_562": {
            "lima_562": 0.6018816828727722,
            "lima_464": 0.11801648885011673,
            "lima_435": -0.014119706116616726,
            "lima_586": 0.013683933764696121,
            "lima_505": -0.014059916138648987
        },
        "lima_563": {
            "lima_563": 0.36213189363479614,
            "lima_690": -0.006211265921592712,
            "lima_276": 0.0016759538557380438,
            "lima_92": 0.003323955461382866,
            "lima_137": 0.002005715388804674
        }
    },
    "58838016": {
        "lima_544": {
            "lima_472": 0.2358931452035904,
            "lima_560": 0.0800551101565361,
            "lima_480": 0.24375784397125244,
            "lima_350": 0.010985416360199451,
            "lima_544": 0.4537234306335449
        },
        "lima_545": {
            "lima_545": 0.8272231817245483,
            "lima_844": 0.016064412891864777,
            "lima_830": 0.028611695393919945,
            "lima_1": 0.0011579814599826932,
            "lima_815": 0.011624776758253574
        },
        "lima_546": {
            "lima_546": 0.37572768330574036,
            "lima_555": 0.031102264299988747,
            "lima_584": 0.03287411481142044,
            "lima_369": 0.004468444734811783,
            "lima_266": 0.00983726978302002
        },
        "lima_547": {
            "lima_547": 0.38300296664237976,
            "lima_587": 0.03307335451245308,
            "lima_583": 0.03952079266309738,
            "lima_521": 0.00932573713362217,
            "lima_523": 0.05674121156334877
        },
        "lima_548": {
            "lima_548": 0.3640943765640259,
            "lima_583": 0.06681957840919495,
            "lima_886": 0.043372366577386856,
            "lima_77": 0.0044708093628287315,
            "lima_199": 0.001927891280502081
        },
        "lima_549": {
            "lima_549": 0.4356701970100403,
            "lima_454": 0.037469856441020966,
            "lima_581": 0.02244751900434494,
            "lima_465": 0.012163500301539898,
            "lima_586": 0.025088462978601456
        },
        "lima_550": {
            "lima_837": 0.030518440529704094,
            "lima_145": 0.007683535106480122,
            "lima_513": 0.013377698138356209,
            "lima_54": -0.004204136319458485,
            "lima_550": 0.14176760613918304
        },
        "lima_551": {
            "lima_183": 0.01843007281422615,
            "lima_427": 0.017194444313645363,
            "lima_374": -0.017635080963373184,
            "lima_816": -0.0043088351376354694,
            "lima_551": 0.18809880316257477
        },
        "lima_552": {
            "lima_552": 0.6885722875595093,
            "lima_48": -0.010575719177722931,
            "lima_393": 0.007365047931671143,
            "lima_80": 0.001656652893871069,
            "lima_290": 0.01977110654115677
        },
        "lima_553": {
            "lima_553": 0.41166573762893677,
            "lima_521": 0.04180039092898369,
            "lima_439": 0.057847242802381516,
            "lima_581": 0.018252672627568245,
            "lima_535": 0.03265403211116791
        },
        "lima_554": {
            "lima_480": 0.09298985451459885,
            "lima_586": 0.014534909278154373,
            "lima_554": 0.48099684715270996,