{
    "11767808": {
        "lima_383": {
            "lima_383": 0.3793785572052002,
            "lima_270": 0.02161164954304695,
            "lima_290": 0.009610729292035103,
            "lima_235": 0.010411953553557396,
            "lima_147": 0.03431376814842224
        },
        "lima_384": {
            "lima_384": 0.3732526898384094,
            "lima_762": 0.013982292264699936,
            "lima_31": 0.008223447948694229,
            "lima_908": 0.005224792752414942,
            "lima_319": 0.010595298372209072
        },
        "lima_385": {
            "lima_385": 0.31101810932159424,
            "lima_290": -0.010268120095133781,
            "lima_283": 0.018049705773591995,
            "lima_841": 0.008226687088608742,
            "lima_867": 0.0060742441564798355
        },
        "lima_386": {
            "lima_386": 0.3501024842262268,
            "lima_255": 0.01305176317691803,
            "lima_328": 0.01578945852816105,
            "lima_23": 0.008821598254144192,
            "lima_316": 0.009932640939950943
        },
        "lima_387": {
            "lima_387": 0.613670825958252,
            "lima_11": 0.015628665685653687,
            "lima_137": 0.0041552577167749405,
            "lima_934": 0.0036225756630301476,
            "lima_157": 0.00793621875345707
        },
        "lima_388": {
            "lima_388": 0.36907821893692017,
            "lima_972": 0.014940362423658371,
            "lima_925": 0.0017354001756757498,
            "lima_902": 0.015020742081105709,
            "lima_953": 0.012042821384966373
        },
        "lima_389": {
            "lima_389": 0.48762577772140503,
            "lima_208": -0.0004326720372773707,
            "lima_255": -0.0007824338390491903,
            "lima_252": 0.01175125502049923,
            "lima_327": 0.004679855424910784
        },
        "lima_390": {
            "lima_390": 0.6069988012313843,
            "lima_9": 0.01576484739780426,
            "lima_191": -0.005353841930627823,
            "lima_43": -0.0018255282193422318,
            "lima_174": 0.007594119291752577
        },
        "lima_391": {
            "lima_391": 0.3885289430618286,
            "lima_215": 0.025396673008799553,
            "lima_249": 0.010881569236516953,
            "lima_172": 0.0129145672544837,
            "lima_163": 0.00103357236366719
        },
        "lima_392": {
            "lima_392": 0.4248694181442261,
            "lima_506": 0.02523970603942871,
            "lima_520": 0.012536270543932915,
            "lima_216": 0.010379917919635773,
            "lima_228": 0.008015496656298637
        },
        "lima_393": {
            "lima_393": 0.5541133880615234,
            "lima_69": 0.048830851912498474,
            "lima_64": 0.014972090721130371,
            "lima_342": 0.008977643214166164,
            "lima_1": 0.004531198181211948
        },
        "lima_394": {
            "lima_394": 0.5616078972816467,
            "lima_680": 0.016094345599412918,
            "lima_254": 0.02747892215847969,
            "lima_485": 0.014562363736331463,
            "lima_273": 0.020496200770139694
        },
        "lima_395": {
            "lima_395": 0.49776899814605713,
            "lima_56": 0.004341918975114822,
            "lima_49": 0.007154894061386585,
            "lima_250": -0.007866447791457176,
            "lima_319": 0.007332626264542341
        },
        "lima_396": {
            "lima_396": 0.7987459897994995,
            "lima_801": 0.003729726653546095,
            "lima_259": -0.004785544238984585,
            "lima_103": 0.01843242347240448,
            "lima_179": -0.0010061903158202767
        },
        "lima_397": {
            "lima_397": 0.37272167205810547,
            "lima_158": 0.01448392029851675,
            "lima_499": 0.007659881841391325,
            "lima_123": 0.024393271654844284,
            "lima_231": 0.017497388646006584
        },
        "lima_398": {
            "lima_398": 0.6790934205055237,
            "lima_127": -0.015268554911017418,
            "lima_896": 0.012854018248617649,
            "lima_950": -0.0008254896965809166,
            "lima_988": 0.006472364068031311
        },
        "lima_399": {
            "lima_399": 0.5142080783843994,
            "lima_359": 0.0065762754529714584,
            "lima_57": 0.011954886838793755,
            "lima_357": 0.005164717324078083,
            "lima_145": 0.006573948077857494
        },
        "lima_400": {
            "lima_2": 0.008961040526628494,
            "lima_7": 0.002584472531452775,
            "lima_400": 0.6776977181434631,
            "lima_316": 0.00044643491855822504,
            "lima_44": 0.009375860914587975
        },
        "lima_401": {
            "lima_401": 0.6121671795845032,
            "lima_301": 0.006215998902916908,
            "lima_998": 0.018969692289829254,
            "lima_214": 0.009673114866018295,
            "lima_919": 0.0003218206111341715
        },
        "lima_402": {
            "lima_402": 0.7755436897277832,
            "lima_11": 0.03000248782336712,
            "lima_552": -0.009686090983450413,
            "lima_523": 0.0038691021036356688,
            "lima_944": 0.009682435542345047
        }
    },
    "58838016": {
        "lima_383": {
            "lima_383": 0.37982234358787537,
            "lima_270": 0.021939508616924286,
            "lima_290": 0.009923074394464493,
            "lima_235": 0.010065972805023193,
            "lima_147": 0.033697888255119324
        },
        "lima_384": {
            "lima_384": 0.3733278810977936,
            "lima_762": 0.014486493542790413,
            "lima_31": 0.00858445093035698,
            "lima_908": 0.005451167933642864,
            "lima_319": 0.010754370130598545
        },
        "lima_385": {
            "lima_385": 0.31094786524772644,
            "lima_290": -0.010328156873583794,
            "lima_283": 0.01860654167830944,
            "lima_841": 0.0087588494643569,
            "lima_867": 0.006006182637065649
        },
        "lima_386": {
            "lima_386": 0.35010820627212524,
            "lima_255": 0.01261616125702858,
            "lima_328": 0.01584620587527752,
            "lima_23": 0.008211150765419006,
            "lima_316": 0.009528469294309616
        },
        "lima_387": {
            "lima_387": 0.6135622262954712,
            "lima_11": 0.015679193660616875,
            "lima_137": 0.0036466652527451515,
            "lima_934": 0.003460030537098646,
            "lima_157": 0.007285621948540211
        },
        "lima_388": {
            "lima_388": 0.3692406117916107,
            "lima_972": 0.014501970261335373,
            "lima_925": 0.001750916475430131,
            "lima_902": 0.015136483125388622,
            "lima_953": 0.011831230483949184
        },
        "lima_389": {
            "lima_389": 0.4880674183368683,
            "lima_208": -0.0009767980081960559,
            "lima_255": -0.0009321752586401999,
            "lima_252": 0.01275376696139574,
            "lima_327": 0.004824400879442692
        },
        "lima_390": {
            "lima_390": 0.6067293882369995,
            "lima_9": 0.016187701374292374,
            "lima_191": -0.005381166934967041,
            "lima_43": -0.001892798813059926,
            "lima_174": 0.007990363985300064
        },
        "lima_391": {
            "lima_391": 0.38811513781547546,
            "lima_215": 0.02548009157180786,
            "lima_249": 0.010837635025382042,
            "lima_172": 0.012972543016076088,
            "lima_163": 0.0007420582696795464
        },
        "lima_392": {
            "lima_392": 0.42479944229125977,
            "lima_506": 0.025270521640777588,
            "lima_520": 0.012724400497972965,
            "lima_216": 0.010787192732095718,
            "lima_228": 0.007988681085407734
        },
        "lima_393": {
            "lima_393": 0.5542089939117432,
            "lima_69": 0.048021942377090454,
            "lima_64": 0.015057893469929695,