{
    "11767808": {
        "lima_711": {
            "lima_711": 0.3047165274620056,
            "lima_720": 0.0404805950820446,
            "lima_594": 0.01238035224378109,
            "lima_237": 0.01799651049077511,
            "lima_373": 0.0027008007746189833
        },
        "lima_712": {
            "lima_8": 0.00376011966727674,
            "lima_134": 0.013086017221212387,
            "lima_463": 0.010034872218966484,
            "lima_151": 0.004465349949896336,
            "lima_712": 0.45303380489349365
        },
        "lima_713": {
            "lima_824": 0.012334316968917847,
            "lima_713": 0.4795374274253845,
            "lima_576": 0.03974682465195656,
            "lima_374": -0.012665092945098877,
            "lima_833": 0.02511114813387394
        },
        "lima_714": {
            "lima_714": 0.5980956554412842,
            "lima_588": 0.02409469336271286,
            "lima_380": 0.011699149385094643,
            "lima_98": 0.0033957704436033964,
            "lima_512": 0.004818381741642952
        },
        "lima_715": {
            "lima_715": 0.26044338941574097,
            "lima_80": 0.014457277953624725,
            "lima_512": 0.03350582718849182,
            "lima_588": 0.01807274855673313,
            "lima_205": 0.014213532209396362
        },
        "lima_716": {
            "lima_716": 0.5675550103187561,
            "lima_587": 0.012904176488518715,
            "lima_824": 0.00958410743623972,
            "lima_113": 0.004542360082268715,
            "lima_229": 0.008637862280011177
        },
        "lima_717": {
            "lima_502": 0.03736160695552826,
            "lima_717": 0.34352487325668335,
            "lima_468": 0.004631701856851578,
            "lima_48": 0.02397901564836502,
            "lima_248": -0.008507457561790943
        },
        "lima_718": {
            "lima_55": 0.01847875490784645,
            "lima_489": 0.031489454209804535,
            "lima_583": 0.037941351532936096,
            "lima_185": -0.006070282775908709,
            "lima_718": 0.060516178607940674
        },
        "lima_719": {
            "lima_315": 0.00018371728947386146,
            "lima_6": 0.016971062868833542,
            "lima_64": 0.0031383426394313574,
            "lima_462": 0.027982529252767563,
            "lima_719": 0.5128166079521179
        },
        "lima_720": {
            "lima_720": 0.2296099066734314,
            "lima_600": 0.06266455352306366,
            "lima_539": 0.01316062081605196,
            "lima_520": 0.030866559594869614,
            "lima_176": -0.0034525073133409023
        },
        "lima_721": {
            "lima_721": 0.36165404319763184,
            "lima_798": 0.019897548481822014,
            "lima_732": 0.031116889789700508,
            "lima_462": 0.025637276470661163,
            "lima_6": 0.011807866394519806
        },
        "lima_722": {
            "lima_587": 0.011167203076183796,
            "lima_722": 0.5087910294532776,
            "lima_583": 0.02408342808485031,
            "lima_551": 0.022467195987701416,
            "lima_195": 0.02096715196967125
        },
        "lima_723": {
            "lima_723": 0.40312713384628296,
            "lima_6": -0.0006780826952308416,
            "lima_134": 0.021291736513376236,
            "lima_462": 0.03415090590715408,
            "lima_40": -0.011419379152357578
        },
        "lima_724": {
            "lima_724": 0.46432191133499146,
            "lima_147": 0.009615490213036537,
            "lima_862": 0.015696994960308075,
            "lima_167": 0.0005482998094521463,
            "lima_80": 0.007259230595082045
        },
        "lima_725": {
            "lima_725": 0.0751320943236351,
            "lima_55": 0.10629533231258392,
            "lima_249": 0.035841844975948334,
            "lima_241": 0.04048294574022293,
            "lima_517": 0.04853849858045578
        },
        "lima_726": {
            "lima_726": 0.41052690148353577,
            "lima_73": 0.021518941968679428,
            "lima_151": 0.0497293658554554,
            "lima_393": 0.0254652202129364,
            "lima_427": 0.02604132518172264
        },
        "lima_727": {
            "lima_588": 0.01839444413781166,
            "lima_727": 0.3876274824142456,
            "lima_462": 0.030141036957502365,
            "lima_266": 0.006108593195676804,
            "lima_279": 0.007257774006575346
        },
        "lima_728": {
            "lima_587": 0.028287680819630623,
            "lima_728": 0.17269745469093323,
            "lima_195": 0.014134716242551804,
            "lima_380": 0.009754704311490059,
            "lima_266": 0.021289924159646034
        },
        "lima_729": {
            "lima_653": 0.08047490566968918,
            "lima_510": 0.016114486381411552,
            "lima_188": 0.02164282463490963,
            "lima_123": 0.01471093948930502,
            "lima_729": 0.4881078600883484
        },
        "lima_730": {
            "lima_583": 0.03574687987565994,
            "lima_489": 0.03670869395136833,
            "lima_730": 0.1474308967590332,
            "lima_624": 0.08805030584335327,
            "lima_732": 0.07469156384468079
        }
    },
    "58838016": {
        "lima_711": {
            "lima_711": 0.30429911613464355,
            "lima_720": 0.04011315107345581,
            "lima_594": 0.012210617773234844,
            "lima_237": 0.01810583472251892,
            "lima_373": 0.0028318078257143497
        },
        "lima_712": {
            "lima_8": 0.0034477522131055593,
            "lima_134": 0.013958171010017395,
            "lima_463": 0.01015049684792757,
            "lima_151": 0.004801938310265541,
            "lima_712": 0.4531491994857788
        },
        "lima_713": {
            "lima_824": 0.012265985831618309,
            "lima_713": 0.47951096296310425,
            "lima_576": 0.039814431220293045,
            "lima_374": -0.012320281937718391,
            "lima_833": 0.024856947362422943
        },
        "lima_714": {
            "lima_714": 0.598039448261261,
            "lima_588": 0.023785024881362915,
            "lima_380": 0.012220199219882488,
            "lima_98": 0.0033004155848175287,
            "lima_512": 0.005005787126719952
        },
        "lima_715": {
            "lima_715": 0.2608763575553894,
            "lima_80": 0.01378551684319973,
            "lima_512": 0.03326113149523735,
            "lima_588": 0.01757272332906723,
            "lima_205": 0.014015590772032738
        },
        "lima_716": {
            "lima_716": 0.5675289034843445,
            "lima_587": 0.013349762186408043,
            "lima_824": 0.009463622234761715,
            "lima_113": 0.004372596740722656,
            "lima_229": 0.008859457448124886
        },
        "lima_717": {
            "lima_502": 0.03767823800444603,
            "lima_717": 0.34351828694343567,
            "lima_468": 0.004425902385264635,
            "lima_48": 0.024483010172843933,
            "lima_248": -0.008346742019057274
        },
        "lima_718": {
            "lima_55": 0.01868324540555477,
            "lima_489": 0.03177754208445549,
            "lima_583": 0.03763248026371002,
            "lima_185": -0.006711871363222599,
            "lima_718": 0.060595687478780746
        },
        "lima_719": {
            "lima_315": 0.0008247640216723084,
            "lima_6": 0.01706676185131073,
            "lima_64": 0.0029276602435857058,
            "lima_462": 0.027653921395540237,
            "lima_719": 0.5126417875289917
        },
        "lima_720": {
            "lima_720": 0.23023930191993713,
            "lima_600": 0.06268593668937683,
            "lima_539": 0.013152144849300385,
            "lima_520": 0.030691402032971382,
            "lima_176": -0.003780281636863947
        },
        "lima_721": {
            "lima_721": 0.361527681350708,
            "lima_798": 0.02043253928422928,
            "lima_732": 0.03108762949705124,