{
    "11767808": {
        "lima_202": {
            "lima_202": 0.5843361020088196,
            "lima_66": 0.02346523478627205,
            "lima_100": 0.011280306614935398,
            "lima_3": 0.0035582834389060736,
            "lima_270": 0.004669599700719118
        },
        "lima_203": {
            "lima_203": 0.37874430418014526,
            "lima_296": 0.005196650046855211,
            "lima_211": 0.000503945630043745,
            "lima_382": 0.004486093297600746,
            "lima_270": 0.001171768526546657
        },
        "lima_204": {
            "lima_204": 0.5464295148849487,
            "lima_530": -0.0010801540920510888,
            "lima_898": 0.013877477496862411,
            "lima_94": 0.025910090655088425,
            "lima_137": 0.005104566924273968
        },
        "lima_205": {
            "lima_205": 0.6243159770965576,
            "lima_78": 0.03499121218919754,
            "lima_95": 0.017194747924804688,
            "lima_286": 0.012361463159322739,
            "lima_532": -0.013680541887879372
        },
        "lima_206": {
            "lima_206": 0.3639233708381653,
            "lima_303": 0.011045530438423157,
            "lima_294": 0.011442916467785835,
            "lima_138": -0.0044319042935967445,
            "lima_227": 0.003932147286832333
        },
        "lima_207": {
            "lima_207": 0.4051557779312134,
            "lima_815": -0.0041734022088348866,
            "lima_110": 0.008200477808713913,
            "lima_159": 0.0076107485219836235,
            "lima_35": 0.016525039449334145
        },
        "lima_208": {
            "lima_208": 0.7800104022026062,
            "lima_67": 0.007519945967942476,
            "lima_451": 0.01070130243897438,
            "lima_225": 0.01726360432803631,
            "lima_274": 0.018041640520095825
        },
        "lima_209": {
            "lima_209": 0.6614258885383606,
            "lima_48": 0.01890537515282631,
            "lima_259": -0.015129098668694496,
            "lima_45": 0.015991555526852608,
            "lima_393": 0.018132265657186508
        },
        "lima_210": {
            "lima_210": 0.5737969875335693,
            "lima_211": 0.013947464525699615,
            "lima_64": 0.015374981798231602,
            "lima_32": 0.008882073685526848,
            "lima_83": 0.01918794959783554
        },
        "lima_211": {
            "lima_211": 0.6863505840301514,
            "lima_109": 0.02665051817893982,
            "lima_123": 0.020460952073335648,
            "lima_158": 0.027792450040578842,
            "lima_163": 0.023877501487731934
        },
        "lima_212": {
            "lima_212": 0.7564219236373901,
            "lima_80": 0.03489603102207184,
            "lima_195": 0.007935252971947193,
            "lima_512": 0.018611446022987366,
            "lima_108": 0.042535267770290375
        },
        "lima_213": {
            "lima_213": 0.6248757839202881,
            "lima_211": 0.013338154181838036,
            "lima_17": 0.017096806317567825,
            "lima_163": 0.006790690124034882,
            "lima_368": 0.011920474469661713
        },
        "lima_214": {
            "lima_214": 0.4889903962612152,
            "lima_374": -0.008245766162872314,
            "lima_172": 0.01018768735229969,
            "lima_364": 0.010066812857985497,
            "lima_36": 0.0016510577406734228
        },
        "lima_215": {
            "lima_215": 0.4061308205127716,
            "lima_163": 0.013053634203970432,
            "lima_11": 0.04109330475330353,
            "lima_391": -0.0063628582283854485,
            "lima_184": -0.0007566133863292634
        },
        "lima_216": {
            "lima_216": 0.3115083575248718,
            "lima_122": 0.035858772695064545,
            "lima_199": 0.01720583066344261,
            "lima_506": 0.04725268483161926,
            "lima_806": 0.013086551800370216
        },
        "lima_217": {
            "lima_217": 0.5462952852249146,
            "lima_54": 0.009734125807881355,
            "lima_542": 0.017473405227065086,
            "lima_70": -0.00771924527361989,
            "lima_232": 0.030058342963457108
        },
        "lima_218": {
            "lima_218": 0.37435585260391235,
            "lima_98": 0.002484962111338973,
            "lima_134": 0.01399550773203373,
            "lima_382": 0.013597310520708561,
            "lima_83": 0.027752447873353958
        },
        "lima_219": {
            "lima_219": 0.456423282623291,
            "lima_248": 0.008976182900369167,
            "lima_70": 0.01575004681944847,
            "lima_199": 0.010778087191283703,
            "lima_301": 0.024357618764042854
        },
        "lima_220": {
            "lima_220": 0.3707515299320221,
            "lima_246": 0.012514762580394745,
            "lima_210": 0.013383038341999054,
            "lima_127": -0.015727832913398743,
            "lima_839": 0.01915910094976425
        },
        "lima_221": {
            "lima_221": 0.3960714042186737,
            "lima_203": 0.0036763388197869062,
            "lima_249": 0.0040476275607943535,
            "lima_534": 0.0057011875323951244,
            "lima_127": 0.01495325192809105
        }
    },
    "58838016": {
        "lima_202": {
            "lima_202": 0.5848904848098755,
            "lima_66": 0.023555533960461617,
            "lima_100": 0.011006895452737808,
            "lima_3": 0.003502210834994912,
            "lima_270": 0.004397726617753506
        },
        "lima_203": {
            "lima_203": 0.3784028887748718,
            "lima_296": 0.004765249788761139,
            "lima_211": 0.0004233357321936637,
            "lima_382": 0.004727665334939957,
            "lima_270": 0.0010989164002239704
        },
        "lima_204": {
            "lima_204": 0.5465375185012817,
            "lima_530": -0.0010741460137069225,
            "lima_898": 0.013431156054139137,
            "lima_94": 0.026217546314001083,
            "lima_137": 0.005696430336683989
        },
        "lima_205": {
            "lima_205": 0.6241530776023865,
            "lima_78": 0.0348920077085495,
            "lima_95": 0.017110247164964676,
            "lima_286": 0.012229114770889282,
            "lima_532": -0.013131744228303432
        },
        "lima_206": {
            "lima_206": 0.36457565426826477,
            "lima_303": 0.010935058817267418,
            "lima_294": 0.011521892622113228,
            "lima_138": -0.0038352124392986298,
            "lima_227": 0.003331828396767378
        },
        "lima_207": {
            "lima_207": 0.4048084318637848,
            "lima_815": -0.004298572428524494,
            "lima_110": 0.007860444486141205,
            "lima_159": 0.0077021243050694466,
            "lima_35": 0.01683841645717621
        },
        "lima_208": {
            "lima_208": 0.780093789100647,
            "lima_67": 0.006961364299058914,
            "lima_451": 0.010796324349939823,
            "lima_225": 0.017100684344768524,
            "lima_274": 0.01791885495185852
        },
        "lima_209": {
            "lima_209": 0.6616736054420471,
            "lima_48": 0.018484462052583694,
            "lima_259": -0.014916259795427322,
            "lima_45": 0.0162762850522995,
            "lima_393": 0.017610061913728714
        },
        "lima_210": {
            "lima_210": 0.573350191116333,
            "lima_211": 0.013126377016305923,
            "lima_64": 0.015680871903896332,
            "lima_32": 0.009409566409885883,
            "lima_83": 0.018818054348230362
        },
        "lima_211": {
            "lima_211": 0.6865008473396301,
            "lima_109": 0.02680562250316143,
            "lima_123": 0.02064529061317444,
            "lima_158": 0.027911527082324028,
            "lima_163": 0.02327766641974449
        },
        "lima_212": {
            "lima_212": 0.7566430568695068,
            "lima_80": 0.03521883860230446,
            "lima_195": 0.007882768288254738,