{
    "11767808": {
        "lima_689": {
            "lima_587": 0.02741623856127262,
            "lima_642": 0.06671063601970673,
            "lima_583": 0.046818796545267105,
            "lima_551": 0.021022487431764603,
            "lima_689": 0.36344560980796814
        },
        "lima_690": {
            "lima_690": 0.48707664012908936,
            "lima_40": 0.005533592775464058,
            "lima_587": 0.004970509558916092,
            "lima_256": -0.0005982059519737959,
            "lima_583": 0.011587441898882389
        },
        "lima_691": {
            "lima_382": 0.005477563478052616,
            "lima_6": 0.037399232387542725,
            "lima_392": 0.020017320290207863,
            "lima_588": 0.018941504880785942,
            "lima_691": 0.4250043034553528
        },
        "lima_692": {
            "lima_692": 0.4371875524520874,
            "lima_31": 0.01255623809993267,
            "lima_367": -0.005462351255118847,
            "lima_274": 0.04953533783555031,
            "lima_183": 0.03249574825167656
        },
        "lima_693": {
            "lima_693": 0.48047393560409546,
            "lima_462": 0.037336334586143494,
            "lima_588": 0.02660447731614113,
            "lima_41": 0.011250537820160389,
            "lima_256": 0.009079985320568085
        },
        "lima_694": {
            "lima_694": 0.3609180748462677,
            "lima_134": 0.013213517144322395,
            "lima_305": 0.026549406349658966,
            "lima_6": 0.023586995899677277,
            "lima_40": -0.0008089749608188868
        },
        "lima_695": {
            "lima_695": 0.1769258677959442,
            "lima_499": 0.01192933414131403,
            "lima_374": -0.01378959696739912,
            "lima_821": 0.001250861445441842,
            "lima_828": 0.019944852218031883
        },
        "lima_697": {
            "lima_601": 0.05285881459712982,
            "lima_769": 0.12374501675367355,
            "lima_463": 0.016679201275110245,
            "lima_29": 0.014934621751308441,
            "lima_697": 0.42884597182273865
        },
        "lima_698": {
            "lima_698": 0.5297484397888184,
            "lima_555": 0.02340393327176571,
            "lima_196": 0.027710076421499252,
            "lima_327": 0.009714125655591488,
            "lima_35": 0.005194446071982384
        },
        "lima_699": {
            "lima_699": 0.44942036271095276,
            "lima_61": 0.001420487998984754,
            "lima_6": 0.043706998229026794,
            "lima_462": 0.04294329136610031,
            "lima_315": 0.007316874340176582
        },
        "lima_700": {
            "lima_700": 0.12483563274145126,
            "lima_6": -0.011352569796144962,
            "lima_176": -0.0005737832980230451,
            "lima_462": 0.02333506941795349,
            "lima_165": 0.009236547164618969
        },
        "lima_701": {
            "lima_701": 0.46051740646362305,
            "lima_48": -0.0015290176961570978,
            "lima_609": 0.03826121985912323,
            "lima_256": 0.011055748909711838,
            "lima_169": -0.00011716381413862109
        },
        "lima_702": {
            "lima_702": 0.7009561657905579,
            "lima_374": -0.0027587423101067543,
            "lima_512": 0.02836572378873825,
            "lima_588": 0.01835675910115242,
            "lima_205": 0.021111711859703064
        },
        "lima_703": {
            "lima_587": 0.024397455155849457,
            "lima_993": 0.023866262286901474,
            "lima_55": 0.05166517198085785,
            "lima_195": 0.03673899546265602,
            "lima_703": 0.3472234308719635
        },
        "lima_704": {
            "lima_704": 0.3979712724685669,
            "lima_587": 0.03367110341787338,
            "lima_725": 0.03855333477258682,
            "lima_652": 0.03163383528590202,
            "lima_489": 0.03811672329902649
        },
        "lima_705": {
            "lima_705": 0.354789674282074,
            "lima_462": 0.034963615238666534,
            "lima_587": 0.013902525417506695,
            "lima_41": 0.009253669530153275,
            "lima_279": 0.009964543394744396
        },
        "lima_706": {
            "lima_706": 0.4821106195449829,
            "lima_40": 0.002752163680270314,
            "lima_237": 0.011005466803908348,
            "lima_136": -1.612132473383099e-05,
            "lima_330": -0.0009468636708334088
        },
        "lima_707": {
            "lima_587": 0.01976219192147255,
            "lima_583": 0.046553805470466614,
            "lima_707": 0.3351050019264221,
            "lima_695": 0.006599512416869402,
            "lima_499": 0.03169296681880951
        },
        "lima_708": {
            "lima_708": 0.38984227180480957,
            "lima_55": 0.0031406660564243793,
            "lima_587": 0.012122497893869877,
            "lima_249": 0.0085988724604249,
            "lima_583": 0.01439283974468708
        },
        "lima_709": {
            "lima_709": 0.46969789266586304,
            "lima_527": 0.013792989775538445,
            "lima_474": 0.006362033076584339,
            "lima_519": 0.012606946751475334,
            "lima_249": 0.010332997888326645
        }
    },
    "58838016": {
        "lima_689": {
            "lima_587": 0.027540557086467743,
            "lima_642": 0.06669262796640396,
            "lima_583": 0.046742673963308334,
            "lima_551": 0.020771624520421028,
            "lima_689": 0.3634026050567627
        },
        "lima_690": {
            "lima_690": 0.4875487983226776,
            "lima_40": 0.005569190252572298,
            "lima_587": 0.005227883346378803,
            "lima_256": -0.0004199299728497863,
            "lima_583": 0.012380269356071949
        },
        "lima_691": {
            "lima_382": 0.00497773103415966,
            "lima_6": 0.03722014278173447,
            "lima_392": 0.020292270928621292,
            "lima_588": 0.019324906170368195,
            "lima_691": 0.42496418952941895
        },
        "lima_692": {
            "lima_692": 0.4373317360877991,
            "lima_31": 0.011990874074399471,
            "lima_367": -0.005405885633081198,
            "lima_274": 0.04923021048307419,
            "lima_183": 0.03225447237491608
        },
        "lima_693": {
            "lima_693": 0.4804835915565491,
            "lima_462": 0.037437763065099716,
            "lima_588": 0.026193737983703613,
            "lima_41": 0.01135062612593174,
            "lima_256": 0.008845122531056404
        },
        "lima_694": {
            "lima_694": 0.3608713150024414,
            "lima_134": 0.013409613631665707,
            "lima_305": 0.025825664401054382,
            "lima_6": 0.02350476384162903,
            "lima_40": -0.0006913099787198007
        },
        "lima_695": {
            "lima_695": 0.17702412605285645,
            "lima_499": 0.011625908315181732,
            "lima_374": -0.013390729203820229,
            "lima_821": 0.0012862328439950943,
            "lima_828": 0.020245658233761787
        },
        "lima_697": {
            "lima_601": 0.05231636017560959,
            "lima_769": 0.12306757271289825,
            "lima_463": 0.016274387016892433,
            "lima_29": 0.014560181647539139,
            "lima_697": 0.4285566508769989
        },
        "lima_698": {
            "lima_698": 0.529585599899292,
            "lima_555": 0.023112790659070015,
            "lima_196": 0.02782142534852028,
            "lima_327": 0.00998627208173275,
            "lima_35": 0.005352216772735119
        },
        "lima_699": {
            "lima_699": 0.44934964179992676,
            "lima_61": 0.0008422614773735404,
            "lima_6": 0.04387545585632324,
            "lima_462": 0.04234716668725014,
            "lima_315": 0.007399176713079214
        },
        "lima_700": {
            "lima_700": 0.12463241815567017,
            "lima_6": -0.010940222069621086,
            "lima_176": -0.0004366844950709492,