{
    "11767808": {
        "lima_731": {
            "lima_731": 0.3535810708999634,
            "lima_587": 0.007204500492662191,
            "lima_185": -0.000736966438125819,
            "lima_583": 0.012100914493203163,
            "lima_130": -0.008808656595647335
        },
        "lima_732": {
            "lima_721": 0.03556424379348755,
            "lima_798": 0.03166871517896652,
            "lima_732": 0.5757213830947876,
            "lima_664": 0.061301492154598236,
            "lima_665": 0.0714382529258728
        },
        "lima_733": {
            "lima_587": 0.02366652525961399,
            "lima_872": 0.01504314411431551,
            "lima_583": 0.02009662054479122,
            "lima_551": 0.014134599827229977,
            "lima_733": 0.4902576804161072
        },
        "lima_734": {
            "lima_734": 0.544005274772644,
            "lima_80": 0.013194862753152847,
            "lima_205": 0.013365725055336952,
            "lima_512": 0.017558924853801727,
            "lima_438": 0.005536896642297506
        },
        "lima_735": {
            "lima_735": 0.40473616123199463,
            "lima_587": 0.01811162382364273,
            "lima_583": 0.03882899507880211,
            "lima_551": 0.018162105232477188,
            "lima_195": 0.02583944797515869
        },
        "lima_736": {
            "lima_736": 0.5171904563903809,
            "lima_48": 0.014770426787436008,
            "lima_6": 0.041589416563510895,
            "lima_462": 0.039665114134550095,
            "lima_583": 0.04276639223098755
        },
        "lima_737": {
            "lima_6": 0.00881246943026781,
            "lima_134": 0.00650723185390234,
            "lima_462": 0.017267104238271713,
            "lima_40": -0.0018702775705605745,
            "lima_737": 0.5852519869804382
        },
        "lima_738": {
            "lima_738": 0.5443166494369507,
            "lima_374": 0.0008789098355919123,
            "lima_72": 0.0004942577797919512,
            "lima_211": 0.0030050454661250114,
            "lima_16": 0.011770723387598991
        },
        "lima_739": {
            "lima_739": 0.30620908737182617,
            "lima_587": 0.01601462811231613,
            "lima_525": 0.01701391115784645,
            "lima_341": 0.02985776960849762,
            "lima_347": -0.00783831812441349
        },
        "lima_740": {
            "lima_740": 0.5010946989059448,
            "lima_893": 0.021088700741529465,
            "lima_672": 0.029130982235074043,
            "lima_6": 0.032076165080070496,
            "lima_462": 0.034015461802482605
        },
        "lima_741": {
            "lima_741": 0.5495826005935669,
            "lima_796": 0.014900782145559788,
            "lima_60": 0.007702563423663378,
            "lima_918": 0.01995772123336792,
            "lima_538": 0.00540655292570591
        },
        "lima_742": {
            "lima_742": 0.3685898780822754,
            "lima_587": 0.018426936119794846,
            "lima_727": 0.06100199744105339,
            "lima_218": 0.00902177207171917,
            "lima_195": 0.021154580637812614
        },
        "lima_743": {
            "lima_743": 0.37889546155929565,
            "lima_660": 0.09619919210672379,
            "lima_539": 0.020268455147743225,
            "lima_951": -0.0028732717037200928,
            "lima_221": 0.004503995180130005
        },
        "lima_744": {
            "lima_744": 0.5187070965766907,
            "lima_374": -0.01591011881828308,
            "lima_485": 0.006019220687448978,
            "lima_512": 0.04276634752750397,
            "lima_588": 0.02321530692279339
        },
        "lima_745": {
            "lima_745": 0.4074685573577881,
            "lima_411": 0.01559019647538662,
            "lima_432": 0.027296898886561394,
            "lima_188": 0.014453786425292492,
            "lima_123": 0.009558692574501038
        },
        "lima_746": {
            "lima_603": 0.056814707815647125,
            "lima_746": 0.3451618552207947,
            "lima_408": 0.016316432505846024,
            "lima_486": 0.013543553650379181,
            "lima_520": 0.04299559444189072
        },
        "lima_747": {
            "lima_747": 0.3467457890510559,
            "lima_587": 0.0330435074865818,
            "lima_988": 0.033437371253967285,
            "lima_306": 0.02713155560195446,
            "lima_913": -0.005777321755886078
        },
        "lima_748": {
            "lima_748": 0.3940552771091461,
            "lima_31": 0.003563099540770054,
            "lima_367": -0.018992483615875244,
            "lima_173": -0.015786187723279,
            "lima_274": 0.026059424504637718
        },
        "lima_749": {
            "lima_749": 0.40459364652633667,
            "lima_61": -0.014515861868858337,
            "lima_134": 0.009402606636285782,
            "lima_48": 0.037133004516363144,
            "lima_136": -0.008354892954230309
        },
        "lima_750": {
            "lima_349": 0.002778837224468589,
            "lima_374": -0.01343473419547081,
            "lima_396": 0.008705705404281616,
            "lima_750": 0.3374413251876831,
            "lima_837": 0.016242805868387222
        }
    },
    "58838016": {
        "lima_731": {
            "lima_731": 0.35386085510253906,
            "lima_587": 0.006625106558203697,
            "lima_185": -0.000427776831202209,
            "lima_583": 0.012326419353485107,
            "lima_130": -0.009273301810026169
        },
        "lima_732": {
            "lima_721": 0.03596264123916626,
            "lima_798": 0.03194557502865791,
            "lima_732": 0.5759654641151428,
            "lima_664": 0.061467092484235764,
            "lima_665": 0.0711439996957779
        },
        "lima_733": {
            "lima_587": 0.02363518998026848,
            "lima_872": 0.015192188322544098,
            "lima_583": 0.019831106066703796,
            "lima_551": 0.014130977913737297,
            "lima_733": 0.4903220534324646
        },
        "lima_734": {
            "lima_734": 0.5439498424530029,
            "lima_80": 0.013364597223699093,
            "lima_205": 0.013175338506698608,
            "lima_512": 0.017235154286026955,
            "lima_438": 0.005481090396642685
        },
        "lima_735": {
            "lima_735": 0.40498587489128113,
            "lima_587": 0.017737356945872307,
            "lima_583": 0.03901086002588272,
            "lima_551": 0.018372461199760437,
            "lima_195": 0.026167459785938263
        },
        "lima_736": {
            "lima_736": 0.5174046754837036,
            "lima_48": 0.014113875105977058,
            "lima_6": 0.04115302488207817,
            "lima_462": 0.03969191387295723,
            "lima_583": 0.042693622410297394
        },
        "lima_737": {
            "lima_6": 0.008817452937364578,
            "lima_134": 0.006592392455786467,
            "lima_462": 0.0177555363625288,
            "lima_40": -0.0015348715241998434,
            "lima_737": 0.5850454568862915
        },
        "lima_738": {
            "lima_738": 0.5440438985824585,
            "lima_374": 0.0015591084957122803,
            "lima_72": 0.0009389033657498658,
            "lima_211": 0.003486012574285269,
            "lima_16": 0.011824849992990494
        },
        "lima_739": {
            "lima_739": 0.30619680881500244,
            "lima_587": 0.01606551930308342,
            "lima_525": 0.016931934282183647,
            "lima_341": 0.030426256358623505,
            "lima_347": -0.007231463678181171
        },
        "lima_740": {
            "lima_740": 0.5010195970535278,
            "lima_893": 0.020873332396149635,
            "lima_672": 0.02813863195478916,
            "lima_6": 0.032058075070381165,
            "lima_462": 0.03375603258609772
        },
        "lima_741": {
            "lima_741": 0.5498791933059692,
            "lima_796": 0.01492313388735056,
            "lima_60": 0.007724028080701828,