{
    "11767808": {
        "lima_342": {
            "lima_342": 0.4789232611656189,
            "lima_241": 0.013005591928958893,
            "lima_56": 0.0018254639580845833,
            "lima_327": 0.023063451051712036,
            "lima_411": 0.004904671106487513
        },
        "lima_343": {
            "lima_343": 0.22993141412734985,
            "lima_928": 0.02484082244336605,
            "lima_999": 0.020623091608285904,
            "lima_921": 0.01372301485389471,
            "lima_342": 0.0055993227288126945
        },
        "lima_344": {
            "lima_344": 0.5639986991882324,
            "lima_174": 0.0028338113334029913,
            "lima_86": 0.0010615356732159853,
            "lima_56": 0.009562687017023563,
            "lima_31": -0.008769705891609192
        },
        "lima_345": {
            "lima_345": 0.5778894424438477,
            "lima_347": 0.0015278123319149017,
            "lima_64": 0.011596288532018661,
            "lima_211": -0.002391885034739971,
            "lima_75": 0.0042747375555336475
        },
        "lima_346": {
            "lima_346": 0.37801480293273926,
            "lima_201": -0.002943373052403331,
            "lima_191": 0.01423247717320919,
            "lima_190": 0.011812812648713589,
            "lima_294": 0.013528100214898586
        },
        "lima_347": {
            "lima_347": 0.36293256282806396,
            "lima_313": 0.012764974497258663,
            "lima_45": 0.010828837752342224,
            "lima_830": 0.036627743393182755,
            "lima_252": 0.005916397552937269
        },
        "lima_348": {
            "lima_348": 0.45832714438438416,
            "lima_50": 0.012559107504785061,
            "lima_367": -0.012561537325382233,
            "lima_80": 0.036546990275382996,
            "lima_173": 0.0072014546021819115
        },
        "lima_349": {
            "lima_349": 0.3807418942451477,
            "lima_812": 0.0030266852118074894,
            "lima_253": -0.0059484755620360374,
            "lima_211": 0.013835993595421314,
            "lima_64": 0.0056878672912716866
        },
        "lima_350": {
            "lima_350": 0.5091511011123657,
            "lima_64": -0.0001932568702613935,
            "lima_48": 0.008261190727353096,
            "lima_92": 0.009997278451919556,
            "lima_211": 0.0046534230932593346
        },
        "lima_351": {
            "lima_351": 0.5265876054763794,
            "lima_123": 0.020667612552642822,
            "lima_397": -0.004398899618536234,
            "lima_994": 0.008220811374485493,
            "lima_176": 0.003906602039933205
        },
        "lima_353": {
            "lima_353": 0.34025734663009644,
            "lima_113": 0.011629266664385796,
            "lima_499": 0.001461828243918717,
            "lima_122": 0.02297046408057213,
            "lima_48": 0.01644224300980568
        },
        "lima_354": {
            "lima_354": 0.4220982789993286,
            "lima_102": 0.03915058821439743,
            "lima_642": 0.03706593066453934,
            "lima_872": 0.04141704738140106,
            "lima_249": 0.03757239133119583
        },
        "lima_355": {
            "lima_355": 0.513678252696991,
            "lima_458": -0.0005180500447750092,
            "lima_344": -0.00507714506238699,
            "lima_802": -0.008251916617155075,
            "lima_831": -0.01092302892357111
        },
        "lima_356": {
            "lima_356": 0.40915271639823914,
            "lima_83": 0.007483569905161858,
            "lima_296": 0.0017052728217095137,
            "lima_382": -0.00019434461137279868,
            "lima_64": 0.000227700627874583
        },
        "lima_357": {
            "lima_357": 0.48467057943344116,
            "lima_256": 0.010361824184656143,
            "lima_88": 0.0018363308627158403,
            "lima_83": 0.009784996509552002,
            "lima_270": 0.0027765710838139057
        },
        "lima_358": {
            "lima_358": 0.3513885736465454,
            "lima_168": 0.022368496283888817,
            "lima_393": 0.012880342081189156,
            "lima_822": 0.009357733651995659,
            "lima_426": 0.029102414846420288
        },
        "lima_359": {
            "lima_359": 0.5498793125152588,
            "lima_57": 0.011785497888922691,
            "lima_373": 0.015800759196281433,
            "lima_253": 0.004827336873859167,
            "lima_531": 0.01733817718923092
        },
        "lima_360": {
            "lima_360": 0.40686601400375366,
            "lima_203": 0.027048297226428986,
            "lima_37": 0.02825680375099182,
            "lima_270": 0.01767638511955738,
            "lima_274": 0.043232858180999756
        },
        "lima_361": {
            "lima_361": 0.607245683670044,
            "lima_378": 0.009993527084589005,
            "lima_80": 0.013247808441519737,
            "lima_316": 0.007754117250442505,
            "lima_164": 0.004511164966970682
        },
        "lima_362": {
            "lima_362": 0.8676052093505859,
            "lima_80": 0.011973381042480469,
            "lima_305": 0.0004391005786601454,
            "lima_160": 0.015084220096468925,
            "lima_199": 0.004649601876735687
        }
    },
    "58838016": {
        "lima_342": {
            "lima_342": 0.478670597076416,
            "lima_241": 0.012151891365647316,
            "lima_56": 0.0024726814590394497,
            "lima_327": 0.023360835388302803,
            "lima_411": 0.0050708455964922905
        },
        "lima_343": {
            "lima_343": 0.2294851690530777,
            "lima_928": 0.02502686157822609,
            "lima_999": 0.021323073655366898,
            "lima_921": 0.013793718069791794,
            "lima_342": 0.0057455734349787235
        },
        "lima_344": {
            "lima_344": 0.5637054443359375,
            "lima_174": 0.0026173158548772335,
            "lima_86": 0.0015740544768050313,
            "lima_56": 0.009441349655389786,
            "lima_31": -0.00925212912261486
        },
        "lima_345": {
            "lima_345": 0.5780386924743652,
            "lima_347": 0.0017104694852605462,
            "lima_64": 0.01161429937928915,
            "lima_211": -0.0028796656988561153,
            "lima_75": 0.0046508400700986385
        },
        "lima_346": {
            "lima_346": 0.377912312746048,
            "lima_201": -0.0030289925634860992,
            "lima_191": 0.014140241779386997,
            "lima_190": 0.011611465364694595,
            "lima_294": 0.01340994518250227
        },
        "lima_347": {
            "lima_347": 0.3629094064235687,
            "lima_313": 0.012446424923837185,
            "lima_45": 0.010298401117324829,
            "lima_830": 0.0365949384868145,
            "lima_252": 0.005723766051232815
        },
        "lima_348": {
            "lima_348": 0.45851588249206543,
            "lima_50": 0.012228678911924362,
            "lima_367": -0.012659884057939053,
            "lima_80": 0.036041010171175,
            "lima_173": 0.00762814749032259
        },
        "lima_349": {
            "lima_349": 0.3808617889881134,
            "lima_812": 0.0027695668395608664,
            "lima_253": -0.00542319193482399,
            "lima_211": 0.013541579246520996,
            "lima_64": 0.005783132277429104
        },
        "lima_350": {
            "lima_350": 0.5090142488479614,
            "lima_64": -0.0007090515573509037,
            "lima_48": 0.008183949626982212,
            "lima_92": 0.009651057422161102,
            "lima_211": 0.005111995153129101
        },
        "lima_351": {
            "lima_351": 0.52631676197052,
            "lima_123": 0.020532555878162384,
            "lima_397": -0.005056285765022039,
            "lima_994": 0.008227996528148651,
            "lima_176": 0.0034460537135601044
        },
        "lima_353": {
            "lima_353": 0.3398391902446747,
            "lima_113": 0.011243095621466637,
            "lima_499": 0.0015114260604605079,