{
    "11767808": {
        "lima_222": {
            "lima_222": 0.8558578491210938,
            "lima_52": 0.024904491379857063,
            "lima_197": -0.013779262080788612,
            "lima_270": 0.009646806865930557,
            "lima_283": -0.0009164326475001872
        },
        "lima_223": {
            "lima_223": 0.36594778299331665,
            "lima_303": 0.016902156174182892,
            "lima_197": 0.0011226027272641659,
            "lima_294": 0.015333899296820164,
            "lima_46": 4.621630068868399e-05
        },
        "lima_224": {
            "lima_224": 0.30189189314842224,
            "lima_197": -0.0027950722724199295,
            "lima_139": 0.026876458898186684,
            "lima_358": 0.00897226482629776,
            "lima_411": 0.013031664304435253
        },
        "lima_225": {
            "lima_225": 0.3735848069190979,
            "lima_294": 0.008679135702550411,
            "lima_303": 0.02213544026017189,
            "lima_231": 0.0029074233025312424,
            "lima_87": 0.005440589971840382
        },
        "lima_226": {
            "lima_226": 0.5946531295776367,
            "lima_191": 0.006963741034269333,
            "lima_164": 0.006849687080830336,
            "lima_103": -0.0029141129925847054,
            "lima_36": -0.001087603741325438
        },
        "lima_227": {
            "lima_227": 0.37084639072418213,
            "lima_319": 0.014904605224728584,
            "lima_830": 0.03322038799524307,
            "lima_98": -0.008568491786718369,
            "lima_395": 0.004178639501333237
        },
        "lima_228": {
            "lima_228": 0.3582843542098999,
            "lima_211": 0.007169822230935097,
            "lima_396": -0.0039618900045752525,
            "lima_296": 0.0036381708923727274,
            "lima_259": -0.005565367639064789
        },
        "lima_229": {
            "lima_229": 0.7387065887451172,
            "lima_15": 0.010702013969421387,
            "lima_48": 0.010841930285096169,
            "lima_377": 0.01889234408736229,
            "lima_110": 0.015959598124027252
        },
        "lima_230": {
            "lima_230": 0.4310382604598999,
            "lima_235": -0.0013385871425271034,
            "lima_167": 0.02700427547097206,
            "lima_192": -0.002804683055728674,
            "lima_20": 0.013266553170979023
        },
        "lima_231": {
            "lima_231": 0.5465154647827148,
            "lima_87": 0.022242523729801178,
            "lima_368": 0.002280878834426403,
            "lima_294": 0.03355814889073372,
            "lima_499": 0.01692868396639824
        },
        "lima_232": {
            "lima_232": 0.40282195806503296,
            "lima_106": 0.00882131140679121,
            "lima_25": 0.008790533989667892,
            "lima_98": 0.011847928166389465,
            "lima_101": 0.008869310840964317
        },
        "lima_233": {
            "lima_233": 0.5039215683937073,
            "lima_145": 0.0071853394620120525,
            "lima_122": 0.02564813569188118,
            "lima_49": 0.02113707736134529,
            "lima_806": 0.0004638700047507882
        },
        "lima_234": {
            "lima_234": 0.5654653310775757,
            "lima_376": 0.009027661755681038,
            "lima_218": 0.01905989646911621,
            "lima_67": 0.0169292651116848,
            "lima_342": 0.004659404046833515
        },
        "lima_235": {
            "lima_235": 0.30677101016044617,
            "lima_216": 0.0026737514417618513,
            "lima_230": 0.0020866745617240667,
            "lima_337": 0.012990010902285576,
            "lima_54": 0.005039113108068705
        },
        "lima_236": {
            "lima_236": 0.6311196684837341,
            "lima_306": 0.027303587645292282,
            "lima_34": 0.004518839530646801,
            "lima_364": 0.006838193163275719,
            "lima_83": 0.01678614690899849
        },
        "lima_237": {
            "lima_237": 0.4315504729747772,
            "lima_330": 0.002514986786991358,
            "lima_373": 0.0019965877290815115,
            "lima_526": 0.0009724255069158971,
            "lima_41": 0.011006936430931091
        },
        "lima_238": {
            "lima_238": 0.549759566783905,
            "lima_64": 0.006649933755397797,
            "lima_166": 0.005487360525876284,
            "lima_290": 0.003167213872075081,
            "lima_808": 0.00561149837449193
        },
        "lima_239": {
            "lima_239": 0.5377413034439087,
            "lima_191": 0.02386009879410267,
            "lima_190": 0.00252133677713573,
            "lima_138": 0.002952117472887039,
            "lima_374": -0.0014688348164781928
        },
        "lima_240": {
            "lima_240": 0.47087693214416504,
            "lima_283": 0.008600085973739624,
            "lima_838": 0.001037390436977148,
            "lima_803": 0.00487016886472702,
            "lima_183": 0.054657865315675735
        },
        "lima_241": {
            "lima_241": 0.5199941396713257,
            "lima_34": -0.004960325546562672,
            "lima_207": 0.029049046337604523,
            "lima_961": 0.016925830394029617,
            "lima_336": 0.028501126915216446
        }
    },
    "58838016": {
        "lima_222": {
            "lima_222": 0.8558076620101929,
            "lima_52": 0.025303024798631668,
            "lima_197": -0.013318389654159546,
            "lima_270": 0.009660826064646244,
            "lima_283": -0.0005399585934355855
        },
        "lima_223": {
            "lima_223": 0.3664115071296692,
            "lima_303": 0.016895724460482597,
            "lima_197": 0.0013770607765763998,
            "lima_294": 0.015308067202568054,
            "lima_46": 0.0004905886016786098
        },
        "lima_224": {
            "lima_224": 0.3026094138622284,
            "lima_197": -0.00290934881195426,
            "lima_139": 0.02759077399969101,
            "lima_358": 0.009177329018712044,
            "lima_411": 0.012306172400712967
        },
        "lima_225": {
            "lima_225": 0.3736822009086609,
            "lima_294": 0.00829175766557455,
            "lima_303": 0.021627536043524742,
            "lima_231": 0.002562444657087326,
            "lima_87": 0.004938512109220028
        },
        "lima_226": {
            "lima_226": 0.5947914123535156,
            "lima_191": 0.006914807017892599,
            "lima_164": 0.006410185247659683,
            "lima_103": -0.002999105490744114,
            "lima_36": -0.0008529953774996102
        },
        "lima_227": {
            "lima_227": 0.37080880999565125,
            "lima_319": 0.014982001855969429,
            "lima_830": 0.03297293186187744,
            "lima_98": -0.008568239398300648,
            "lima_395": 0.004424574784934521
        },
        "lima_228": {
            "lima_228": 0.35790449380874634,
            "lima_211": 0.006707972381263971,
            "lima_396": -0.004471298307180405,
            "lima_296": 0.0037098568864166737,
            "lima_259": -0.004956221207976341
        },
        "lima_229": {
            "lima_229": 0.7386422157287598,
            "lima_15": 0.010826751589775085,
            "lima_48": 0.01083039864897728,
            "lima_377": 0.019234437495470047,
            "lima_110": 0.016568996012210846
        },
        "lima_230": {
            "lima_230": 0.43061015009880066,
            "lima_235": -0.0011915956856682897,
            "lima_167": 0.026372753083705902,
            "lima_192": -0.002817192580550909,
            "lima_20": 0.013560788705945015
        },
        "lima_231": {
            "lima_231": 0.5461727380752563,
            "lima_87": 0.022720277309417725,
            "lima_368": 0.0022732377983629704,
            "lima_294": 0.03362428396940231,
            "lima_499": 0.016829242929816246
        },
        "lima_232": {
            "lima_232": 0.4022662937641144,
            "lima_106": 0.009357552044093609,