{
    "11767808": {
        "lima_951": {
            "lima_951": 0.34998583793640137,
            "lima_908": 0.014357022941112518,
            "lima_960": 0.010507991537451744,
            "lima_127": -0.0017784727970138192,
            "lima_406": 0.01845988817512989
        },
        "lima_952": {
            "lima_952": 0.3922649025917053,
            "lima_466": 0.02644841931760311,
            "lima_409": 0.05741153657436371,
            "lima_961": 0.037461794912815094,
            "lima_908": 0.028226058930158615
        },
        "lima_953": {
            "lima_900": 0.019007230177521706,
            "lima_972": 0.05536995455622673,
            "lima_953": 0.4008391499519348,
            "lima_998": 0.05249590426683426,
            "lima_530": 0.012878119014203548
        },
        "lima_954": {
            "lima_954": 0.3957974910736084,
            "lima_874": 0.08245942741632462,
            "lima_885": 0.08636687695980072,
            "lima_945": 0.04829634726047516,
            "lima_986": 0.07935275882482529
        },
        "lima_956": {
            "lima_905": 0.015797123312950134,
            "lima_97": -0.0058805374428629875,
            "lima_956": 0.3599707782268524,
            "lima_893": 0.028015602380037308,
            "lima_972": 0.06693977117538452
        },
        "lima_957": {
            "lima_776": -0.0036258352920413017,
            "lima_924": 0.040813036262989044,
            "lima_452": 0.012022610753774643,
            "lima_235": -0.0005027709994465113,
            "lima_957": 0.12772837281227112
        },
        "lima_958": {
            "lima_561": 0.05516050010919571,
            "lima_806": 0.007051514461636543,
            "lima_938": 0.03779715299606323,
            "lima_175": 0.02399255335330963,
            "lima_958": 0.3189718425273895
        },
        "lima_959": {
            "lima_959": 0.3516746759414673,
            "lima_991": 0.022003354504704475,
            "lima_909": 0.023960940539836884,
            "lima_857": -0.002601312007755041,
            "lima_147": 0.004163186065852642
        },
        "lima_960": {
            "lima_960": 0.4923325181007385,
            "lima_893": 0.039398353546857834,
            "lima_950": 0.01752568408846855,
            "lima_127": -0.004504890646785498,
            "lima_385": 0.021688444539904594
        },
        "lima_961": {
            "lima_961": 0.2698265612125397,
            "lima_409": 0.06609440594911575,
            "lima_127": -0.004578124266117811,
            "lima_414": -0.0022270327899605036,
            "lima_862": 0.012789887376129627
        },
        "lima_962": {
            "lima_962": 0.2850452661514282,
            "lima_885": 0.045669786632061005,
            "lima_874": 0.057758282870054245,
            "lima_977": -0.015581786632537842,
            "lima_850": 0.027445871382951736
        },
        "lima_963": {
            "lima_109": -0.0005225699860602617,
            "lima_360": 0.0031047314405441284,
            "lima_43": 0.004492414649575949,
            "lima_161": -0.001684594084508717,
            "lima_963": 0.28304702043533325
        },
        "lima_964": {
            "lima_819": 0.01540227048099041,
            "lima_400": 0.014417506754398346,
            "lima_859": 0.05214235931634903,
            "lima_14": 0.013453448191285133,
            "lima_964": 0.3942509591579437
        },
        "lima_965": {
            "lima_925": 0.032914064824581146,
            "lima_965": 0.4567198157310486,
            "lima_953": 0.06618855148553848,
            "lima_994": 0.01477058231830597,
            "lima_918": 0.04449579864740372
        },
        "lima_966": {
            "lima_473": 0.009453962557017803,
            "lima_826": 0.007278090342879295,
            "lima_67": 0.00979731883853674,
            "lima_966": 0.5162936449050903,
            "lima_931": 0.01802450232207775
        },
        "lima_967": {
            "lima_967": 0.4277534782886505,
            "lima_862": 0.03460703417658806,
            "lima_176": 0.0008549961494281888,
            "lima_950": 8.721672929823399e-05,
            "lima_968": 0.015864096581935883
        },
        "lima_968": {
            "lima_318": 0.022042937576770782,
            "lima_172": 0.011742716655135155,
            "lima_203": 0.018090814352035522,
            "lima_337": 0.014862334355711937,
            "lima_968": 0.4631483256816864
        },
        "lima_969": {
            "lima_109": 0.015317864716053009,
            "lima_360": 0.035694461315870285,
            "lima_478": 0.05659475922584534,
            "lima_565": 0.058148305863142014,
            "lima_969": 0.23787862062454224
        },
        "lima_970": {
            "lima_970": 0.6448308825492859,
            "lima_910": 0.01924193650484085,
            "lima_925": 0.05091122165322304,
            "lima_919": 0.03103969432413578,
            "lima_991": 0.027605222538113594
        },
        "lima_971": {
            "lima_971": 0.5182536840438843,
            "lima_950": -0.026202447712421417,
            "lima_321": 0.005035983398556709,
            "lima_276": 0.002829577773809433,
            "lima_998": 0.027918970212340355
        }
    },
    "58838016": {
        "lima_951": {
            "lima_951": 0.35053884983062744,
            "lima_908": 0.01419884618371725,
            "lima_960": 0.01002017967402935,
            "lima_127": -0.0010853956919163465,
            "lima_406": 0.01819961704313755
        },
        "lima_952": {
            "lima_952": 0.39233988523483276,
            "lima_466": 0.026749957352876663,
            "lima_409": 0.05752205848693848,
            "lima_961": 0.03760494664311409,
            "lima_908": 0.02831781655550003
        },
        "lima_953": {
            "lima_900": 0.01982726901769638,
            "lima_972": 0.05552534759044647,
            "lima_953": 0.4008391499519348,
            "lima_998": 0.05257459729909897,
            "lima_530": 0.013009566813707352
        },
        "lima_954": {
            "lima_954": 0.3952130675315857,
            "lima_874": 0.08229801803827286,
            "lima_885": 0.08655213564634323,
            "lima_945": 0.048203691840171814,
            "lima_986": 0.07948184758424759
        },
        "lima_956": {
            "lima_905": 0.01531283650547266,
            "lima_97": -0.006206904537975788,
            "lima_956": 0.35968253016471863,
            "lima_893": 0.02793491818010807,
            "lima_972": 0.06663405895233154
        },
        "lima_957": {
            "lima_776": -0.0041631851345300674,
            "lima_924": 0.04071721434593201,
            "lima_452": 0.012936525978147984,
            "lima_235": -0.0003163394285365939,
            "lima_957": 0.12827536463737488
        },
        "lima_958": {
            "lima_561": 0.05521594360470772,
            "lima_806": 0.007005260791629553,
            "lima_938": 0.03790421038866043,
            "lima_175": 0.023430805653333664,
            "lima_958": 0.3189751207828522
        },
        "lima_959": {
            "lima_959": 0.3516870141029358,
            "lima_991": 0.022463113069534302,
            "lima_909": 0.024501364678144455,
            "lima_857": -0.002513997256755829,
            "lima_147": 0.004075251519680023
        },
        "lima_960": {
            "lima_960": 0.4926246702671051,
            "lima_893": 0.03922629356384277,
            "lima_950": 0.017048005014657974,
            "lima_127": -0.004569702316075563,
            "lima_385": 0.021602343767881393
        },
        "lima_961": {
            "lima_961": 0.2700680196285248,
            "lima_409": 0.0664648786187172,
            "lima_127": -0.004643919877707958,
            "lima_414": -0.0027918864507228136,
            "lima_862": 0.0127708800137043
        },
        "lima_962": {
            "lima_962": 0.2858235239982605,
            "lima_885": 0.04543543979525566,
            "lima_874": 0.05807354301214218,