{
    "11767808": {
        "lima_648": {
            "lima_648": 0.40007081627845764,
            "lima_374": -0.022892016917467117,
            "lima_512": 0.021491866558790207,
            "lima_588": 0.03444959968328476,
            "lima_205": 0.009170664474368095
        },
        "lima_649": {
            "lima_649": 0.4784488081932068,
            "lima_89": 0.006509073078632355,
            "lima_374": -0.0047452859580516815,
            "lima_588": 0.019832516089081764,
            "lima_380": 0.028543464839458466
        },
        "lima_650": {
            "lima_650": 0.36661726236343384,
            "lima_11": 0.01743549294769764,
            "lima_52": 0.022899437695741653,
            "lima_237": 0.00452266214415431,
            "lima_48": 0.01336570456624031
        },
        "lima_651": {
            "lima_651": 0.21794989705085754,
            "lima_587": 0.009020167402923107,
            "lima_763": 0.03281508386135101,
            "lima_820": 0.017371458932757378,
            "lima_134": 0.015044186264276505
        },
        "lima_652": {
            "lima_652": 0.37677890062332153,
            "lima_489": 0.039238423109054565,
            "lima_536": 0.03000294417142868,
            "lima_583": 0.02360667660832405,
            "lima_169": 0.011373916640877724
        },
        "lima_653": {
            "lima_653": 0.49591758847236633,
            "lima_587": 0.021285172551870346,
            "lima_462": 0.042036719620227814,
            "lima_729": 0.09525781869888306,
            "lima_41": 0.009124653413891792
        },
        "lima_654": {
            "lima_11": 0.016668543219566345,
            "lima_279": 0.011881168931722641,
            "lima_361": 0.018776461482048035,
            "lima_41": 0.014534581452608109,
            "lima_654": 0.3993113040924072
        },
        "lima_655": {
            "lima_655": 0.28507140278816223,
            "lima_725": 0.028943339362740517,
            "lima_55": 0.05658605694770813,
            "lima_249": 0.032351054251194,
            "lima_463": 0.015715856105089188
        },
        "lima_656": {
            "lima_656": 0.25735723972320557,
            "lima_587": 0.01657651923596859,
            "lima_6": 0.026397153735160828,
            "lima_816": 0.018261820077896118,
            "lima_462": 0.0344926118850708
        },
        "lima_657": {
            "lima_657": 0.5202598571777344,
            "lima_344": 0.006173059344291687,
            "lima_6": 0.02259654365479946,
            "lima_134": 0.013095909729599953,
            "lima_462": 0.04178113490343094
        },
        "lima_658": {
            "lima_658": 0.5151946544647217,
            "lima_587": 0.028551187366247177,
            "lima_40": 0.003572318237274885,
            "lima_136": 0.0011788575211539865,
            "lima_6": 0.021984921768307686
        },
        "lima_659": {
            "lima_659": 0.38205260038375854,
            "lima_176": -0.003759650979191065,
            "lima_177": 0.0054288036189973354,
            "lima_6": 0.018783193081617355,
            "lima_462": 0.02826482430100441
        },
        "lima_660": {
            "lima_660": 0.28804147243499756,
            "lima_55": 0.035381995141506195,
            "lima_249": 0.025281481444835663,
            "lima_195": 0.022717099636793137,
            "lima_489": 0.05191564932465553
        },
        "lima_661": {
            "lima_587": 0.017171934247016907,
            "lima_661": 0.35962197184562683,
            "lima_583": 0.02651643566787243,
            "lima_551": 0.034367840737104416,
            "lima_195": 0.030624106526374817
        },
        "lima_662": {
            "lima_662": 0.4223811626434326,
            "lima_55": 0.059835657477378845,
            "lima_274": 0.024964846670627594,
            "lima_6": 0.025121595710515976,
            "lima_134": 0.028038080781698227
        },
        "lima_663": {
            "lima_663": 0.19175094366073608,
            "lima_748": 0.0747750997543335,
            "lima_642": 0.07207060605287552,
            "lima_528": 0.03225157409906387,
            "lima_380": 0.022260045632719994
        },
        "lima_664": {
            "lima_664": 0.34428781270980835,
            "lima_364": 0.008584007620811462,
            "lima_721": 0.02012302726507187,
            "lima_368": 0.012958949431777,
            "lima_279": 0.00841192714869976
        },
        "lima_665": {
            "lima_665": 0.4862338602542877,
            "lima_11": 0.011297307908535004,
            "lima_147": 0.014690719544887543,
            "lima_909": 0.003999592736363411,
            "lima_52": 0.025147460401058197
        },
        "lima_666": {
            "lima_666": 0.42562782764434814,
            "lima_6": 0.05878020077943802,
            "lima_462": 0.05015208572149277,
            "lima_176": -0.005775731056928635,
            "lima_315": 0.006819223519414663
        },
        "lima_667": {
            "lima_279": 0.0241070706397295,
            "lima_11": 0.0177384614944458,
            "lima_667": 0.4475841522216797,
            "lima_462": 0.051918841898441315,
            "lima_41": 0.007490195799618959
        }
    },
    "58838016": {
        "lima_648": {
            "lima_648": 0.39987847208976746,
            "lima_374": -0.022745482623577118,
            "lima_512": 0.021762415766716003,
            "lima_588": 0.03480836749076843,
            "lima_205": 0.008988862857222557
        },
        "lima_649": {
            "lima_649": 0.4784589409828186,
            "lima_89": 0.006717331241816282,
            "lima_374": -0.004599634557962418,
            "lima_588": 0.019903024658560753,
            "lima_380": 0.028429396450519562
        },
        "lima_650": {
            "lima_650": 0.36676111817359924,
            "lima_11": 0.017774779349565506,
            "lima_52": 0.023103918880224228,
            "lima_237": 0.004769711755216122,
            "lima_48": 0.01385380420833826
        },
        "lima_651": {
            "lima_651": 0.21778476238250732,
            "lima_587": 0.00917056854814291,
            "lima_763": 0.033104296773672104,
            "lima_820": 0.0174428578466177,
            "lima_134": 0.015466040000319481
        },
        "lima_652": {
            "lima_652": 0.37667417526245117,
            "lima_489": 0.03954184055328369,
            "lima_536": 0.030518731102347374,
            "lima_583": 0.023946020752191544,
            "lima_169": 0.01123665738850832
        },
        "lima_653": {
            "lima_653": 0.4959205985069275,
            "lima_587": 0.02138492837548256,
            "lima_462": 0.04263029247522354,
            "lima_729": 0.09530504047870636,
            "lima_41": 0.009031184948980808
        },
        "lima_654": {
            "lima_11": 0.01677088811993599,
            "lima_279": 0.012044182978570461,
            "lima_361": 0.019823171198368073,
            "lima_41": 0.014479251578450203,
            "lima_654": 0.39942091703414917
        },
        "lima_655": {
            "lima_655": 0.28443676233291626,
            "lima_725": 0.02893839031457901,
            "lima_55": 0.05630354583263397,
            "lima_249": 0.0322476401925087,
            "lima_463": 0.015840044245123863
        },
        "lima_656": {
            "lima_656": 0.25727659463882446,
            "lima_587": 0.016539495438337326,
            "lima_6": 0.027198757976293564,
            "lima_816": 0.018192868679761887,
            "lima_462": 0.03468279540538788
        },
        "lima_657": {
            "lima_657": 0.5201235413551331,
            "lima_344": 0.005925249308347702,
            "lima_6": 0.022009357810020447,
            "lima_134": 0.01301935501396656,
            "lima_462": 0.041722141206264496
        },
        "lima_658": {
            "lima_658": 0.5154979228973389,
            "lima_587": 0.029106013476848602,
            "lima_40": 0.003261720994487405,
            "lima_136": 0.001212971517816186,