{
    "11767808": {
        "lima_403": {
            "lima_403": 0.3562721014022827,
            "lima_144": 0.01730615645647049,
            "lima_152": 0.008325977250933647,
            "lima_824": 0.0038585327565670013,
            "lima_249": 0.012019856832921505
        },
        "lima_404": {
            "lima_404": 0.8517404794692993,
            "lima_532": 0.010473732836544514,
            "lima_985": 0.0037431891541928053,
            "lima_136": 0.0056676301173865795,
            "lima_750": 0.0019032193813472986
        },
        "lima_405": {
            "lima_405": 0.5637344121932983,
            "lima_169": 0.008445510640740395,
            "lima_4": 0.013994463719427586,
            "lima_231": 0.002723501529544592,
            "lima_290": 0.003229080233722925
        },
        "lima_406": {
            "lima_406": 0.45670920610427856,
            "lima_539": 0.032258160412311554,
            "lima_867": 0.022875579074025154,
            "lima_916": 0.03828807175159454,
            "lima_127": -0.022278353571891785
        },
        "lima_407": {
            "lima_523": 0.04605976119637489,
            "lima_948": 0.02498839795589447,
            "lima_407": 0.44008252024650574,
            "lima_944": 0.0060732318088412285,
            "lima_127": -0.011773321777582169
        },
        "lima_408": {
            "lima_408": 0.3130554258823395,
            "lima_497": 0.013712271116673946,
            "lima_486": -0.0027634287253022194,
            "lima_137": 0.009808710776269436,
            "lima_460": 0.007908811792731285
        },
        "lima_409": {
            "lima_409": 0.5099286437034607,
            "lima_961": 0.07674594223499298,
            "lima_211": 0.01207232940942049,
            "lima_159": 0.017893807962536812,
            "lima_987": 0.024556636810302734
        },
        "lima_410": {
            "lima_410": 0.21071773767471313,
            "lima_961": 0.017935430631041527,
            "lima_290": 0.005738535895943642,
            "lima_984": 0.0045035770162940025,
            "lima_528": 0.021506253629922867
        },
        "lima_411": {
            "lima_411": 0.5724358558654785,
            "lima_188": 0.031341589987277985,
            "lima_241": 0.03228668496012688,
            "lima_336": 0.017837204039096832,
            "lima_416": 0.06459839642047882
        },
        "lima_412": {
            "lima_412": 0.21160298585891724,
            "lima_203": 0.0026918454095721245,
            "lima_382": -3.9254140574485064e-05,
            "lima_59": 0.0008577635744586587,
            "lima_274": 0.014540664851665497
        },
        "lima_413": {
            "lima_413": 0.5584828853607178,
            "lima_54": 0.009213561192154884,
            "lima_542": 0.002382195321843028,
            "lima_235": 0.005624426528811455,
            "lima_506": 0.04471689462661743
        },
        "lima_414": {
            "lima_414": 0.5278580188751221,
            "lima_974": 0.011123277246952057,
            "lima_405": 0.00888796616345644,
            "lima_127": -0.012441324070096016,
            "lima_476": 0.04261783882975578
        },
        "lima_415": {
            "lima_415": 0.3913344144821167,
            "lima_487": 0.02121436968445778,
            "lima_420": 0.01739799976348877,
            "lima_515": 0.009985856711864471,
            "lima_406": 0.014004558324813843
        },
        "lima_416": {
            "lima_416": 0.5074344277381897,
            "lima_199": 0.0005971568753011525,
            "lima_104": 0.018255289644002914,
            "lima_134": 0.016680393368005753,
            "lima_530": 0.02309325337409973
        },
        "lima_417": {
            "lima_434": 0.029011212289333344,
            "lima_583": 0.03895535692572594,
            "lima_837": 0.030931487679481506,
            "lima_227": 0.01912408322095871,
            "lima_417": 0.23797225952148438
        },
        "lima_418": {
            "lima_418": 0.16176477074623108,
            "lima_218": -0.0051880888640880585,
            "lima_169": 0.01291792280972004,
            "lima_327": 0.012431176379323006,
            "lima_593": -0.0500311478972435
        },
        "lima_419": {
            "lima_310": -0.00011417374480515718,
            "lima_294": 0.010119427926838398,
            "lima_138": -0.0010390514507889748,
            "lima_293": -0.0031062597408890724,
            "lima_419": 0.5389211177825928
        },
        "lima_420": {
            "lima_420": 0.3320147395133972,
            "lima_431": 0.01916368119418621,
            "lima_415": 0.027205802500247955,
            "lima_406": 0.04443006217479706,
            "lima_515": 0.058142855763435364
        },
        "lima_421": {
            "lima_421": 0.5357803106307983,
            "lima_23": 0.0002835302730090916,
            "lima_554": 0.007193590048700571,
            "lima_478": 0.03493514284491539,
            "lima_204": 0.010224543511867523
        },
        "lima_422": {
            "lima_422": 0.5655113458633423,
            "lima_80": 0.01906196027994156,
            "lima_164": 0.014393750578165054,
            "lima_368": 0.024542909115552902,
            "lima_11": 0.00917121022939682
        }
    },
    "58838016": {
        "lima_403": {
            "lima_403": 0.3562238812446594,
            "lima_144": 0.01753641664981842,
            "lima_152": 0.007669172249734402,
            "lima_824": 0.003480213228613138,
            "lima_249": 0.012175394222140312
        },
        "lima_404": {
            "lima_404": 0.8517202138900757,
            "lima_532": 0.010472184047102928,
            "lima_985": 0.004249275662004948,
            "lima_136": 0.006037924904376268,
            "lima_750": 0.0019308418268337846
        },
        "lima_405": {
            "lima_405": 0.563896656036377,
            "lima_169": 0.008523394353687763,
            "lima_4": 0.013681335374712944,
            "lima_231": 0.0029334649443626404,
            "lima_290": 0.0024902469012886286
        },
        "lima_406": {
            "lima_406": 0.4566733241081238,
            "lima_539": 0.03239451348781586,
            "lima_867": 0.022467011585831642,
            "lima_916": 0.03850837051868439,
            "lima_127": -0.022003818303346634
        },
        "lima_407": {
            "lima_523": 0.04606832563877106,
            "lima_948": 0.02494984120130539,
            "lima_407": 0.4399876892566681,
            "lima_944": 0.005964954383671284,
            "lima_127": -0.011514630168676376
        },
        "lima_408": {
            "lima_408": 0.3130394220352173,
            "lima_497": 0.012933420017361641,
            "lima_486": -0.003146000672131777,
            "lima_137": 0.009503645822405815,
            "lima_460": 0.0074900793842971325
        },
        "lima_409": {
            "lima_409": 0.5096362829208374,
            "lima_961": 0.07719569653272629,
            "lima_211": 0.012515243142843246,
            "lima_159": 0.017664320766925812,
            "lima_987": 0.02477111481130123
        },
        "lima_410": {
            "lima_410": 0.21080586314201355,
            "lima_961": 0.017611004412174225,
            "lima_290": 0.005703537724912167,
            "lima_984": 0.003757500322535634,
            "lima_528": 0.02166895568370819
        },
        "lima_411": {
            "lima_411": 0.5724729299545288,
            "lima_188": 0.030651699751615524,
            "lima_241": 0.03229580819606781,
            "lima_336": 0.01787710189819336,
            "lima_416": 0.06438084691762924
        },
        "lima_412": {
            "lima_412": 0.21237963438034058,
            "lima_203": 0.0029138007666915655,
            "lima_382": 0.00012859163689427078,
            "lima_59": 0.00040764937875792384,
            "lima_274": 0.014094749465584755
        },
        "lima_413": {
            "lima_413": 0.558373749256134,
            "lima_54": 0.00935395248234272,