{
    "11767808": {
        "lima_871": {
            "lima_658": 0.008687841705977917,
            "lima_587": 0.008044090121984482,
            "lima_221": -0.0006737812655046582,
            "lima_60": -0.007679803296923637,
            "lima_871": 0.03690388798713684
        },
        "lima_872": {
            "lima_374": -0.017203908413648605,
            "lima_172": 0.01500724721699953,
            "lima_127": -0.0043557798489928246,
            "lima_203": 0.017406225204467773,
            "lima_872": 0.2780020833015442
        },
        "lima_873": {
            "lima_873": 0.43360036611557007,
            "lima_905": 0.011377252638339996,
            "lima_290": 0.005778213497251272,
            "lima_270": 0.006623600609600544,
            "lima_317": 0.00744298379868269
        },
        "lima_874": {
            "lima_874": 0.45494067668914795,
            "lima_885": 0.07725483179092407,
            "lima_875": 0.023545872420072556,
            "lima_931": 0.012939904816448689,
            "lima_587": -0.001872751978226006
        },
        "lima_875": {
            "lima_806": 0.0032793059945106506,
            "lima_814": 0.010314390063285828,
            "lima_850": 0.01973632350564003,
            "lima_808": 0.00961746834218502,
            "lima_875": 0.26463592052459717
        },
        "lima_876": {
            "lima_876": 0.30288755893707275,
            "lima_161": 0.01239753793925047,
            "lima_863": 0.03300394117832184,
            "lima_428": 0.005107775330543518,
            "lima_127": -0.009649338200688362
        },
        "lima_877": {
            "lima_901": 0.019111227244138718,
            "lima_550": 0.02016679011285305,
            "lima_881": 0.06541343033313751,
            "lima_34": -0.0024302906822413206,
            "lima_877": 0.25320112705230713
        },
        "lima_878": {
            "lima_878": 0.2952021658420563,
            "lima_550": 0.027216821908950806,
            "lima_157": -0.003377187065780163,
            "lima_991": 0.035777218639850616,
            "lima_361": -0.0017092342022806406
        },
        "lima_879": {
            "lima_971": 0.03365282714366913,
            "lima_528": 0.03192266821861267,
            "lima_915": 0.016035404056310654,
            "lima_801": 0.01700793392956257,
            "lima_879": 0.28238314390182495
        },
        "lima_880": {
            "lima_561": 0.04344379901885986,
            "lima_806": 0.002116753254085779,
            "lima_842": 0.01446762029081583,
            "lima_938": 0.020507581532001495,
            "lima_880": 0.534273624420166
        },
        "lima_881": {
            "lima_830": 0.02438025362789631,
            "lima_64": 0.00834471732378006,
            "lima_844": 0.007508768700063229,
            "lima_516": 0.044939689338207245,
            "lima_881": 0.31401944160461426
        },
        "lima_882": {
            "lima_42": 0.009465335868299007,
            "lima_808": 0.015140010043978691,
            "lima_806": 0.018977029249072075,
            "lima_937": 0.04105155169963837,
            "lima_882": 0.30263349413871765
        },
        "lima_883": {
            "lima_883": 0.34188324213027954,
            "lima_921": -0.006849309429526329,
            "lima_867": 0.005757639650255442,
            "lima_453": 0.007224477827548981,
            "lima_965": 0.015346206724643707
        },
        "lima_884": {
            "lima_884": 0.30620014667510986,
            "lima_925": 0.026979990303516388,
            "lima_373": 0.01486402191221714,
            "lima_910": 0.0199054554104805,
            "lima_919": 0.012104194611310959
        },
        "lima_885": {
            "lima_350": 0.009202204644680023,
            "lima_293": 0.0004443149664439261,
            "lima_64": 0.008019644767045975,
            "lima_364": 0.002702797995880246,
            "lima_885": 0.2346341907978058
        },
        "lima_886": {
            "lima_886": 0.2696870267391205,
            "lima_874": 0.0655074417591095,
            "lima_374": -0.013625816442072392,
            "lima_998": 0.04299905151128769,
            "lima_256": 0.006897876970469952
        },
        "lima_887": {
            "lima_887": 0.4538639783859253,
            "lima_953": 0.025274209678173065,
            "lima_987": 0.0122603140771389,
            "lima_923": 0.02333816885948181,
            "lima_561": 0.03212587162852287
        },
        "lima_888": {
            "lima_888": 0.4125599265098572,
            "lima_864": 0.018271632492542267,
            "lima_986": 0.023087210953235626,
            "lima_893": 0.016173677518963814,
            "lima_905": 0.02550807222723961
        },
        "lima_889": {
            "lima_889": 0.38648027181625366,
            "lima_177": 0.00465975608676672,
            "lima_930": 0.001633495674468577,
            "lima_987": 0.012659850530326366,
            "lima_221": 0.004245515447109938
        },
        "lima_890": {
            "lima_808": 0.016521066427230835,
            "lima_814": -0.0024859344121068716,
            "lima_440": 0.0015461028087884188,
            "lima_846": -0.003265517530962825,
            "lima_890": 0.24820592999458313
        }
    },
    "58838016": {
        "lima_871": {
            "lima_658": 0.008065327070653439,
            "lima_587": 0.007523587439209223,
            "lima_221": -0.00029637120314873755,
            "lima_60": -0.007204899564385414,
            "lima_871": 0.036525338888168335
        },
        "lima_872": {
            "lima_374": -0.01715424656867981,
            "lima_172": 0.01542346179485321,
            "lima_127": -0.00449577858671546,
            "lima_203": 0.017292991280555725,
            "lima_872": 0.2774432897567749
        },
        "lima_873": {
            "lima_873": 0.43374699354171753,
            "lima_905": 0.011038477532565594,
            "lima_290": 0.006125022191554308,
            "lima_270": 0.006734821014106274,
            "lima_317": 0.007522843312472105
        },
        "lima_874": {
            "lima_874": 0.4547464847564697,
            "lima_885": 0.07736769318580627,
            "lima_875": 0.022981243208050728,
            "lima_931": 0.013258270919322968,
            "lima_587": -0.0015427574981004
        },
        "lima_875": {
            "lima_806": 0.0032754973508417606,
            "lima_814": 0.010059475898742676,
            "lima_850": 0.01940309628844261,
            "lima_808": 0.00925552286207676,
            "lima_875": 0.2642671465873718
        },
        "lima_876": {
            "lima_876": 0.3030465245246887,
            "lima_161": 0.01199699379503727,
            "lima_863": 0.03279777616262436,
            "lima_428": 0.0050976877100765705,
            "lima_127": -0.009828662499785423
        },
        "lima_877": {
            "lima_901": 0.01938633807003498,
            "lima_550": 0.0199745986610651,
            "lima_881": 0.06550805270671844,
            "lima_34": -0.002048468217253685,
            "lima_877": 0.25356408953666687
        },
        "lima_878": {
            "lima_878": 0.29530686140060425,
            "lima_550": 0.027045365422964096,
            "lima_157": -0.003907982259988785,
            "lima_991": 0.03519187867641449,
            "lima_361": -0.0011685413774102926
        },
        "lima_879": {
            "lima_971": 0.03404853492975235,
            "lima_528": 0.031602196395397186,
            "lima_915": 0.016389241442084312,
            "lima_801": 0.017399083822965622,
            "lima_879": 0.2828606963157654
        },
        "lima_880": {
            "lima_561": 0.04328449070453644,
            "lima_806": 0.0023757079616189003,
            "lima_842": 0.014290863648056984,
            "lima_938": 0.02017195150256157,
            "lima_880": 0.5344887971878052
        },
        "lima_881": {
            "lima_830": 0.024800121784210205,
            "lima_64": 0.008164606057107449,