{
    "11767808": {
        "lima_585": {
            "lima_585": 0.5216001272201538,
            "lima_316": -0.000968101026955992,
            "lima_731": -0.012805886566638947,
            "lima_13": -0.012749405577778816,
            "lima_614": -0.021111132577061653
        },
        "lima_586": {
            "lima_586": 0.4865373969078064,
            "lima_505": 0.04837016016244888,
            "lima_549": 0.02296897955238819,
            "lima_464": 0.07087481021881104,
            "lima_454": 0.03251934051513672
        },
        "lima_587": {
            "lima_587": 0.33584943413734436,
            "lima_519": 0.012745104730129242,
            "lima_161": 0.015463337302207947,
            "lima_597": 0.05860944092273712,
            "lima_658": 0.04486854374408722
        },
        "lima_588": {
            "lima_588": 0.39948007464408875,
            "lima_420": 0.046052731573581696,
            "lima_443": 0.058499954640865326,
            "lima_380": 0.025105759501457214,
            "lima_31": 0.007838932797312737
        },
        "lima_589": {
            "lima_589": 0.5518686175346375,
            "lima_559": 0.033536650240421295,
            "lima_112": 0.01367861870676279,
            "lima_569": -0.00442488631233573,
            "lima_533": 0.05802639573812485
        },
        "lima_590": {
            "lima_590": 0.6764988899230957,
            "lima_438": 0.06083808094263077,
            "lima_167": 0.028486154973506927,
            "lima_544": 0.031770411878824234,
            "lima_176": -0.0065915510058403015
        },
        "lima_591": {
            "lima_591": 0.6073087453842163,
            "lima_512": 0.09644222259521484,
            "lima_392": 0.028879590332508087,
            "lima_571": 0.02200039103627205,
            "lima_37": 0.026733089238405228
        },
        "lima_592": {
            "lima_592": 0.6121167540550232,
            "lima_386": 0.05522356182336807,
            "lima_868": 0.021802332252264023,
            "lima_498": 0.015790745615959167,
            "lima_91": 0.048542045056819916
        },
        "lima_593": {
            "lima_593": 0.16538912057876587,
            "lima_905": 0.006320605985820293,
            "lima_22": 0.010593639686703682,
            "lima_134": -0.0015351064503192902,
            "lima_218": -0.014844503253698349
        },
        "lima_594": {
            "lima_594": 0.3909856975078583,
            "lima_183": 0.054424021393060684,
            "lima_571": 0.010633263736963272,
            "lima_274": 0.04535287991166115,
            "lima_151": 0.02727270871400833
        },
        "lima_595": {
            "lima_595": 0.2570098042488098,
            "lima_550": 0.005740100052207708,
            "lima_910": 0.06972663104534149,
            "lima_885": 0.06432636082172394,
            "lima_898": 0.1021236926317215
        },
        "lima_596": {
            "lima_127": -0.0070016952231526375,
            "lima_497": 0.008818617090582848,
            "lima_103": -0.008273565210402012,
            "lima_593": 0.03187856823205948,
            "lima_596": 0.416693776845932
        },
        "lima_597": {
            "lima_597": 0.2461342215538025,
            "lima_519": 0.010080291889607906,
            "lima_161": 0.045627836138010025,
            "lima_521": 0.04054461792111397,
            "lima_587": 0.04907948896288872
        },
        "lima_598": {
            "lima_598": 0.483186274766922,
            "lima_550": 0.011151591315865517,
            "lima_995": 0.0272494088858366,
            "lima_530": 0.018399808555841446,
            "lima_859": 0.028177814558148384
        },
        "lima_599": {
            "lima_6": 0.033291783183813095,
            "lima_462": 0.024049043655395508,
            "lima_176": -0.006352539174258709,
            "lima_315": 0.014123023487627506,
            "lima_599": 0.18776288628578186
        },
        "lima_600": {
            "lima_600": 0.43633151054382324,
            "lima_424": 0.09513383358716965,
            "lima_776": 0.031587496399879456,
            "lima_401": -0.010961061343550682,
            "lima_91": 0.0668841004371643
        },
        "lima_601": {
            "lima_601": 0.6480894684791565,
            "lima_587": 0.008117230609059334,
            "lima_55": 0.0041455780155956745,
            "lima_769": 0.013017772696912289,
            "lima_583": 0.02462800219655037
        },
        "lima_602": {
            "lima_602": 0.4221089482307434,
            "lima_55": 0.009355124086141586,
            "lima_860": 0.02335451729595661,
            "lima_587": 0.018938884139060974,
            "lima_249": 0.02102538011968136
        },
        "lima_603": {
            "lima_587": 0.02974463254213333,
            "lima_603": 0.16092078387737274,
            "lima_583": 0.03971848636865616,
            "lima_55": 0.04149383306503296,
            "lima_161": 0.023371480405330658
        },
        "lima_604": {
            "lima_604": 0.3665856719017029,
            "lima_587": 0.02309831604361534,
            "lima_195": 0.025393269956111908,
            "lima_266": 0.01803414151072502,
            "lima_475": 0.021339494735002518
        }
    },
    "58838016": {
        "lima_585": {
            "lima_585": 0.5220462679862976,
            "lima_316": -0.001292539294809103,
            "lima_731": -0.01333385705947876,
            "lima_13": -0.012671870179474354,
            "lima_614": -0.021236805245280266
        },
        "lima_586": {
            "lima_586": 0.4863465130329132,
            "lima_505": 0.048814475536346436,
            "lima_549": 0.023349694907665253,
            "lima_464": 0.07068060338497162,
            "lima_454": 0.03314005583524704
        },
        "lima_587": {
            "lima_587": 0.33584344387054443,
            "lima_519": 0.012775194831192493,
            "lima_161": 0.015160387381911278,
            "lima_597": 0.05822904407978058,
            "lima_658": 0.045152511447668076
        },
        "lima_588": {
            "lima_588": 0.3995094299316406,
            "lima_420": 0.046055782586336136,
            "lima_443": 0.05867855250835419,
            "lima_380": 0.02543959766626358,
            "lima_31": 0.007735410705208778
        },
        "lima_589": {
            "lima_589": 0.5517921447753906,
            "lima_559": 0.03408949077129364,
            "lima_112": 0.013926899060606956,
            "lima_569": -0.004531342536211014,
            "lima_533": 0.058466508984565735
        },
        "lima_590": {
            "lima_590": 0.676323652267456,
            "lima_438": 0.06057507544755936,
            "lima_167": 0.028404703363776207,
            "lima_544": 0.03166802227497101,
            "lima_176": -0.006753182504326105
        },
        "lima_591": {
            "lima_591": 0.6074820756912231,
            "lima_512": 0.09701226651668549,
            "lima_392": 0.02881219983100891,
            "lima_571": 0.02157759480178356,
            "lima_37": 0.026864832267165184
        },
        "lima_592": {
            "lima_592": 0.6122124195098877,
            "lima_386": 0.05559193715453148,
            "lima_868": 0.021151337772607803,
            "lima_498": 0.01606900617480278,
            "lima_91": 0.04899771884083748
        },
        "lima_593": {
            "lima_593": 0.165193110704422,
            "lima_905": 0.0059687476605176926,
            "lima_22": 0.010576978325843811,
            "lima_134": -0.0013865989167243242,
            "lima_218": -0.014987576752901077
        },
        "lima_594": {
            "lima_594": 0.39056286215782166,
            "lima_183": 0.0538887158036232,
            "lima_571": 0.01120402105152607,
            "lima_274": 0.045599713921546936,
            "lima_151": 0.02765386737883091
        },
        "lima_595": {
            "lima_595": 0.2569909393787384,
            "lima_550": 0.005796140991151333,
            "lima_910": 0.07027199864387512,