{
    "11767808": {
        "lima_668": {
            "lima_668": 0.4674161374568939,
            "lima_374": -0.012411560863256454,
            "lima_512": 0.03205887973308563,
            "lima_588": 0.00858781673014164,
            "lima_205": 0.007970623672008514
        },
        "lima_669": {
            "lima_669": 0.616407573223114,
            "lima_587": 0.01913415640592575,
            "lima_195": 0.013397444039583206,
            "lima_872": 0.032786983996629715,
            "lima_583": 0.026171978563070297
        },
        "lima_670": {
            "lima_670": 0.4432655870914459,
            "lima_40": -0.017593495547771454,
            "lima_136": -0.01514666248112917,
            "lima_6": -0.008859620429575443,
            "lima_462": 0.010263709351420403
        },
        "lima_671": {
            "lima_671": 0.4570363759994507,
            "lima_279": 0.011100413277745247,
            "lima_11": 0.01631089299917221,
            "lima_41": 0.002883612411096692,
            "lima_462": 0.028209229931235313
        },
        "lima_672": {
            "lima_672": 0.47449278831481934,
            "lima_462": 0.03936326503753662,
            "lima_587": 0.03127421438694,
            "lima_740": 0.0564953088760376,
            "lima_588": 0.02081243321299553
        },
        "lima_673": {
            "lima_673": 0.46093493700027466,
            "lima_6": 0.0034793715458363295,
            "lima_462": 0.036270033568143845,
            "lima_176": 0.013903358019888401,
            "lima_315": 0.0007892833673395216
        },
        "lima_674": {
            "lima_674": 0.6146566867828369,
            "lima_319": -0.008415872231125832,
            "lima_45": 0.013704879209399223,
            "lima_588": 0.01766606606543064,
            "lima_380": 0.014000189490616322
        },
        "lima_675": {
            "lima_675": 0.43533551692962646,
            "lima_588": 0.029655152931809425,
            "lima_380": 0.015615178272128105,
            "lima_98": 0.00844424869865179,
            "lima_512": 0.021376483142375946
        },
        "lima_676": {
            "lima_676": 0.5022287368774414,
            "lima_481": 0.024338698014616966,
            "lima_999": 0.011997966095805168,
            "lima_11": 0.02597714029252529,
            "lima_48": 0.031814202666282654
        },
        "lima_677": {
            "lima_587": 0.01767827197909355,
            "lima_195": 0.00847423542290926,
            "lima_295": 0.018191296607255936,
            "lima_188": 0.016779914498329163,
            "lima_677": 0.3594631552696228
        },
        "lima_678": {
            "lima_678": 0.4818509817123413,
            "lima_374": 0.005775032564997673,
            "lima_306": -0.0026371097192168236,
            "lima_512": 0.027665339410305023,
            "lima_588": 0.022275274619460106
        },
        "lima_679": {
            "lima_587": 0.01837848126888275,
            "lima_679": 0.40202951431274414,
            "lima_824": 0.0011590075446292758,
            "lima_489": 0.036874059587717056,
            "lima_969": 0.03247746452689171
        },
        "lima_680": {
            "lima_680": 0.4112079441547394,
            "lima_587": 0.021843992173671722,
            "lima_462": 0.027516376227140427,
            "lima_6": 0.020775943994522095,
            "lima_290": 0.0032208857592195272
        },
        "lima_681": {
            "lima_681": 0.5338957905769348,
            "lima_539": 0.011734162457287312,
            "lima_235": 0.012165553867816925,
            "lima_527": 0.03307674825191498,
            "lima_406": 0.04972969740629196
        },
        "lima_683": {
            "lima_683": 0.7472461462020874,
            "lima_113": 0.0019802949391305447,
            "lima_667": 0.04600784555077553,
            "lima_393": -0.00033727704430930316,
            "lima_428": 0.00951949693262577
        },
        "lima_684": {
            "lima_684": 0.3944603204727173,
            "lima_587": 0.014334856532514095,
            "lima_188": 0.022245001047849655,
            "lima_489": 0.03990265727043152,
            "lima_583": 0.05058757960796356
        },
        "lima_685": {
            "lima_685": 0.5538833141326904,
            "lima_951": -0.0047489553689956665,
            "lima_374": -0.01469217985868454,
            "lima_512": 0.005892591550946236,
            "lima_862": 0.012402456253767014
        },
        "lima_686": {
            "lima_686": 0.2852902412414551,
            "lima_587": 0.010373847559094429,
            "lima_583": 0.019299432635307312,
            "lima_284": 0.009135251864790916,
            "lima_517": 0.032404620200395584
        },
        "lima_687": {
            "lima_687": 0.21045592427253723,
            "lima_169": -0.004968409892171621,
            "lima_48": 0.014319663867354393,
            "lima_290": 0.00113189360126853,
            "lima_195": 0.0032138677779585123
        },
        "lima_688": {
            "lima_688": 0.5331771969795227,
            "lima_80": 0.0037003555335104465,
            "lima_512": 0.019034551456570625,
            "lima_588": 0.009419035166501999,
            "lima_205": 0.011379428207874298
        }
    },
    "58838016": {
        "lima_668": {
            "lima_668": 0.4674791693687439,
            "lima_374": -0.012657314538955688,
            "lima_512": 0.031746312975883484,
            "lima_588": 0.008458678610622883,
            "lima_205": 0.008062057197093964
        },
        "lima_669": {
            "lima_669": 0.6164854764938354,
            "lima_587": 0.019361309707164764,
            "lima_195": 0.013520878739655018,
            "lima_872": 0.033121924847364426,
            "lima_583": 0.02585558593273163
        },
        "lima_670": {
            "lima_670": 0.4432560205459595,
            "lima_40": -0.016549600288271904,
            "lima_136": -0.014813162386417389,
            "lima_6": -0.008287966251373291,
            "lima_462": 0.01007465086877346
        },
        "lima_671": {
            "lima_671": 0.4568231403827667,
            "lima_279": 0.011225501075387001,
            "lima_11": 0.016331281512975693,
            "lima_41": 0.0034991521388292313,
            "lima_462": 0.028213944286108017
        },
        "lima_672": {
            "lima_672": 0.4743236005306244,
            "lima_462": 0.03912409022450447,
            "lima_587": 0.031175220385193825,
            "lima_740": 0.056509070098400116,
            "lima_588": 0.021244708448648453
        },
        "lima_673": {
            "lima_673": 0.4607640504837036,
            "lima_6": 0.0036937836557626724,
            "lima_462": 0.03673850744962692,
            "lima_176": 0.013600153848528862,
            "lima_315": 0.0008279673056676984
        },
        "lima_674": {
            "lima_674": 0.6145889759063721,
            "lima_319": -0.00870862603187561,
            "lima_45": 0.013599538244307041,
            "lima_588": 0.017071962356567383,
            "lima_380": 0.01425289735198021
        },
        "lima_675": {
            "lima_675": 0.43564289808273315,
            "lima_588": 0.029622308909893036,
            "lima_380": 0.015839261934161186,
            "lima_98": 0.007643413729965687,
            "lima_512": 0.021811233833432198
        },
        "lima_676": {
            "lima_676": 0.5029816627502441,
            "lima_481": 0.024504834786057472,
            "lima_999": 0.012087835930287838,
            "lima_11": 0.026761408895254135,
            "lima_48": 0.0315815769135952
        },
        "lima_677": {
            "lima_587": 0.017845168709754944,
            "lima_195": 0.008852798491716385,
            "lima_295": 0.01829640194773674,
            "lima_188": 0.016566334292292595,
            "lima_677": 0.35953599214553833
        },
        "lima_678": {
            "lima_678": 0.48173102736473083,
            "lima_374": 0.005704442039132118,
            "lima_306": -0.002570108510553837,