{
    "11767808": {
        "lima_751": {
            "lima_751": 0.317912220954895,
            "lima_587": 0.029104936867952347,
            "lima_491": 0.012789389118552208,
            "lima_646": 0.07880374789237976,
            "lima_583": 0.03931879252195358
        },
        "lima_752": {
            "lima_752": 0.5123099088668823,
            "lima_290": -0.00020689077791757882,
            "lima_6": -0.0066877990029752254,
            "lima_588": 0.011370725929737091,
            "lima_462": 0.018611468374729156
        },
        "lima_753": {
            "lima_374": -0.00683325482532382,
            "lima_753": 0.3767683804035187,
            "lima_615": 0.07296757400035858,
            "lima_512": 0.04368327558040619,
            "lima_588": 0.025955647230148315
        },
        "lima_754": {
            "lima_754": 0.43049198389053345,
            "lima_428": -0.0012608002871274948,
            "lima_279": 0.01165216974914074,
            "lima_11": 0.013815280050039291,
            "lima_48": 0.017170216888189316
        },
        "lima_755": {
            "lima_755": 0.43028366565704346,
            "lima_11": 0.005648614838719368,
            "lima_119": 0.030096448957920074,
            "lima_157": 0.003603004850447178,
            "lima_387": 0.0006444217287935317
        },
        "lima_756": {
            "lima_756": 0.398396372795105,
            "lima_374": -0.007939459756016731,
            "lima_720": 0.024117933586239815,
            "lima_711": 0.0438825786113739,
            "lima_837": 0.028691507875919342
        },
        "lima_757": {
            "lima_757": 0.3409384489059448,
            "lima_315": -0.003673415631055832,
            "lima_759": 0.03017909824848175,
            "lima_671": 0.013396135531365871,
            "lima_462": 0.013972612097859383
        },
        "lima_758": {
            "lima_758": 0.5866197943687439,
            "lima_512": 0.03317536786198616,
            "lima_588": 0.011471251957118511,
            "lima_489": 0.012197760865092278,
            "lima_583": 0.012047791853547096
        },
        "lima_759": {
            "lima_374": -0.014471370726823807,
            "lima_588": 0.021436888724565506,
            "lima_759": 0.4939599335193634,
            "lima_380": 0.017642086371779442,
            "lima_98": 0.002987493760883808
        },
        "lima_760": {
            "lima_11": 0.01779281534254551,
            "lima_101": 0.015083104372024536,
            "lima_52": 0.01951802894473076,
            "lima_279": 0.011984234675765038,
            "lima_760": 0.46107086539268494
        },
        "lima_761": {
            "lima_199": 0.004256044514477253,
            "lima_761": 0.5577070713043213,
            "lima_374": -0.01242764201015234,
            "lima_440": 0.0037161395885050297,
            "lima_837": 0.01803889498114586
        },
        "lima_762": {
            "lima_587": 0.011566922068595886,
            "lima_40": 0.002779311966150999,
            "lima_762": 0.3029513359069824,
            "lima_862": 0.002741751493886113,
            "lima_583": 0.029100697487592697
        },
        "lima_763": {
            "lima_763": 0.4637656807899475,
            "lima_961": 0.022791098803281784,
            "lima_409": 0.05360903590917587,
            "lima_604": 0.045666828751564026,
            "lima_134": 0.027546722441911697
        },
        "lima_764": {
            "lima_764": 0.47765493392944336,
            "lima_80": 0.005410254001617432,
            "lima_611": 0.04967065528035164,
            "lima_205": 0.011292660608887672,
            "lima_512": 0.020556867122650146
        },
        "lima_765": {
            "lima_587": 0.029562344774603844,
            "lima_462": 0.037141334265470505,
            "lima_6": 0.024367330595850945,
            "lima_134": 0.015800651162862778,
            "lima_765": 0.49619218707084656
        },
        "lima_766": {
            "lima_766": 0.18045219779014587,
            "lima_282": -0.0020439617801457644,
            "lima_40": 0.018363650888204575,
            "lima_187": 0.016611047089099884,
            "lima_191": 0.009434467181563377
        },
        "lima_767": {
            "lima_587": 0.007264277897775173,
            "lima_6": 0.031690120697021484,
            "lima_134": 0.013898996636271477,
            "lima_462": 0.043583497405052185,
            "lima_767": 0.036004893481731415
        },
        "lima_768": {
            "lima_768": 0.48615461587905884,
            "lima_80": 0.009712522849440575,
            "lima_395": 0.024297228083014488,
            "lima_196": 0.040274880826473236,
            "lima_164": 0.0032961792312562466
        },
        "lima_769": {
            "lima_769": 0.29623106122016907,
            "lima_587": 0.03169987350702286,
            "lima_55": 0.04923254996538162,
            "lima_916": 0.037677302956581116,
            "lima_601": 0.02869662269949913
        },
        "lima_770": {
            "lima_770": 0.4121527373790741,
            "lima_40": 0.000983987469226122,
            "lima_136": 0.002990472363308072,
            "lima_374": -0.014790723100304604,
            "lima_837": 0.017395690083503723
        }
    },
    "58838016": {
        "lima_751": {
            "lima_751": 0.3179389238357544,
            "lima_587": 0.028896115720272064,
            "lima_491": 0.012585284188389778,
            "lima_646": 0.07868597656488419,
            "lima_583": 0.039652019739151
        },
        "lima_752": {
            "lima_752": 0.5123640298843384,
            "lima_290": -0.001085981959477067,
            "lima_6": -0.006293971091508865,
            "lima_588": 0.0111146941781044,
            "lima_462": 0.018444707617163658
        },
        "lima_753": {
            "lima_374": -0.007103643845766783,
            "lima_753": 0.37639540433883667,
            "lima_615": 0.07312572747468948,
            "lima_512": 0.04349840432405472,
            "lima_588": 0.02538125216960907
        },
        "lima_754": {
            "lima_754": 0.43037348985671997,
            "lima_428": -0.000754934037104249,
            "lima_279": 0.012115302495658398,
            "lima_11": 0.013370819389820099,
            "lima_48": 0.01715381070971489
        },
        "lima_755": {
            "lima_755": 0.430510550737381,
            "lima_11": 0.005648860242217779,
            "lima_119": 0.03049178048968315,
            "lima_157": 0.0032935813069343567,
            "lima_387": 0.0005672292318195105
        },
        "lima_756": {
            "lima_756": 0.3985256254673004,
            "lima_374": -0.008214425295591354,
            "lima_720": 0.023443756625056267,
            "lima_711": 0.044350676238536835,
            "lima_837": 0.02827940508723259
        },
        "lima_757": {
            "lima_757": 0.34054985642433167,
            "lima_315": -0.003906380385160446,
            "lima_759": 0.029478343203663826,
            "lima_671": 0.013564417138695717,
            "lima_462": 0.014097348786890507
        },
        "lima_758": {
            "lima_758": 0.5862326622009277,
            "lima_512": 0.03374873101711273,
            "lima_588": 0.011830305680632591,
            "lima_489": 0.011848327703773975,
            "lima_583": 0.012211116030812263
        },
        "lima_759": {
            "lima_374": -0.013918096199631691,
            "lima_588": 0.021967332810163498,
            "lima_759": 0.49372291564941406,
            "lima_380": 0.017922230064868927,
            "lima_98": 0.003224381012842059
        },
        "lima_760": {
            "lima_11": 0.017581000924110413,
            "lima_101": 0.015518712811172009,
            "lima_52": 0.019534189254045486,
            "lima_279": 0.01271858997642994,
            "lima_760": 0.46133244037628174
        },
        "lima_761": {
            "lima_199": 0.004564887844026089,
            "lima_761": 0.5581482648849487,
            "lima_374": -0.012494107708334923,