{
    "11767808": {
        "lima_322": {
            "lima_322": 0.40213578939437866,
            "lima_211": 0.00756864296272397,
            "lima_391": 0.013861685991287231,
            "lima_166": 0.009817861951887608,
            "lima_83": 0.019902922213077545
        },
        "lima_323": {
            "lima_323": 0.3716524839401245,
            "lima_391": 0.013586454093456268,
            "lima_393": 0.009767974726855755,
            "lima_205": 0.017622381448745728,
            "lima_819": 0.002903156215324998
        },
        "lima_324": {
            "lima_324": 0.3306580185890198,
            "lima_70": 0.005602046847343445,
            "lima_395": -0.0025438047014176846,
            "lima_393": 0.005067118909209967,
            "lima_391": -0.002784831915050745
        },
        "lima_325": {
            "lima_325": 0.4024539291858673,
            "lima_230": 0.0014285987708717585,
            "lima_235": 0.00454481178894639,
            "lima_226": 0.00124515185598284,
            "lima_115": 0.016724146902561188
        },
        "lima_326": {
            "lima_326": 0.6781960129737854,
            "lima_316": 0.003687154036015272,
            "lima_294": -0.007936577312648296,
            "lima_191": 0.0016726984176784754,
            "lima_164": -0.008287599310278893
        },
        "lima_327": {
            "lima_327": 0.5687586665153503,
            "lima_169": 0.02381766587495804,
            "lima_152": -0.0038505415432155132,
            "lima_188": 0.015280816704034805,
            "lima_519": 0.012674586847424507
        },
        "lima_328": {
            "lima_328": 0.6662623882293701,
            "lima_113": 0.010657211765646935,
            "lima_42": 0.017740987241268158,
            "lima_905": 0.01180277206003666,
            "lima_204": 0.010956849902868271
        },
        "lima_329": {
            "lima_426": -0.005457479506731033,
            "lima_329": 0.5185767412185669,
            "lima_512": 0.00888841599225998,
            "lima_205": 0.014208007603883743,
            "lima_348": 0.009236101992428303
        },
        "lima_330": {
            "lima_330": 0.5227375626564026,
            "lima_203": 0.010566744953393936,
            "lima_237": 0.02522672340273857,
            "lima_83": 0.006648567039519548,
            "lima_172": 0.0074229310266673565
        },
        "lima_331": {
            "lima_520": 0.004431430250406265,
            "lima_331": 0.8779081106185913,
            "lima_170": 0.025520332157611847,
            "lima_27": 0.013933805748820305,
            "lima_392": 0.011575302109122276
        },
        "lima_332": {
            "lima_332": 0.5729368925094604,
            "lima_396": 0.017110129818320274,
            "lima_274": 0.018298543989658356,
            "lima_248": -0.009361435659229755,
            "lima_80": 0.02311140112578869
        },
        "lima_333": {
            "lima_333": 0.380301833152771,
            "lima_134": 0.01575743965804577,
            "lima_103": -0.010931412689387798,
            "lima_991": 0.02995988354086876,
            "lima_173": 0.0005315756425261497
        },
        "lima_334": {
            "lima_334": 0.39129194617271423,
            "lima_562": 0.030791927129030228,
            "lima_753": 0.007279354613274336,
            "lima_187": 0.01270816009491682,
            "lima_766": 0.009942211210727692
        },
        "lima_335": {
            "lima_335": 0.41267669200897217,
            "lima_273": 0.0389779657125473,
            "lima_292": 0.046671248972415924,
            "lima_260": 0.0402262918651104,
            "lima_405": 0.0066414098255336285
        },
        "lima_336": {
            "lima_336": 0.39645862579345703,
            "lima_570": 0.0326734259724617,
            "lima_168": 0.026708707213401794,
            "lima_104": 0.0316992811858654,
            "lima_134": 0.014818183146417141
        },
        "lima_337": {
            "lima_337": 0.32950109243392944,
            "lima_211": 0.01701701059937477,
            "lima_64": 0.012428579851984978,
            "lima_253": 0.0010213754139840603,
            "lima_123": 0.02405073493719101
        },
        "lima_338": {
            "lima_338": 0.5255153775215149,
            "lima_183": 0.03830397501587868,
            "lima_438": 0.02615465223789215,
            "lima_556": 0.0271550714969635,
            "lima_76": 0.011365189217031002
        },
        "lima_339": {
            "lima_339": 0.4950084686279297,
            "lima_64": -0.009792112745344639,
            "lima_80": 0.037908945232629776,
            "lima_237": 0.005491659976541996,
            "lima_11": 0.021059054881334305
        },
        "lima_340": {
            "lima_340": 0.38922119140625,
            "lima_134": 0.005743124056607485,
            "lima_534": 0.0015755451750010252,
            "lima_476": 0.007238754536956549,
            "lima_151": 0.009244457818567753
        },
        "lima_341": {
            "lima_341": 0.5821319818496704,
            "lima_125": 0.030869048088788986,
            "lima_313": 0.01204649917781353,
            "lima_80": 0.009904119186103344,
            "lima_302": 0.024530630558729172
        }
    },
    "58838016": {
        "lima_322": {
            "lima_322": 0.4020068943500519,
            "lima_211": 0.007942450232803822,
            "lima_391": 0.013601120561361313,
            "lima_166": 0.009467100724577904,
            "lima_83": 0.019882313907146454
        },
        "lima_323": {
            "lima_323": 0.37122613191604614,
            "lima_391": 0.012827197089791298,
            "lima_393": 0.00978016760200262,
            "lima_205": 0.018416225910186768,
            "lima_819": 0.0028155562467873096
        },
        "lima_324": {
            "lima_324": 0.33066698908805847,
            "lima_70": 0.00524936942383647,
            "lima_395": -0.0024742931127548218,
            "lima_393": 0.005060570780187845,
            "lima_391": -0.0033011850900948048
        },
        "lima_325": {
            "lima_325": 0.40276968479156494,
            "lima_230": 0.0014764596708118916,
            "lima_235": 0.004861134570091963,
            "lima_226": 0.001111457822844386,
            "lima_115": 0.016679685562849045
        },
        "lima_326": {
            "lima_326": 0.677924633026123,
            "lima_316": 0.0032462729141116142,
            "lima_294": -0.00807154644280672,
            "lima_191": 0.002053250093013048,
            "lima_164": -0.008391926065087318
        },
        "lima_327": {
            "lima_327": 0.5687674283981323,
            "lima_169": 0.0241951122879982,
            "lima_152": -0.003794158110395074,
            "lima_188": 0.015082423575222492,
            "lima_519": 0.01224132813513279
        },
        "lima_328": {
            "lima_328": 0.6666282415390015,
            "lima_113": 0.010636448860168457,
            "lima_42": 0.017802858725190163,
            "lima_905": 0.011956618167459965,
            "lima_204": 0.011495658196508884
        },
        "lima_329": {
            "lima_426": -0.0055488720536231995,
            "lima_329": 0.5183109045028687,
            "lima_512": 0.008830079808831215,
            "lima_205": 0.014079189859330654,
            "lima_348": 0.008962486870586872
        },
        "lima_330": {
            "lima_330": 0.5226255059242249,
            "lima_203": 0.010892697609961033,
            "lima_237": 0.026142071932554245,
            "lima_83": 0.00684750359505415,
            "lima_172": 0.007555527146905661
        },
        "lima_331": {
            "lima_520": 0.0043152510188519955,
            "lima_331": 0.8778907060623169,
            "lima_170": 0.025075331330299377,
            "lima_27": 0.013875685632228851,
            "lima_392": 0.011824142187833786
        },
        "lima_332": {
            "lima_332": 0.5731397867202759,
            "lima_396": 0.01707473397254944,
            "lima_274": 0.017589762806892395,