{
    "11767808": {
        "lima_0": {
            "lima_0": 0.5135418176651001,
            "lima_451": 0.0007534917094744742,
            "lima_947": 0.005806136876344681,
            "lima_266": 0.04302623122930527,
            "lima_110": 0.01346637960523367
        },
        "lima_1": {
            "lima_1": 0.393966943025589,
            "lima_122": 0.0070092459209263325,
            "lima_22": 0.001272225403226912,
            "lima_337": 0.014285971410572529,
            "lima_83": 0.008079105988144875
        },
        "lima_2": {
            "lima_2": 0.8310344219207764,
            "lima_1": -0.007906749844551086,
            "lima_162": 0.0012968771625310183,
            "lima_44": -0.0030124466866254807,
            "lima_94": 0.010973835363984108
        },
        "lima_3": {
            "lima_3": 0.5926477313041687,
            "lima_249": 0.031131599098443985,
            "lima_211": 0.02191045507788658,
            "lima_203": 0.0035716365091502666,
            "lima_110": 0.01908063516020775
        },
        "lima_4": {
            "lima_4": 0.5962127447128296,
            "lima_22": 0.013102741912007332,
            "lima_296": 0.004932907409965992,
            "lima_179": 0.013364150188863277,
            "lima_397": 0.0005332970176823437
        },
        "lima_5": {
            "lima_5": 0.5565826892852783,
            "lima_378": 0.00778124900534749,
            "lima_145": 0.0039107417687773705,
            "lima_199": 0.0050704893656075,
            "lima_17": 0.008311344310641289
        },
        "lima_6": {
            "lima_6": 0.5410141944885254,
            "lima_40": 0.02399231307208538,
            "lima_411": 0.006044863257557154,
            "lima_169": -0.0006884176400490105,
            "lima_259": 0.012065459974110126
        },
        "lima_7": {
            "lima_7": 0.7483809590339661,
            "lima_170": 0.01484770979732275,
            "lima_64": -0.0025659438688308,
            "lima_17": 0.025071250274777412,
            "lima_87": 0.012340149842202663
        },
        "lima_8": {
            "lima_8": 0.46097123622894287,
            "lima_36": 0.019967369735240936,
            "lima_92": 0.017686981707811356,
            "lima_227": 0.012767193838953972,
            "lima_391": 0.0008116108365356922
        },
        "lima_9": {
            "lima_9": 0.4499879479408264,
            "lima_52": 0.03649310767650604,
            "lima_191": 0.014754904434084892,
            "lima_164": 0.006155836395919323,
            "lima_226": 0.0063967169262468815
        },
        "lima_10": {
            "lima_10": 0.6046034097671509,
            "lima_130": 0.019097859039902687,
            "lima_942": 0.016099080443382263,
            "lima_905": 0.029410425573587418,
            "lima_551": 0.010179259814321995
        },
        "lima_11": {
            "lima_11": 0.5767696499824524,
            "lima_347": -0.0008881722460500896,
            "lima_137": 0.023885130882263184,
            "lima_165": 0.005717915948480368,
            "lima_248": -0.004808063618838787
        },
        "lima_12": {
            "lima_12": 0.3809303045272827,
            "lima_83": 0.009001118130981922,
            "lima_180": 0.037710193544626236,
            "lima_391": 0.0008427029242739081,
            "lima_364": 0.012426202185451984
        },
        "lima_13": {
            "lima_13": 0.28929808735847473,
            "lima_378": 0.014687210321426392,
            "lima_542": 0.06807255744934082,
            "lima_179": 0.0048493193462491035,
            "lima_267": 0.008316632360219955
        },
        "lima_14": {
            "lima_14": 0.7862808108329773,
            "lima_164": -0.0028010562527924776,
            "lima_191": 0.0009917113929986954,
            "lima_72": 0.014455800876021385,
            "lima_103": 0.0008825394907034934
        },
        "lima_15": {
            "lima_15": 0.4121827781200409,
            "lima_308": -0.00030600838363170624,
            "lima_281": 0.007873386144638062,
            "lima_98": 0.008484967052936554,
            "lima_249": 0.002720992546528578
        },
        "lima_16": {
            "lima_16": 0.5949313640594482,
            "lima_80": 0.043323539197444916,
            "lima_211": 0.033711280673742294,
            "lima_164": 0.020340923219919205,
            "lima_396": 0.024348240345716476
        },
        "lima_17": {
            "lima_17": 0.8074281811714172,
            "lima_64": 0.007730577141046524,
            "lima_213": 0.010240955278277397,
            "lima_211": 0.0017522727139294147,
            "lima_78": 0.008204858750104904
        },
        "lima_18": {
            "lima_18": 0.5210574865341187,
            "lima_369": 0.00548597564920783,
            "lima_135": 0.006693036295473576,
            "lima_241": 0.029728317633271217,
            "lima_45": 0.0032706279307603836
        },
        "lima_19": {
            "lima_19": 0.5660032629966736,
            "lima_3": 0.0021824389696121216,
            "lima_195": 0.02052769809961319,
            "lima_265": 0.025475727394223213,
            "lima_241": 0.029851693660020828
        }
    },
    "58838016": {
        "lima_0": {
            "lima_0": 0.5138651132583618,
            "lima_451": 0.00042521647992543876,
            "lima_947": 0.0055161770433187485,
            "lima_266": 0.04300757870078087,
            "lima_110": 0.012979536317288876
        },
        "lima_1": {
            "lima_1": 0.393799364566803,
            "lima_122": 0.006938146892935038,
            "lima_22": 0.0011143457377329469,
            "lima_337": 0.014011143706738949,
            "lima_83": 0.00743098696693778
        },
        "lima_2": {
            "lima_2": 0.8310835361480713,
            "lima_1": -0.007796354591846466,
            "lima_162": 0.0015362605918198824,
            "lima_44": -0.0027839369140565395,
            "lima_94": 0.011428022757172585
        },
        "lima_3": {
            "lima_3": 0.5926471948623657,
            "lima_249": 0.031538430601358414,
            "lima_211": 0.021699871867895126,
            "lima_203": 0.0036911279894411564,
            "lima_110": 0.0194830521941185
        },
        "lima_4": {
            "lima_4": 0.5961380004882812,
            "lima_22": 0.013383883982896805,
            "lima_296": 0.0050059156492352486,
            "lima_179": 0.013501647859811783,
            "lima_397": 0.0009229299612343311
        },
        "lima_5": {
            "lima_5": 0.5572463870048523,
            "lima_378": 0.008125324733555317,
            "lima_145": 0.003966315649449825,
            "lima_199": 0.005266507156193256,
            "lima_17": 0.008230671286582947
        },
        "lima_6": {
            "lima_6": 0.5412778854370117,
            "lima_40": 0.023192444816231728,
            "lima_411": 0.0055390032939612865,
            "lima_169": -0.0011840149527415633,
            "lima_259": 0.01219281554222107
        },
        "lima_7": {
            "lima_7": 0.7485740184783936,
            "lima_170": 0.014670086093246937,
            "lima_64": -0.002636189106851816,
            "lima_17": 0.025301091372966766,
            "lima_87": 0.011831032112240791
        },
        "lima_8": {
            "lima_8": 0.4610176980495453,
            "lima_36": 0.019383186474442482,
            "lima_92": 0.017420995980501175,
            "lima_227": 0.01303051970899105,
            "lima_391": 0.001142817665822804
        },
        "lima_9": {
            "lima_9": 0.44938501715660095,
            "lima_52": 0.03663719445466995,
            "lima_191": 0.015602652914822102,
            "lima_164": 0.0056250812485814095,
            "lima_226": 0.0064537785947322845
        },
        "lima_10": {
            "lima_10": 0.6043530702590942,
            "lima_130": 0.018902918323874474,
            "lima_942": 0.016660543158650398,
            "lima_905": 0.02941059321165085,
            "lima_551": 0.009937338531017303
        },