{
    "11767808": {
        "lima_911": {
            "lima_240": 0.02984042651951313,
            "lima_846": 0.015056068077683449,
            "lima_838": 0.022355858236551285,
            "lima_905": 0.040349215269088745,
            "lima_911": 0.38340938091278076
        },
        "lima_912": {
            "lima_806": 0.012555613182485104,
            "lima_814": 0.01971563696861267,
            "lima_842": 0.0325947031378746,
            "lima_938": 0.011455454863607883,
            "lima_912": 0.2668910026550293
        },
        "lima_913": {
            "lima_913": 0.3678268492221832,
            "lima_988": 0.026670381426811218,
            "lima_306": 0.009176000021398067,
            "lima_916": 0.026328623294830322,
            "lima_993": 0.008674271404743195
        },
        "lima_914": {
            "lima_550": 0.014828519895672798,
            "lima_875": 0.01583077572286129,
            "lima_859": 0.023672640323638916,
            "lima_850": 0.02655809558928013,
            "lima_914": 0.22920118272304535
        },
        "lima_915": {
            "lima_228": -0.009761601686477661,
            "lima_374": -0.018531812354922295,
            "lima_203": -0.004616698250174522,
            "lima_915": 0.4016972780227661,
            "lima_332": 0.0011784827802330256
        },
        "lima_916": {
            "lima_916": 0.4242019057273865,
            "lima_988": 0.02653169445693493,
            "lima_950": -0.010286238044500351,
            "lima_127": -0.014718713238835335,
            "lima_492": 0.024705981835722923
        },
        "lima_917": {
            "lima_806": 0.015688203275203705,
            "lima_561": 0.029781976714730263,
            "lima_814": 0.014333561062812805,
            "lima_842": 0.015571994706988335,
            "lima_917": 0.41223233938217163
        },
        "lima_918": {
            "lima_918": 0.228420227766037,
            "lima_315": -0.0098563926294446,
            "lima_988": 0.03144138306379318,
            "lima_499": 0.026832720264792442,
            "lima_965": 0.029099203646183014
        },
        "lima_919": {
            "lima_364": 0.020982034504413605,
            "lima_203": 0.018326222896575928,
            "lima_172": 0.021113045513629913,
            "lima_37": 0.04365023225545883,
            "lima_919": 0.3354501724243164
        },
        "lima_920": {
            "lima_920": 0.22263145446777344,
            "lima_300": 0.0010521902004256845,
            "lima_264": -0.008343199267983437,
            "lima_209": -0.002940054517239332,
            "lima_364": 0.011003872379660606
        },
        "lima_921": {
            "lima_921": 0.3542507290840149,
            "lima_80": 0.014551419764757156,
            "lima_806": 0.0046815816313028336,
            "lima_240": 0.01415166910737753,
            "lima_270": 0.013720406219363213
        },
        "lima_922": {
            "lima_374": -0.005675074644386768,
            "lima_163": -0.006943849381059408,
            "lima_225": -0.002947161439806223,
            "lima_430": 0.010605177842080593,
            "lima_922": 0.21368610858917236
        },
        "lima_923": {
            "lima_923": 0.4577981233596802,
            "lima_901": 0.013048737309873104,
            "lima_902": 0.02012687362730503,
            "lima_998": 0.05379355326294899,
            "lima_561": 0.03825126588344574
        },
        "lima_924": {
            "lima_924": 0.4555495083332062,
            "lima_109": 0.010599322617053986,
            "lima_906": 0.009941823780536652,
            "lima_203": 0.010687757283449173,
            "lima_245": 0.022915232926607132
        },
        "lima_925": {
            "lima_925": 0.4396911859512329,
            "lima_972": 0.060960739850997925,
            "lima_550": 0.00803292915225029,
            "lima_953": 0.05803868547081947,
            "lima_884": 0.02733728475868702
        },
        "lima_926": {
            "lima_926": 0.2862326502799988,
            "lima_808": 0.0017298157326877117,
            "lima_927": 0.015654100105166435,
            "lima_1": -0.004899880848824978,
            "lima_100": -0.004275144077837467
        },
        "lima_927": {
            "lima_927": 0.36066386103630066,
            "lima_972": 0.00909958966076374,
            "lima_499": -0.005639463663101196,
            "lima_905": 0.0045670573599636555,
            "lima_808": 0.008692087605595589
        },
        "lima_928": {
            "lima_463": 0.015354098752140999,
            "lima_196": 0.015298064798116684,
            "lima_379": -0.0022313864901661873,
            "lima_428": 0.002447984181344509,
            "lima_928": 0.23372811079025269
        },
        "lima_929": {
            "lima_905": 0.030665334314107895,
            "lima_350": 0.005792456679046154,
            "lima_45": -0.0006779857212677598,
            "lima_999": 0.027997590601444244,
            "lima_929": 0.18783503770828247
        },
        "lima_930": {
            "lima_930": 0.34304845333099365,
            "lima_819": 0.0028664949350059032,
            "lima_159": 0.003985722083598375,
            "lima_950": -0.00482325442135334,
            "lima_233": -0.005225179251283407
        }
    },
    "58838016": {
        "lima_911": {
            "lima_240": 0.029411977156996727,
            "lima_846": 0.01515829935669899,
            "lima_838": 0.023023977875709534,
            "lima_905": 0.04018985480070114,
            "lima_911": 0.3835756182670593
        },
        "lima_912": {
            "lima_806": 0.012488553300499916,
            "lima_814": 0.01975112408399582,
            "lima_842": 0.03284149989485741,
            "lima_938": 0.011576522141695023,
            "lima_912": 0.26725322008132935
        },
        "lima_913": {
            "lima_913": 0.3676460385322571,
            "lima_988": 0.026665886864066124,
            "lima_306": 0.00881260633468628,
            "lima_916": 0.026080694049596786,
            "lima_993": 0.008627861738204956
        },
        "lima_914": {
            "lima_550": 0.015526462346315384,
            "lima_875": 0.016489136964082718,
            "lima_859": 0.024451538920402527,
            "lima_850": 0.026338333263993263,
            "lima_914": 0.2294265627861023
        },
        "lima_915": {
            "lima_228": -0.009569565765559673,
            "lima_374": -0.01893315464258194,
            "lima_203": -0.0045845964923501015,
            "lima_915": 0.401889830827713,
            "lima_332": 0.0016867400845512748
        },
        "lima_916": {
            "lima_916": 0.42433780431747437,
            "lima_988": 0.026894956827163696,
            "lima_950": -0.01015400979667902,
            "lima_127": -0.014805912040174007,
            "lima_492": 0.024224288761615753
        },
        "lima_917": {
            "lima_806": 0.016186382621526718,
            "lima_561": 0.029370028525590897,
            "lima_814": 0.01430796179920435,
            "lima_842": 0.015147538855671883,
            "lima_917": 0.4122021198272705
        },
        "lima_918": {
            "lima_918": 0.22789746522903442,
            "lima_315": -0.009937796741724014,
            "lima_988": 0.031192131340503693,
            "lima_499": 0.02681741863489151,
            "lima_965": 0.029335293918848038
        },
        "lima_919": {
            "lima_364": 0.021062936633825302,
            "lima_203": 0.01835595816373825,
            "lima_172": 0.021151911467313766,
            "lima_37": 0.0433100201189518,
            "lima_919": 0.3350600004196167
        },
        "lima_920": {
            "lima_920": 0.2227115035057068,
            "lima_300": 0.0014364301459863782,
            "lima_264": -0.008014529943466187,
            "lima_209": -0.0023257096763700247,
            "lima_364": 0.010902512818574905
        },
        "lima_921": {
            "lima_921": 0.35398808121681213,
            "lima_80": 0.014481407590210438,