{
    "11767808": {
        "lima_791": {
            "lima_791": 0.5499330759048462,
            "lima_588": 0.021828357130289078,
            "lima_374": -0.0037737570237368345,
            "lima_349": 0.016162121668457985,
            "lima_196": 0.018900420516729355
        },
        "lima_792": {
            "lima_792": 0.5940448045730591,
            "lima_48": 0.02039487287402153,
            "lima_822": 0.0019291479839012027,
            "lima_169": 0.0063921380788087845,
            "lima_728": 0.02316952496767044
        },
        "lima_793": {
            "lima_587": 0.014414535835385323,
            "lima_793": 0.35976922512054443,
            "lima_632": 0.0493372306227684,
            "lima_462": 0.0551060289144516,
            "lima_588": 0.04019508138298988
        },
        "lima_794": {
            "lima_794": 0.36695775389671326,
            "lima_290": 0.007100307382643223,
            "lima_462": 0.0285554900765419,
            "lima_6": 0.012974313460290432,
            "lima_503": 0.02745882421731949
        },
        "lima_795": {
            "lima_795": 0.44168055057525635,
            "lima_195": 0.020745951682329178,
            "lima_265": 0.02338283695280552,
            "lima_152": 0.018549412488937378,
            "lima_175": 0.015026619657874107
        },
        "lima_796": {
            "lima_796": 0.48707646131515503,
            "lima_6": 0.03519534692168236,
            "lima_462": 0.04644792526960373,
            "lima_176": -0.007496784441173077,
            "lima_315": 0.011362015269696712
        },
        "lima_797": {
            "lima_797": 0.5097828507423401,
            "lima_6": -0.0003027715429197997,
            "lima_462": 0.0175023190677166,
            "lima_176": -0.003528660861775279,
            "lima_315": -0.003288751933723688
        },
        "lima_798": {
            "lima_798": 0.13237664103507996,
            "lima_587": 0.026383060961961746,
            "lima_721": 0.05241943150758743,
            "lima_732": 0.07336635887622833,
            "lima_583": 0.05035891383886337
        },
        "lima_799": {
            "lima_799": 0.39421772956848145,
            "lima_374": -0.008336171507835388,
            "lima_512": 0.029275983572006226,
            "lima_862": 0.003993143793195486,
            "lima_538": 0.009193173609673977
        },
        "lima_800": {
            "lima_800": 0.04528356343507767,
            "lima_964": 0.007088853977620602,
            "lima_965": 0.004771626088768244,
            "lima_966": -0.002618261147290468,
            "lima_967": -0.0012937751598656178
        },
        "lima_801": {
            "lima_801": 0.4536892771720886,
            "lima_396": -0.00033681205241009593,
            "lima_172": 0.006574415601789951,
            "lima_806": 0.003633845131844282,
            "lima_808": 0.033438362181186676
        },
        "lima_802": {
            "lima_389": -0.014405234716832638,
            "lima_916": -3.0015769880264997e-05,
            "lima_427": 0.009414421394467354,
            "lima_446": 0.0002201879397034645,
            "lima_802": 4.239525878801942e-06
        },
        "lima_803": {
            "lima_803": 0.14837704598903656,
            "lima_801": 0.021418584510684013,
            "lima_22": 0.008599319495260715,
            "lima_64": 0.007023618556559086,
            "lima_240": 0.0023773852735757828
        },
        "lima_804": {
            "lima_804": 0.614449679851532,
            "lima_132": -0.006554626859724522,
            "lima_176": -0.002330474555492401,
            "lima_290": -0.0034670846071094275,
            "lima_801": 0.13270144164562225
        },
        "lima_805": {
            "lima_805": 0.5358690619468689,
            "lima_801": 0.24117034673690796,
            "lima_233": 0.0057605113834142685,
            "lima_396": 0.0008196753915399313,
            "lima_927": 0.01743954047560692
        },
        "lima_806": {
            "lima_806": 0.07907579839229584,
            "lima_920": 0.016496721655130386,
            "lima_133": 0.006809053011238575,
            "lima_934": -0.0037359842099249363,
            "lima_257": 0.011268454603850842
        },
        "lima_807": {
            "lima_260": 0.017340704798698425,
            "lima_254": -0.003735446836799383,
            "lima_292": 0.00838063471019268,
            "lima_335": 0.010200439020991325,
            "lima_807": 0.10666738450527191
        },
        "lima_808": {
            "lima_924": 0.005756553262472153,
            "lima_992": -0.0053165508434176445,
            "lima_254": 0.008671053685247898,
            "lima_971": -0.0044608041644096375,
            "lima_808": 0.024878334254026413
        },
        "lima_809": {
            "lima_809": 0.6266306638717651,
            "lima_430": 0.002411555266007781,
            "lima_559": 0.023768410086631775,
            "lima_921": 0.008992301300168037,
            "lima_499": 0.012506895698606968
        },
        "lima_810": {
            "lima_810": 0.130298912525177,
            "lima_230": -8.500512922182679e-05,
            "lima_160": 0.009545572102069855,
            "lima_235": 0.003032336011528969,
            "lima_501": 0.0017615185352042317
        }
    },
    "58838016": {
        "lima_791": {
            "lima_791": 0.5498255491256714,
            "lima_588": 0.021790213882923126,
            "lima_374": -0.00400661351159215,
            "lima_349": 0.016106514260172844,
            "lima_196": 0.018462765961885452
        },
        "lima_792": {
            "lima_792": 0.5940524339675903,
            "lima_48": 0.020537998527288437,
            "lima_822": 0.001263762591406703,
            "lima_169": 0.006231311708688736,
            "lima_728": 0.022682635113596916
        },
        "lima_793": {
            "lima_587": 0.014396760612726212,
            "lima_793": 0.35967153310775757,
            "lima_632": 0.04882271587848663,
            "lima_462": 0.05545321851968765,
            "lima_588": 0.03962080180644989
        },
        "lima_794": {
            "lima_794": 0.366850346326828,
            "lima_290": 0.007263664621859789,
            "lima_462": 0.029048718512058258,
            "lima_6": 0.012785766273736954,
            "lima_503": 0.0270850732922554
        },
        "lima_795": {
            "lima_795": 0.4415261149406433,
            "lima_195": 0.02120492048561573,
            "lima_265": 0.023656845092773438,
            "lima_152": 0.01759324222803116,
            "lima_175": 0.014420295134186745
        },
        "lima_796": {
            "lima_796": 0.48698967695236206,
            "lima_6": 0.034389883279800415,
            "lima_462": 0.04630507901310921,
            "lima_176": -0.0073667531833052635,
            "lima_315": 0.01129094697535038
        },
        "lima_797": {
            "lima_797": 0.5096386075019836,
            "lima_6": 0.0002513355284463614,
            "lima_462": 0.017033345997333527,
            "lima_176": -0.003723596688359976,
            "lima_315": -0.0031915707513689995
        },
        "lima_798": {
            "lima_798": 0.13160058856010437,
            "lima_587": 0.02609979175031185,
            "lima_721": 0.05234190449118614,
            "lima_732": 0.0736829936504364,
            "lima_583": 0.050859443843364716
        },
        "lima_799": {
            "lima_799": 0.3938313126564026,
            "lima_374": -0.008362622931599617,
            "lima_512": 0.028886331245303154,
            "lima_862": 0.004522060044109821,
            "lima_538": 0.009442955255508423
        },
        "lima_800": {
            "lima_800": 0.04533112794160843,
            "lima_964": 0.006575873587280512,
            "lima_965": 0.0040842080488801,
            "lima_966": -0.002703937469050288,
            "lima_967": -0.001522091100923717
        },
        "lima_801": {
            "lima_801": 0.45348039269447327,
            "lima_396": -0.00025776721304282546,