{
    "lima_0": {
        "lima_0": 0.547395646572113,
        "lima_451": 0.019169989973306656,
        "lima_266": -0.007832976058125496,
        "lima_947": 0.0350453145802021,
        "lima_110": 0.09276808053255081
    },
    "lima_1": {
        "lima_1": 0.5073144435882568,
        "lima_122": 0.05951642245054245,
        "lima_22": -0.006865581963211298,
        "lima_337": 0.04601658508181572,
        "lima_290": 0.010750943794846535
    }
}