{
    "lima_0": {
        "lima_0": 0.5473957061767578,
        "lima_451": 0.019169989973306656,
        "lima_266": -0.007832980714738369,
        "lima_947": 0.0350453145802021,
        "lima_110": 0.092768095433712
    }
}