{
    "lima_0": {
        "lima_0": 0.547395646572113,
        "lima_451": 0.019169991835951805,
        "lima_266": -0.007832976058125496,
        "lima_947": 0.0350453145802021,
        "lima_110": 0.09276807308197021
    },
    "lima_1": {
        "lima_1": 0.5073144435882568,
        "lima_122": 0.05951641872525215,
        "lima_22": -0.006865592207759619,
        "lima_337": 0.04601657763123512,
        "lima_290": 0.01075093261897564
    }
}