{
    "lima_0": {
        "lima_0": 0.5473957061767578,
        "lima_451": 0.019169989973306656,
        "lima_266": -0.007832979783415794,
        "lima_947": 0.0350453145802021,
        "lima_110": 0.09276808798313141
    },
    "lima_1": {
        "lima_1": 0.5073144435882568,
        "lima_122": 0.05951641872525215,
        "lima_22": -0.006865590810775757,
        "lima_337": 0.04601658135652542,
        "lima_290": 0.010750937275588512
    }
}