{
    "lima_0": {
        "transformer.wte.weight": 8.330280303955078,
        "transformer.wpe.weight": 0.0017816945910453796,
        "transformer.h.0.ln_1.weight": 0.020599253475666046,
        "transformer.h.0.ln_1.bias": 0.010189250111579895,
        "transformer.h.0.attn.c_attn.weight": 0.01636374741792679,
        "transformer.h.0.attn.c_attn.bias": 0.006807390600442886,
        "transformer.h.0.attn.c_proj.weight": 0.04001130908727646,
        "transformer.h.0.attn.c_proj.bias": 0.002814897568896413,
        "transformer.h.0.ln_2.weight": 0.04056267440319061,
        "transformer.h.0.ln_2.bias": 0.006522470153868198,
        "transformer.h.0.mlp.c_fc.weight": 0.007336185313761234,
        "transformer.h.0.mlp.c_fc.bias": 0.0007926876423880458,
        "transformer.h.0.mlp.c_proj.weight": 0.010154074057936668,
        "transformer.h.0.mlp.c_proj.bias": 0.00016459656762890518,
        "transformer.h.1.ln_1.weight": 0.0024265251122415066,
        "transformer.h.1.ln_1.bias": 0.008351732045412064,
        "transformer.h.1.attn.c_attn.weight": 0.009273044764995575,
        "transformer.h.1.attn.c_attn.bias": 0.0010109110735356808,
        "transformer.h.1.attn.c_proj.weight": 0.0051272413693368435,
        "transformer.h.1.attn.c_proj.bias": 0.00010371053940616548,
        "transformer.h.1.ln_2.weight": 0.017413023859262466,
        "transformer.h.1.ln_2.bias": 0.0060960534028708935,
        "transformer.h.1.mlp.c_fc.weight": 0.011224639602005482,
        "transformer.h.1.mlp.c_fc.bias": 0.000664919672999531,
        "transformer.h.1.mlp.c_proj.weight": 0.009044568054378033,
        "transformer.h.1.mlp.c_proj.bias": 0.00016790805966593325,
        "transformer.h.2.ln_1.weight": 0.0032509691081941128,
        "transformer.h.2.ln_1.bias": 0.0064939213916659355,
        "transformer.h.2.attn.c_attn.weight": 0.023608960211277008,
        "transformer.h.2.attn.c_attn.bias": 0.0007315621478483081,
        "transformer.h.2.attn.c_proj.weight": 0.007538896519690752,
        "transformer.h.2.attn.c_proj.bias": 0.00012636401515919715,
        "transformer.h.2.ln_2.weight": 0.008824821561574936,
        "transformer.h.2.ln_2.bias": 0.005153663922101259,
        "transformer.h.2.mlp.c_fc.weight": 0.01380398590117693,
        "transformer.h.2.mlp.c_fc.bias": 0.0005549716297537088,
        "transformer.h.2.mlp.c_proj.weight": 0.011068584397435188,
        "transformer.h.2.mlp.c_proj.bias": 0.000215326581383124,
        "transformer.h.3.ln_1.weight": 0.0015758451772853732,
        "transformer.h.3.ln_1.bias": 0.008250804618000984,
        "transformer.h.3.attn.c_attn.weight": 0.04034927114844322,
        "transformer.h.3.attn.c_attn.bias": 0.001328343409113586,
        "transformer.h.3.attn.c_proj.weight": 0.009230606257915497,
        "transformer.h.3.attn.c_proj.bias": 0.00018671138968784362,
        "transformer.h.3.ln_2.weight": 0.00503785815089941,
        "transformer.h.3.ln_2.bias": 0.004814827814698219,
        "transformer.h.3.mlp.c_fc.weight": 0.012835966423153877,
        "transformer.h.3.mlp.c_fc.bias": 0.0004818728193640709,
        "transformer.h.3.mlp.c_proj.weight": 0.011835304088890553,
        "transformer.h.3.mlp.c_proj.bias": 0.00025216891663149,
        "transformer.h.4.ln_1.weight": 0.0016322822775691748,
        "transformer.h.4.ln_1.bias": 0.011475445702672005,
        "transformer.h.4.attn.c_attn.weight": 0.03517578914761543,
        "transformer.h.4.attn.c_attn.bias": 0.0016411986434832215,
        "transformer.h.4.attn.c_proj.weight": 0.006750838831067085,
        "transformer.h.4.attn.c_proj.bias": 0.00017317643505521119,
        "transformer.h.4.ln_2.weight": 0.00985216349363327,
        "transformer.h.4.ln_2.bias": 0.007259740494191647,
        "transformer.h.4.mlp.c_fc.weight": 0.01852789893746376,
        "transformer.h.4.mlp.c_fc.bias": 0.0006355757359415293,
        "transformer.h.4.mlp.c_proj.weight": 0.012793590314686298,
        "transformer.h.4.mlp.c_proj.bias": 0.0002404387341812253,
        "transformer.h.5.ln_1.weight": 0.005074511747807264,
        "transformer.h.5.ln_1.bias": 0.006515646353363991,
        "transformer.h.5.attn.c_attn.weight": 0.07540003955364227,
        "transformer.h.5.attn.c_attn.bias": 0.0016709401970729232,
        "transformer.h.5.attn.c_proj.weight": 0.011930248700082302,
        "transformer.h.5.attn.c_proj.bias": 0.00016125477850437164,
        "transformer.h.5.ln_2.weight": 0.006355118006467819,
        "transformer.h.5.ln_2.bias": 0.004902307875454426,
        "transformer.h.5.mlp.c_fc.weight": 0.018986690789461136,
        "transformer.h.5.mlp.c_fc.bias": 0.0006804721779190004,
        "transformer.h.5.mlp.c_proj.weight": 0.010171012952923775,
        "transformer.h.5.mlp.c_proj.bias": 0.00020551438501570374,
        "transformer.h.6.ln_1.weight": 0.0017254955600947142,
        "transformer.h.6.ln_1.bias": 0.014946548268198967,
        "transformer.h.6.attn.c_attn.weight": 0.04138290509581566,
        "transformer.h.6.attn.c_attn.bias": 0.0017277142032980919,
        "transformer.h.6.attn.c_proj.weight": 0.005637714639306068,
        "transformer.h.6.attn.c_proj.bias": 0.00011625309707596898,
        "transformer.h.6.ln_2.weight": 0.008829938247799873,
        "transformer.h.6.ln_2.bias": 0.007439110428094864,
        "transformer.h.6.mlp.c_fc.weight": 0.018938254565000534,
        "transformer.h.6.mlp.c_fc.bias": 0.0007812688127160072,
        "transformer.h.6.mlp.c_proj.weight": 0.007854418829083443,
        "transformer.h.6.mlp.c_proj.bias": 0.00013939160271547735,
        "transformer.h.7.ln_1.weight": 0.006514036096632481,
        "transformer.h.7.ln_1.bias": 0.010356093756854534,
        "transformer.h.7.attn.c_attn.weight": 0.02767736092209816,
        "transformer.h.7.attn.c_attn.bias": 0.0009197869221679866,
        "transformer.h.7.attn.c_proj.weight": 0.004086294211447239,
        "transformer.h.7.attn.c_proj.bias": 7.288016786333174e-05,
        "transformer.h.7.ln_2.weight": 0.005184518173336983,
        "transformer.h.7.ln_2.bias": 0.004267062991857529,
        "transformer.h.7.mlp.c_fc.weight": 0.009357967413961887,
        "transformer.h.7.mlp.c_fc.bias": 0.0004032541182823479,
        "transformer.h.7.mlp.c_proj.weight": 0.0044484524987638,
        "transformer.h.7.mlp.c_proj.bias": 7.569254375994205e-05,
        "transformer.h.8.ln_1.weight": 0.004430224187672138,
        "transformer.h.8.ln_1.bias": 0.0061580585315823555,
        "transformer.h.8.attn.c_attn.weight": 0.02201901003718376,
        "transformer.h.8.attn.c_attn.bias": 0.0009845603490248322,
        "transformer.h.8.attn.c_proj.weight": 0.0018769848393276334,
        "transformer.h.8.attn.c_proj.bias": 5.109661287860945e-05,
        "transformer.h.8.ln_2.weight": 0.00819140300154686,
        "transformer.h.8.ln_2.bias": 0.0026587089523673058,
        "transformer.h.8.mlp.c_fc.weight": 0.006718394346535206,
        "transformer.h.8.mlp.c_fc.bias": 0.00028441334143280983,
        "transformer.h.8.mlp.c_proj.weight": 0.003136452753096819,
        "transformer.h.8.mlp.c_proj.bias": 4.2851090256590396e-05,
        "transformer.h.9.ln_1.weight": 0.008757827803492546,
        "transformer.h.9.ln_1.bias": 0.004825963173061609,
        "transformer.h.9.attn.c_attn.weight": 0.009125137701630592,
        "transformer.h.9.attn.c_attn.bias": 0.00041807425441220403,
        "transformer.h.9.attn.c_proj.weight": 0.0013395375572144985,
        "transformer.h.9.attn.c_proj.bias": 2.7074343961430714e-05,
        "transformer.h.9.ln_2.weight": 0.009027156047523022,
        "transformer.h.9.ln_2.bias": 0.001570031396113336,
        "transformer.h.9.mlp.c_fc.weight": 0.0038105370476841927,
        "transformer.h.9.mlp.c_fc.bias": 0.00013782415771856904,
        "transformer.h.9.mlp.c_proj.weight": 0.002573218196630478,
        "transformer.h.9.mlp.c_proj.bias": 2.5407593057025224e-05,
        "transformer.h.10.ln_1.weight": 0.0006519887829199433,
        "transformer.h.10.ln_1.bias": 0.0025822450406849384,