{
    "lima_0": {
        "transformer.wte.weight": 138.01553344726562,
        "transformer.wpe.weight": 0.03888455778360367,
        "transformer.h.0.ln_1.weight": 0.045242659747600555,
        "transformer.h.0.ln_1.bias": 0.05161874741315842,
        "transformer.h.0.attn.c_attn.weight": 0.10450512170791626,
        "transformer.h.0.attn.c_attn.bias": 0.034347549080848694,
        "transformer.h.0.attn.c_proj.weight": 0.5139927268028259,
        "transformer.h.0.attn.c_proj.bias": 0.029242604970932007,
        "transformer.h.0.ln_2.weight": 0.09954716265201569,
        "transformer.h.0.ln_2.bias": 0.05240018665790558,
        "transformer.h.0.mlp.c_fc.weight": 0.05467013642191887,
        "transformer.h.0.mlp.c_fc.bias": 0.004736265167593956,
        "transformer.h.0.mlp.c_proj.weight": 0.10737837851047516,
        "transformer.h.0.mlp.c_proj.bias": 0.0014004337135702372,
        "transformer.h.1.ln_1.weight": 0.018184036016464233,
        "transformer.h.1.ln_1.bias": 0.045891158282756805,
        "transformer.h.1.attn.c_attn.weight": 0.08842023462057114,
        "transformer.h.1.attn.c_attn.bias": 0.006920442916452885,
        "transformer.h.1.attn.c_proj.weight": 0.05381649732589722,
        "transformer.h.1.attn.c_proj.bias": 0.000958978955168277,
        "transformer.h.1.ln_2.weight": 0.0429723784327507,
        "transformer.h.1.ln_2.bias": 0.053252365440130234,
        "transformer.h.1.mlp.c_fc.weight": 0.11880578100681305,
        "transformer.h.1.mlp.c_fc.bias": 0.0054536485113203526,
        "transformer.h.1.mlp.c_proj.weight": 0.13767483830451965,
        "transformer.h.1.mlp.c_proj.bias": 0.001661765156313777,
        "transformer.h.2.ln_1.weight": 0.019685257226228714,
        "transformer.h.2.ln_1.bias": 0.05160493403673172,
        "transformer.h.2.attn.c_attn.weight": 0.2487466037273407,
        "transformer.h.2.attn.c_attn.bias": 0.005396558903157711,
        "transformer.h.2.attn.c_proj.weight": 0.07437703758478165,
        "transformer.h.2.attn.c_proj.bias": 0.0011987392790615559,
        "transformer.h.2.ln_2.weight": 0.028300801292061806,
        "transformer.h.2.ln_2.bias": 0.04330316185951233,
        "transformer.h.2.mlp.c_fc.weight": 0.13714677095413208,
        "transformer.h.2.mlp.c_fc.bias": 0.0043424987234175205,
        "transformer.h.2.mlp.c_proj.weight": 0.13618075847625732,
        "transformer.h.2.mlp.c_proj.bias": 0.0017392289591953158,
        "transformer.h.3.ln_1.weight": 0.02064921148121357,
        "transformer.h.3.ln_1.bias": 0.0409671887755394,
        "transformer.h.3.attn.c_attn.weight": 0.2938194274902344,
        "transformer.h.3.attn.c_attn.bias": 0.007129713427275419,
        "transformer.h.3.attn.c_proj.weight": 0.06256043910980225,
        "transformer.h.3.attn.c_proj.bias": 0.0013822144828736782,
        "transformer.h.3.ln_2.weight": 0.012303110212087631,
        "transformer.h.3.ln_2.bias": 0.02948736771941185,
        "transformer.h.3.mlp.c_fc.weight": 0.10234307497739792,
        "transformer.h.3.mlp.c_fc.bias": 0.0029968617018312216,
        "transformer.h.3.mlp.c_proj.weight": 0.0914580374956131,
        "transformer.h.3.mlp.c_proj.bias": 0.0016346711199730635,
        "transformer.h.4.ln_1.weight": 0.007114207372069359,
        "transformer.h.4.ln_1.bias": 0.07112421840429306,
        "transformer.h.4.attn.c_attn.weight": 0.20152407884597778,
        "transformer.h.4.attn.c_attn.bias": 0.00982041098177433,
        "transformer.h.4.attn.c_proj.weight": 0.04519088566303253,
        "transformer.h.4.attn.c_proj.bias": 0.0013737959088757634,
        "transformer.h.4.ln_2.weight": 0.02988652139902115,
        "transformer.h.4.ln_2.bias": 0.04068635031580925,
        "transformer.h.4.mlp.c_fc.weight": 0.12538471817970276,
        "transformer.h.4.mlp.c_fc.bias": 0.0041886139661073685,
        "transformer.h.4.mlp.c_proj.weight": 0.0971536785364151,
        "transformer.h.4.mlp.c_proj.bias": 0.0017176412511616945,
        "transformer.h.5.ln_1.weight": 0.010164650157094002,
        "transformer.h.5.ln_1.bias": 0.053581561893224716,
        "transformer.h.5.attn.c_attn.weight": 0.313510924577713,
        "transformer.h.5.attn.c_attn.bias": 0.013014540076255798,
        "transformer.h.5.attn.c_proj.weight": 0.06463037431240082,
        "transformer.h.5.attn.c_proj.bias": 0.0014383187517523766,
        "transformer.h.5.ln_2.weight": 0.023102689534425735,
        "transformer.h.5.ln_2.bias": 0.04043227434158325,
        "transformer.h.5.mlp.c_fc.weight": 0.13569079339504242,
        "transformer.h.5.mlp.c_fc.bias": 0.00477313669398427,
        "transformer.h.5.mlp.c_proj.weight": 0.08927817642688751,
        "transformer.h.5.mlp.c_proj.bias": 0.0016995631158351898,
        "transformer.h.6.ln_1.weight": 0.007805954664945602,
        "transformer.h.6.ln_1.bias": 0.09406021982431412,
        "transformer.h.6.attn.c_attn.weight": 0.23497170209884644,
        "transformer.h.6.attn.c_attn.bias": 0.014189425855875015,
        "transformer.h.6.attn.c_proj.weight": 0.02413323149085045,
        "transformer.h.6.attn.c_proj.bias": 0.001067296601831913,
        "transformer.h.6.ln_2.weight": 0.019570674747228622,
        "transformer.h.6.ln_2.bias": 0.04598670452833176,
        "transformer.h.6.mlp.c_fc.weight": 0.12293529510498047,
        "transformer.h.6.mlp.c_fc.bias": 0.004721996374428272,
        "transformer.h.6.mlp.c_proj.weight": 0.07651332020759583,
        "transformer.h.6.mlp.c_proj.bias": 0.0012292148312553763,
        "transformer.h.7.ln_1.weight": 0.0075356303714215755,
        "transformer.h.7.ln_1.bias": 0.07050870358943939,
        "transformer.h.7.attn.c_attn.weight": 0.15340471267700195,
        "transformer.h.7.attn.c_attn.bias": 0.007708746939897537,
        "transformer.h.7.attn.c_proj.weight": 0.019770994782447815,
        "transformer.h.7.attn.c_proj.bias": 0.0007513915188610554,
        "transformer.h.7.ln_2.weight": 0.01618574932217598,
        "transformer.h.7.ln_2.bias": 0.03143295645713806,
        "transformer.h.7.mlp.c_fc.weight": 0.08620784431695938,
        "transformer.h.7.mlp.c_fc.bias": 0.00318247452378273,
        "transformer.h.7.mlp.c_proj.weight": 0.06285099685192108,
        "transformer.h.7.mlp.c_proj.bias": 0.0008453148766420782,
        "transformer.h.8.ln_1.weight": 0.01733451709151268,
        "transformer.h.8.ln_1.bias": 0.054012104868888855,
        "transformer.h.8.attn.c_attn.weight": 0.1368599832057953,
        "transformer.h.8.attn.c_attn.bias": 0.006830248981714249,
        "transformer.h.8.attn.c_proj.weight": 0.017661483958363533,
        "transformer.h.8.attn.c_proj.bias": 0.0005303459474816918,
        "transformer.h.8.ln_2.weight": 0.02678692899644375,
        "transformer.h.8.ln_2.bias": 0.025747962296009064,
        "transformer.h.8.mlp.c_fc.weight": 0.07476246356964111,
        "transformer.h.8.mlp.c_fc.bias": 0.0027381074614822865,
        "transformer.h.8.mlp.c_proj.weight": 0.04467322677373886,
        "transformer.h.8.mlp.c_proj.bias": 0.0005641644238494337,
        "transformer.h.9.ln_1.weight": 0.011038419790565968,
        "transformer.h.9.ln_1.bias": 0.05873078107833862,
        "transformer.h.9.attn.c_attn.weight": 0.08444591611623764,
        "transformer.h.9.attn.c_attn.bias": 0.005962382070720196,
        "transformer.h.9.attn.c_proj.weight": 0.013195006176829338,
        "transformer.h.9.attn.c_proj.bias": 0.0003540684701874852,
        "transformer.h.9.ln_2.weight": 0.03518588840961456,
        "transformer.h.9.ln_2.bias": 0.026357203722000122,
        "transformer.h.9.mlp.c_fc.weight": 0.06675282120704651,
        "transformer.h.9.mlp.c_fc.bias": 0.0022071227431297302,
        "transformer.h.9.mlp.c_proj.weight": 0.034137316048145294,
        "transformer.h.9.mlp.c_proj.bias": 0.0003439999418333173,
        "transformer.h.10.ln_1.weight": 0.012159074656665325,
        "transformer.h.10.ln_1.bias": 0.03892600163817406,
        "transformer.h.10.attn.c_attn.weight": 0.058827340602874756,