{
    "lima_0": {
        "transformer.wte.weight": 8.330280303955078,
        "transformer.wpe.weight": 0.0017816941253840923,
        "transformer.h.0.ln_1.weight": 0.020599234849214554,
        "transformer.h.0.ln_1.bias": 0.010189247317612171,
        "transformer.h.0.attn.c_attn.weight": 0.01636374369263649,
        "transformer.h.0.attn.c_attn.bias": 0.006807390134781599,
        "transformer.h.0.attn.c_proj.weight": 0.04001130908727646,
        "transformer.h.0.attn.c_proj.bias": 0.002814897568896413,
        "transformer.h.0.ln_2.weight": 0.04056267440319061,
        "transformer.h.0.ln_2.bias": 0.0065224687568843365,
        "transformer.h.0.mlp.c_fc.weight": 0.00733618438243866,
        "transformer.h.0.mlp.c_fc.bias": 0.000792687525972724,
        "transformer.h.0.mlp.c_proj.weight": 0.010154074057936668,
        "transformer.h.0.mlp.c_proj.bias": 0.00016459653852507472,
        "transformer.h.1.ln_1.weight": 0.002426524879410863,
        "transformer.h.1.ln_1.bias": 0.008351732045412064,
        "transformer.h.1.attn.c_attn.weight": 0.009273043833673,
        "transformer.h.1.attn.c_attn.bias": 0.0010109108407050371,
        "transformer.h.1.attn.c_proj.weight": 0.005127241834998131,
        "transformer.h.1.attn.c_proj.bias": 0.00010371053940616548,
        "transformer.h.1.ln_2.weight": 0.017413029447197914,
        "transformer.h.1.ln_2.bias": 0.0060960534028708935,
        "transformer.h.1.mlp.c_fc.weight": 0.011224639602005482,
        "transformer.h.1.mlp.c_fc.bias": 0.000664919672999531,
        "transformer.h.1.mlp.c_proj.weight": 0.009044568985700607,
        "transformer.h.1.mlp.c_proj.bias": 0.00016790805966593325,
        "transformer.h.2.ln_1.weight": 0.0032509732991456985,
        "transformer.h.2.ln_1.bias": 0.006493921857327223,
        "transformer.h.2.attn.c_attn.weight": 0.023608963936567307,
        "transformer.h.2.attn.c_attn.bias": 0.0007315621478483081,
        "transformer.h.2.attn.c_proj.weight": 0.007538895588368177,
        "transformer.h.2.attn.c_proj.bias": 0.00012636400060728192,
        "transformer.h.2.ln_2.weight": 0.008824827149510384,
        "transformer.h.2.ln_2.bias": 0.0051536643877625465,
        "transformer.h.2.mlp.c_fc.weight": 0.013803986832499504,
        "transformer.h.2.mlp.c_fc.bias": 0.0005549716879613698,
        "transformer.h.2.mlp.c_proj.weight": 0.011068584397435188,
        "transformer.h.2.mlp.c_proj.bias": 0.000215326581383124,
        "transformer.h.3.ln_1.weight": 0.0015758461086079478,
        "transformer.h.3.ln_1.bias": 0.008250804618000984,
        "transformer.h.3.attn.c_attn.weight": 0.04034927114844322,
        "transformer.h.3.attn.c_attn.bias": 0.0013283432926982641,
        "transformer.h.3.attn.c_proj.weight": 0.009230606257915497,
        "transformer.h.3.attn.c_proj.bias": 0.00018671138968784362,
        "transformer.h.3.ln_2.weight": 0.005037857219576836,
        "transformer.h.3.ln_2.bias": 0.004814827814698219,
        "transformer.h.3.mlp.c_fc.weight": 0.012835967354476452,
        "transformer.h.3.mlp.c_fc.bias": 0.0004818728193640709,
        "transformer.h.3.mlp.c_proj.weight": 0.011835303157567978,
        "transformer.h.3.mlp.c_proj.bias": 0.00025216891663149,
        "transformer.h.4.ln_1.weight": 0.0016322818119078875,
        "transformer.h.4.ln_1.bias": 0.01147544663399458,
        "transformer.h.4.attn.c_attn.weight": 0.03517578914761543,
        "transformer.h.4.attn.c_attn.bias": 0.0016411987598985434,
        "transformer.h.4.attn.c_proj.weight": 0.006750837899744511,
        "transformer.h.4.attn.c_proj.bias": 0.00017317642050329596,
        "transformer.h.4.ln_2.weight": 0.009852174669504166,
        "transformer.h.4.ln_2.bias": 0.007259741425514221,
        "transformer.h.4.mlp.c_fc.weight": 0.01852789893746376,
        "transformer.h.4.mlp.c_fc.bias": 0.0006355757941491902,
        "transformer.h.4.mlp.c_proj.weight": 0.012793590314686298,
        "transformer.h.4.mlp.c_proj.bias": 0.0002404387341812253,
        "transformer.h.5.ln_1.weight": 0.005074521526694298,
        "transformer.h.5.ln_1.bias": 0.006515646819025278,
        "transformer.h.5.attn.c_attn.weight": 0.07540003955364227,
        "transformer.h.5.attn.c_attn.bias": 0.0016709400806576014,
        "transformer.h.5.attn.c_proj.weight": 0.011930248700082302,
        "transformer.h.5.attn.c_proj.bias": 0.00016125476395245641,
        "transformer.h.5.ln_2.weight": 0.006355118006467819,
        "transformer.h.5.ln_2.bias": 0.004902307875454426,
        "transformer.h.5.mlp.c_fc.weight": 0.018986688926815987,
        "transformer.h.5.mlp.c_fc.bias": 0.0006804721197113395,
        "transformer.h.5.mlp.c_proj.weight": 0.010171011090278625,
        "transformer.h.5.mlp.c_proj.bias": 0.0002055143704637885,
        "transformer.h.6.ln_1.weight": 0.0017254946287721395,
        "transformer.h.6.ln_1.bias": 0.014946548268198967,
        "transformer.h.6.attn.c_attn.weight": 0.04138290509581566,
        "transformer.h.6.attn.c_attn.bias": 0.0017277139704674482,
        "transformer.h.6.attn.c_proj.weight": 0.005637714639306068,
        "transformer.h.6.attn.c_proj.bias": 0.00011625309707596898,
        "transformer.h.6.ln_2.weight": 0.008829941973090172,
        "transformer.h.6.ln_2.bias": 0.0074391113594174385,
        "transformer.h.6.mlp.c_fc.weight": 0.018938254565000534,
        "transformer.h.6.mlp.c_fc.bias": 0.0007812689291313291,
        "transformer.h.6.mlp.c_proj.weight": 0.007854418829083443,
        "transformer.h.6.mlp.c_proj.bias": 0.00013939160271547735,
        "transformer.h.7.ln_1.weight": 0.006514032371342182,
        "transformer.h.7.ln_1.bias": 0.010356093756854534,
        "transformer.h.7.attn.c_attn.weight": 0.02767736092209816,
        "transformer.h.7.attn.c_attn.bias": 0.0009197869221679866,
        "transformer.h.7.attn.c_proj.weight": 0.004086294677108526,
        "transformer.h.7.attn.c_proj.bias": 7.288016786333174e-05,
        "transformer.h.7.ln_2.weight": 0.005184517242014408,
        "transformer.h.7.ln_2.bias": 0.004267062991857529,
        "transformer.h.7.mlp.c_fc.weight": 0.009357968345284462,
        "transformer.h.7.mlp.c_fc.bias": 0.0004032541182823479,
        "transformer.h.7.mlp.c_proj.weight": 0.0044484524987638,
        "transformer.h.7.mlp.c_proj.bias": 7.569254375994205e-05,
        "transformer.h.8.ln_1.weight": 0.004430227447301149,
        "transformer.h.8.ln_1.bias": 0.006158058997243643,
        "transformer.h.8.attn.c_attn.weight": 0.02201901003718376,
        "transformer.h.8.attn.c_attn.bias": 0.0009845602326095104,
        "transformer.h.8.attn.c_proj.weight": 0.0018769848393276334,
        "transformer.h.8.attn.c_proj.bias": 5.1096616516588256e-05,
        "transformer.h.8.ln_2.weight": 0.008191402070224285,
        "transformer.h.8.ln_2.bias": 0.0026587089523673058,
        "transformer.h.8.mlp.c_fc.weight": 0.006718394346535206,
        "transformer.h.8.mlp.c_fc.bias": 0.00028441334143280983,
        "transformer.h.8.mlp.c_proj.weight": 0.003136452753096819,
        "transformer.h.8.mlp.c_proj.bias": 4.2851090256590396e-05,
        "transformer.h.9.ln_1.weight": 0.008757829666137695,
        "transformer.h.9.ln_1.bias": 0.004825963173061609,
        "transformer.h.9.attn.c_attn.weight": 0.009125137701630592,
        "transformer.h.9.attn.c_attn.bias": 0.00041807425441220403,
        "transformer.h.9.attn.c_proj.weight": 0.0013395375572144985,
        "transformer.h.9.attn.c_proj.bias": 2.7074343961430714e-05,
        "transformer.h.9.ln_2.weight": 0.009027155116200447,
        "transformer.h.9.ln_2.bias": 0.001570031396113336,
        "transformer.h.9.mlp.c_fc.weight": 0.0038105372805148363,
        "transformer.h.9.mlp.c_fc.bias": 0.00013782415771856904,
        "transformer.h.9.mlp.c_proj.weight": 0.002573218196630478,
        "transformer.h.9.mlp.c_proj.bias": 2.5407593057025224e-05,
        "transformer.h.10.ln_1.weight": 0.0006519891321659088,
        "transformer.h.10.ln_1.bias": 0.002582245273515582,