{
    "model.embed_tokens.weight": 0.23076923076923078,
    "model.layers.0.self_attn.q_proj.weight": 0.2591093117408907,
    "model.layers.0.self_attn.k_proj.weight": 0.25809716599190285,
    "model.layers.0.self_attn.v_proj.weight": 0.2692307692307692,
    "model.layers.0.self_attn.o_proj.weight": 0.2874493927125506,
    "model.layers.0.mlp.gate_proj.weight": 0.3269230769230769,
    "model.layers.0.mlp.up_proj.weight": 0.2601214574898785,
    "model.layers.0.mlp.down_proj.weight": 0.35020242914979755,
    "model.layers.1.self_attn.q_proj.weight": 0.27125506072874495,
    "model.layers.1.self_attn.k_proj.weight": 0.23279352226720648,
    "model.layers.1.self_attn.v_proj.weight": 0.24392712550607287,
    "model.layers.1.self_attn.o_proj.weight": 0.3562753036437247,
    "model.layers.1.mlp.gate_proj.weight": 0.305668016194332,
    "model.layers.1.mlp.up_proj.weight": 0.2591093117408907,
    "model.layers.1.mlp.down_proj.weight": 0.32894736842105265,
    "model.layers.2.self_attn.q_proj.weight": 0.2975708502024291,
    "model.layers.2.self_attn.k_proj.weight": 0.2651821862348178,
    "model.layers.2.self_attn.v_proj.weight": 0.24696356275303644,
    "model.layers.2.self_attn.o_proj.weight": 0.33805668016194335,
    "model.layers.2.mlp.gate_proj.weight": 0.31781376518218624,
    "model.layers.2.mlp.up_proj.weight": 0.298582995951417,
    "model.layers.2.mlp.down_proj.weight": 0.2165991902834008,
    "model.layers.3.self_attn.q_proj.weight": 0.24898785425101214,
    "model.layers.3.self_attn.k_proj.weight": 0.22773279352226722,
    "model.layers.3.self_attn.v_proj.weight": 0.25101214574898784,
    "model.layers.3.self_attn.o_proj.weight": 0.3299595141700405,
    "model.layers.3.mlp.gate_proj.weight": 0.2874493927125506,
    "model.layers.3.mlp.up_proj.weight": 0.2692307692307692,
    "model.layers.3.mlp.down_proj.weight": 0.18421052631578946,
    "model.layers.4.self_attn.q_proj.weight": 0.2894736842105263,
    "model.layers.4.self_attn.k_proj.weight": 0.22672064777327935,
    "model.layers.4.self_attn.v_proj.weight": 0.23178137651821862,
    "model.layers.4.self_attn.o_proj.weight": 0.30364372469635625,
    "model.layers.4.mlp.gate_proj.weight": 0.2834008097165992,
    "model.layers.4.mlp.up_proj.weight": 0.26619433198380565,
    "model.layers.4.mlp.down_proj.weight": 0.2834008097165992,
    "model.layers.5.self_attn.q_proj.weight": 0.2682186234817814,
    "model.layers.5.self_attn.k_proj.weight": 0.22267206477732793,
    "model.layers.5.self_attn.v_proj.weight": 0.19939271255060728,
    "model.layers.5.self_attn.o_proj.weight": 0.2813765182186235,
    "model.layers.5.mlp.gate_proj.weight": 0.26214574898785425,
    "model.layers.5.mlp.up_proj.weight": 0.2631578947368421,
    "model.layers.5.mlp.down_proj.weight": 0.25708502024291496,
    "model.layers.6.self_attn.q_proj.weight": 0.2520242914979757,
    "model.layers.6.self_attn.k_proj.weight": 0.21153846153846154,
    "model.layers.6.self_attn.v_proj.weight": 0.18724696356275303,
    "model.layers.6.self_attn.o_proj.weight": 0.26214574898785425,
    "model.layers.6.mlp.gate_proj.weight": 0.24595141700404857,
    "model.layers.6.mlp.up_proj.weight": 0.2479757085020243,
    "model.layers.6.mlp.down_proj.weight": 0.23785425101214575,
    "model.layers.7.self_attn.q_proj.weight": 0.2257085020242915,
    "model.layers.7.self_attn.k_proj.weight": 0.1811740890688259,
    "model.layers.7.self_attn.v_proj.weight": 0.18927125506072875,
    "model.layers.7.self_attn.o_proj.weight": 0.20647773279352227,
    "model.layers.7.mlp.gate_proj.weight": 0.19534412955465588,
    "model.layers.7.mlp.up_proj.weight": 0.19331983805668015,
    "model.layers.7.mlp.down_proj.weight": 0.19534412955465588,
    "model.layers.8.self_attn.q_proj.weight": 0.22672064777327935,
    "model.layers.8.self_attn.k_proj.weight": 0.1771255060728745,
    "model.layers.8.self_attn.v_proj.weight": 0.18927125506072875,
    "model.layers.8.self_attn.o_proj.weight": 0.19129554655870445,
    "model.layers.8.mlp.gate_proj.weight": 0.1811740890688259,
    "model.layers.8.mlp.up_proj.weight": 0.1902834008097166,
    "model.layers.8.mlp.down_proj.weight": 0.18218623481781376,
    "model.layers.9.self_attn.q_proj.weight": 0.2074898785425101,
    "model.layers.9.self_attn.k_proj.weight": 0.1811740890688259,
    "model.layers.9.self_attn.v_proj.weight": 0.18421052631578946,
    "model.layers.9.self_attn.o_proj.weight": 0.1902834008097166,
    "model.layers.9.mlp.gate_proj.weight": 0.20647773279352227,
    "model.layers.9.mlp.up_proj.weight": 0.20040485829959515,
    "model.layers.9.mlp.down_proj.weight": 0.19838056680161945,
    "model.layers.10.self_attn.q_proj.weight": 0.2216599190283401,
    "model.layers.10.self_attn.k_proj.weight": 0.17307692307692307,
    "model.layers.10.self_attn.v_proj.weight": 0.16396761133603238,
    "model.layers.10.self_attn.o_proj.weight": 0.19129554655870445,
    "model.layers.10.mlp.gate_proj.weight": 0.19939271255060728,
    "model.layers.10.mlp.up_proj.weight": 0.19838056680161945,
    "model.layers.10.mlp.down_proj.weight": 0.1791497975708502,
    "model.layers.11.self_attn.q_proj.weight": 0.2540485829959514,
    "model.layers.11.self_attn.k_proj.weight": 0.18522267206477733,
    "model.layers.11.self_attn.v_proj.weight": 0.15991902834008098,
    "model.layers.11.self_attn.o_proj.weight": 0.20040485829959515,
    "model.layers.11.mlp.gate_proj.weight": 0.23785425101214575,
    "model.layers.11.mlp.up_proj.weight": 0.23785425101214575,
    "model.layers.11.mlp.down_proj.weight": 0.21558704453441296,
    "model.layers.12.self_attn.q_proj.weight": 0.32186234817813764,
    "model.layers.12.self_attn.k_proj.weight": 0.23481781376518218,
    "model.layers.12.self_attn.v_proj.weight": 0.145748987854251,
    "model.layers.12.self_attn.o_proj.weight": 0.20445344129554655,
    "model.layers.12.mlp.gate_proj.weight": 0.2682186234817814,
    "model.layers.12.mlp.up_proj.weight": 0.26619433198380565,
    "model.layers.12.mlp.down_proj.weight": 0.2216599190283401,
    "model.layers.13.self_attn.q_proj.weight": 0.2965587044534413,
    "model.layers.13.self_attn.k_proj.weight": 0.21052631578947367,
    "model.layers.13.self_attn.v_proj.weight": 0.15384615384615385,
    "model.layers.13.self_attn.o_proj.weight": 0.1902834008097166,
    "model.layers.13.mlp.gate_proj.weight": 0.2702429149797571,
    "model.layers.13.mlp.up_proj.weight": 0.2732793522267207,
    "model.layers.13.mlp.down_proj.weight": 0.22064777327935223,
    "model.layers.14.self_attn.q_proj.weight": 0.20040485829959515,
    "model.layers.14.self_attn.k_proj.weight": 0.16497975708502025,
    "model.layers.14.self_attn.v_proj.weight": 0.1791497975708502,
    "model.layers.14.self_attn.o_proj.weight": 0.19129554655870445,
    "model.layers.14.mlp.gate_proj.weight": 0.22773279352226722,
    "model.layers.14.mlp.up_proj.weight": 0.24595141700404857,
    "model.layers.14.mlp.down_proj.weight": 0.25303643724696356,
    "model.layers.15.self_attn.q_proj.weight": 0.2388663967611336,
    "model.layers.15.self_attn.k_proj.weight": 0.1791497975708502,
    "model.layers.15.self_attn.v_proj.weight": 0.17611336032388664,
    "model.layers.15.self_attn.o_proj.weight": 0.1902834008097166,
    "model.layers.15.mlp.gate_proj.weight": 0.2874493927125506,
    "model.layers.15.mlp.up_proj.weight": 0.2742914979757085,
    "model.layers.15.mlp.down_proj.weight": 0.23684210526315788
}