{
    "transformer.wte.weight": 0.9844244863523748,
    "transformer.wpe.weight": 0.09675024891150494,
    "transformer.h.0.ln_1.weight": 0.36130789159081966,
    "transformer.h.0.ln_1.bias": 0.22976476254243014,
    "transformer.h.0.attn.c_attn.weight": 0.3593127384456969,
    "transformer.h.0.attn.c_attn.bias": 0.33371183741932786,
    "transformer.h.0.attn.c_proj.weight": 0.39284277740965035,
    "transformer.h.0.attn.c_proj.bias": 0.33027020475679286,
    "transformer.h.0.ln_2.weight": 0.36397605388829557,
    "transformer.h.0.ln_2.bias": 0.33257886644002355,
    "transformer.h.0.mlp.c_fc.weight": 0.3258170380945034,
    "transformer.h.0.mlp.c_fc.bias": 0.34896885635473496,
    "transformer.h.0.mlp.c_proj.weight": 0.4697772086497538,
    "transformer.h.0.mlp.c_proj.bias": 0.44250681196551467,
    "transformer.h.1.ln_1.weight": -0.23190551753336128,
    "transformer.h.1.ln_1.bias": 0.39543229028572047,
    "transformer.h.1.attn.c_attn.weight": 0.347471568850169,
    "transformer.h.1.attn.c_attn.bias": 0.3812714116749665,
    "transformer.h.1.attn.c_proj.weight": 0.7072188653911038,
    "transformer.h.1.attn.c_proj.bias": 0.5519928925365089,
    "transformer.h.1.ln_2.weight": 0.3552264557092489,
    "transformer.h.1.ln_2.bias": 0.4646086519943361,
    "transformer.h.1.mlp.c_fc.weight": 0.5406972558677359,
    "transformer.h.1.mlp.c_fc.bias": 0.5199426898012661,
    "transformer.h.1.mlp.c_proj.weight": 0.6859376961501611,
    "transformer.h.1.mlp.c_proj.bias": 0.530653960577526,
    "transformer.h.2.ln_1.weight": 0.5669348798644561,
    "transformer.h.2.ln_1.bias": 0.4924226102388581,
    "transformer.h.2.attn.c_attn.weight": 0.3856742075728742,
    "transformer.h.2.attn.c_attn.bias": 0.539903477337419,
    "transformer.h.2.attn.c_proj.weight": 0.5236408745181437,
    "transformer.h.2.attn.c_proj.bias": 0.5037256446591696,
    "transformer.h.2.ln_2.weight": 0.46819449689956655,
    "transformer.h.2.ln_2.bias": 0.519249591594547,
    "transformer.h.2.mlp.c_fc.weight": 0.611270280310019,
    "transformer.h.2.mlp.c_fc.bias": 0.6252810658212773,
    "transformer.h.2.mlp.c_proj.weight": 0.5717380204480881,
    "transformer.h.2.mlp.c_proj.bias": 0.6043908006905472,
    "transformer.h.3.ln_1.weight": 0.38721881326186125,
    "transformer.h.3.ln_1.bias": 0.4950535295468367,
    "transformer.h.3.attn.c_attn.weight": 0.47517150602948915,
    "transformer.h.3.attn.c_attn.bias": 0.5248347276924112,
    "transformer.h.3.attn.c_proj.weight": 0.4844817116754242,
    "transformer.h.3.attn.c_proj.bias": 0.4685288830573887,
    "transformer.h.3.ln_2.weight": -0.02357879822239778,
    "transformer.h.3.ln_2.bias": -0.016817134928241856,
    "transformer.h.3.mlp.c_fc.weight": 0.18307120839050373,
    "transformer.h.3.mlp.c_fc.bias": 0.11884855421031429,
    "transformer.h.3.mlp.c_proj.weight": 0.47363483662108896,
    "transformer.h.3.mlp.c_proj.bias": 0.325162957867784,
    "transformer.h.4.ln_1.weight": 0.42440989725469225,
    "transformer.h.4.ln_1.bias": 0.440031676931349,
    "transformer.h.4.attn.c_attn.weight": 0.4178870265589261,
    "transformer.h.4.attn.c_attn.bias": 0.5879124730243596,
    "transformer.h.4.attn.c_proj.weight": 0.6180519000328678,
    "transformer.h.4.attn.c_proj.bias": 0.5378316191537371,
    "transformer.h.4.ln_2.weight": 0.24596339017415778,
    "transformer.h.4.ln_2.bias": 0.39667262806205206,
    "transformer.h.4.mlp.c_fc.weight": 0.3816704839122722,
    "transformer.h.4.mlp.c_fc.bias": 0.3171031198942039,
    "transformer.h.4.mlp.c_proj.weight": 0.4417749436212852,
    "transformer.h.4.mlp.c_proj.bias": 0.2687570307500409,
    "transformer.h.5.ln_1.weight": 0.17855509642030357,
    "transformer.h.5.ln_1.bias": 0.17313941950311945,
    "transformer.h.5.attn.c_attn.weight": 0.42291094088541237,
    "transformer.h.5.attn.c_attn.bias": 0.41342317183961386,
    "transformer.h.5.attn.c_proj.weight": 0.5777815197455365,
    "transformer.h.5.attn.c_proj.bias": 0.45070242281371287,
    "transformer.h.5.ln_2.weight": 0.40377273325587404,
    "transformer.h.5.ln_2.bias": 0.47889260277398515,
    "transformer.h.5.mlp.c_fc.weight": 0.504464673203552,
    "transformer.h.5.mlp.c_fc.bias": 0.4702672791615605,
    "transformer.h.5.mlp.c_proj.weight": 0.6643975113907783,
    "transformer.h.5.mlp.c_proj.bias": 0.5053090546121826,
    "transformer.h.6.ln_1.weight": 0.1927861784081161,
    "transformer.h.6.ln_1.bias": 0.49410533037307064,
    "transformer.h.6.attn.c_attn.weight": 0.4033749237348222,
    "transformer.h.6.attn.c_attn.bias": 0.6159398216845676,
    "transformer.h.6.attn.c_proj.weight": 0.8531783264390643,
    "transformer.h.6.attn.c_proj.bias": 0.7383788737123531,
    "transformer.h.6.ln_2.weight": 0.2374609950691862,
    "transformer.h.6.ln_2.bias": 0.6268983168181064,
    "transformer.h.6.mlp.c_fc.weight": 0.619748381651573,
    "transformer.h.6.mlp.c_fc.bias": 0.606494173582965,
    "transformer.h.6.mlp.c_proj.weight": 0.7780999067533734,
    "transformer.h.6.mlp.c_proj.bias": 0.6247391974166547,
    "transformer.h.7.ln_1.weight": 0.26073357071801934,
    "transformer.h.7.ln_1.bias": 0.5809567728978076,
    "transformer.h.7.attn.c_attn.weight": 0.34245399837895546,
    "transformer.h.7.attn.c_attn.bias": 0.6395523420625467,
    "transformer.h.7.attn.c_proj.weight": 0.7791951865853473,
    "transformer.h.7.attn.c_proj.bias": 0.6985509344820404,
    "transformer.h.7.ln_2.weight": 0.19351796510103897,
    "transformer.h.7.ln_2.bias": 0.7445906276190817,
    "transformer.h.7.mlp.c_fc.weight": 0.79139794437898,
    "transformer.h.7.mlp.c_fc.bias": 0.729310636603145,
    "transformer.h.7.mlp.c_proj.weight": 0.7616036263045449,
    "transformer.h.7.mlp.c_proj.bias": 0.6893381265381644,
    "transformer.h.8.ln_1.weight": 0.048212624610494574,
    "transformer.h.8.ln_1.bias": 0.5789474713710372,
    "transformer.h.8.attn.c_attn.weight": 0.44730023600250085,
    "transformer.h.8.attn.c_attn.bias": 0.6440500251154389,
    "transformer.h.8.attn.c_proj.weight": 0.7783269688320973,
    "transformer.h.8.attn.c_proj.bias": 0.7029185423259405,
    "transformer.h.8.ln_2.weight": 0.1765852168558399,
    "transformer.h.8.ln_2.bias": 0.5747916625993816,
    "transformer.h.8.mlp.c_fc.weight": 0.7082193564603687,
    "transformer.h.8.mlp.c_fc.bias": 0.6291436704985921,
    "transformer.h.8.mlp.c_proj.weight": 0.6637760566760305,
    "transformer.h.8.mlp.c_proj.bias": 0.5882295555637828,
    "transformer.h.9.ln_1.weight": -0.017031805696653593,
    "transformer.h.9.ln_1.bias": 0.7785791257842539,
    "transformer.h.9.attn.c_attn.weight": 0.40753546022779996,
    "transformer.h.9.attn.c_attn.bias": 0.6933372258086887,
    "transformer.h.9.attn.c_proj.weight": 0.7574582317252943,
    "transformer.h.9.attn.c_proj.bias": 0.6875767152414538,
    "transformer.h.9.ln_2.weight": -0.10782976275428147,
    "transformer.h.9.ln_2.bias": 0.7094371553742902,
    "transformer.h.9.mlp.c_fc.weight": 0.7206806301539808,
    "transformer.h.9.mlp.c_fc.bias": 0.7114280739280932,
    "transformer.h.9.mlp.c_proj.weight": 0.8275933353955135,
    "transformer.h.9.mlp.c_proj.bias": 0.6648150661366556,
    "transformer.h.10.ln_1.weight": -0.3432414159386014,
    "transformer.h.10.ln_1.bias": 0.4056315465664574,
    "transformer.h.10.attn.c_attn.weight": 0.6049420676007122,
    "transformer.h.10.attn.c_attn.bias": 0.7225516935215117,
    "transformer.h.10.attn.c_proj.weight": 0.7487345742972613,
    "transformer.h.10.attn.c_proj.bias": 0.7225407822362202,
    "transformer.h.10.ln_2.weight": 0.045623106336199065,
    "transformer.h.10.ln_2.bias": 0.4339357324410924,
    "transformer.h.10.mlp.c_fc.weight": 0.7067093890321745,
    "transformer.h.10.mlp.c_fc.bias": 0.7590914919411491,
    "transformer.h.10.mlp.c_proj.weight": 0.6557916118593831,
    "transformer.h.10.mlp.c_proj.bias": 0.550575716643332,
    "transformer.h.11.ln_1.weight": 0.3634776532178581,
    "transformer.h.11.ln_1.bias": 0.6202797204659916,
    "transformer.h.11.attn.c_attn.weight": 0.47654406611658495,