{
    "model.embed_tokens.weight": 0.9809229960430108,
    "model.layers.0.self_attn.q_proj.weight": 0.9404332745035403,
    "model.layers.0.self_attn.k_proj.weight": 0.9322986892516844,
    "model.layers.0.self_attn.v_proj.weight": 0.9748921001864693,
    "model.layers.0.self_attn.o_proj.weight": 0.9808893423924965,
    "model.layers.0.mlp.gate_proj.weight": 0.9759575227629217,
    "model.layers.0.mlp.up_proj.weight": 0.9789939470166854,
    "model.layers.0.mlp.down_proj.weight": 0.9776401052760895,
    "model.layers.1.self_attn.q_proj.weight": 0.9406212062575646,
    "model.layers.1.self_attn.k_proj.weight": 0.8897550893494717,
    "model.layers.1.self_attn.v_proj.weight": 0.9671906231478139,
    "model.layers.1.self_attn.o_proj.weight": 0.9797195410673669,
    "model.layers.1.mlp.gate_proj.weight": 0.9791729942553973,
    "model.layers.1.mlp.up_proj.weight": 0.9819176376045454,
    "model.layers.1.mlp.down_proj.weight": 0.9814566201098687,
    "model.layers.2.self_attn.q_proj.weight": 0.951919434142812,
    "model.layers.2.self_attn.k_proj.weight": 0.9111477566653354,
    "model.layers.2.self_attn.v_proj.weight": 0.9784600899489092,
    "model.layers.2.self_attn.o_proj.weight": 0.9834416515871679,
    "model.layers.2.mlp.gate_proj.weight": 0.984975910188303,
    "model.layers.2.mlp.up_proj.weight": 0.9872831361725516,
    "model.layers.2.mlp.down_proj.weight": 0.9935484524942383,
    "model.layers.3.self_attn.q_proj.weight": 0.9467718460250442,
    "model.layers.3.self_attn.k_proj.weight": 0.8177218086230057,
    "model.layers.3.self_attn.v_proj.weight": 0.9752842370337937,
    "model.layers.3.self_attn.o_proj.weight": 0.9890531299290116,
    "model.layers.3.mlp.gate_proj.weight": 0.9894367615503246,
    "model.layers.3.mlp.up_proj.weight": 0.9912542401172201,
    "model.layers.3.mlp.down_proj.weight": 0.9952252674308514,
    "model.layers.4.self_attn.q_proj.weight": 0.9693239266518381,
    "model.layers.4.self_attn.k_proj.weight": 0.8651744196368092,
    "model.layers.4.self_attn.v_proj.weight": 0.9729506743859577,
    "model.layers.4.self_attn.o_proj.weight": 0.9938316630131397,
    "model.layers.4.mlp.gate_proj.weight": 0.9912930897769241,
    "model.layers.4.mlp.up_proj.weight": 0.9939597005672305,
    "model.layers.4.mlp.down_proj.weight": 0.9936838992105465,
    "model.layers.5.self_attn.q_proj.weight": 0.9720526189422505,
    "model.layers.5.self_attn.k_proj.weight": 0.8083258689264078,
    "model.layers.5.self_attn.v_proj.weight": 0.9810230775877109,
    "model.layers.5.self_attn.o_proj.weight": 0.9946288187684357,
    "model.layers.5.mlp.gate_proj.weight": 0.9930431412959725,
    "model.layers.5.mlp.up_proj.weight": 0.9946753411220571,
    "model.layers.5.mlp.down_proj.weight": 0.9938600824110974,
    "model.layers.6.self_attn.q_proj.weight": 0.9775105071040983,
    "model.layers.6.self_attn.k_proj.weight": 0.8635820662057974,
    "model.layers.6.self_attn.v_proj.weight": 0.9825662797230492,
    "model.layers.6.self_attn.o_proj.weight": 0.9942550052812826,
    "model.layers.6.mlp.gate_proj.weight": 0.9943125812227968,
    "model.layers.6.mlp.up_proj.weight": 0.9956055608913904,
    "model.layers.6.mlp.down_proj.weight": 0.9946948455807351,
    "model.layers.7.self_attn.q_proj.weight": 0.9807473820966539,
    "model.layers.7.self_attn.k_proj.weight": 0.8621937720849987,
    "model.layers.7.self_attn.v_proj.weight": 0.966151806229693,
    "model.layers.7.self_attn.o_proj.weight": 0.9939223482062669,
    "model.layers.7.mlp.gate_proj.weight": 0.9945591165756658,
    "model.layers.7.mlp.up_proj.weight": 0.9955906130398459,
    "model.layers.7.mlp.down_proj.weight": 0.9948278858985948,
    "model.layers.8.self_attn.q_proj.weight": 0.9847540543900146,
    "model.layers.8.self_attn.k_proj.weight": 0.9167701572817658,
    "model.layers.8.self_attn.v_proj.weight": 0.9762855924022473,
    "model.layers.8.self_attn.o_proj.weight": 0.9925021268268928,
    "model.layers.8.mlp.gate_proj.weight": 0.9925480187146449,
    "model.layers.8.mlp.up_proj.weight": 0.9939449272680204,
    "model.layers.8.mlp.down_proj.weight": 0.992447368974145,
    "model.layers.9.self_attn.q_proj.weight": 0.9857963708461035,
    "model.layers.9.self_attn.k_proj.weight": 0.9349956814511587,
    "model.layers.9.self_attn.v_proj.weight": 0.9795749427843782,
    "model.layers.9.self_attn.o_proj.weight": 0.98993157122204,
    "model.layers.9.mlp.gate_proj.weight": 0.9889361417411675,
    "model.layers.9.mlp.up_proj.weight": 0.991023473431027,
    "model.layers.9.mlp.down_proj.weight": 0.989522747991422,
    "model.layers.10.self_attn.q_proj.weight": 0.9835592180874059,
    "model.layers.10.self_attn.k_proj.weight": 0.870140384139029,
    "model.layers.10.self_attn.v_proj.weight": 0.9809202586076597,
    "model.layers.10.self_attn.o_proj.weight": 0.9887110720391843,
    "model.layers.10.mlp.gate_proj.weight": 0.9878582041766322,
    "model.layers.10.mlp.up_proj.weight": 0.9883609776270602,
    "model.layers.10.mlp.down_proj.weight": 0.9880459229099726,
    "model.layers.11.self_attn.q_proj.weight": 0.9759679280242677,
    "model.layers.11.self_attn.k_proj.weight": 0.9206461284421653,
    "model.layers.11.self_attn.v_proj.weight": 0.9827207878879787,
    "model.layers.11.self_attn.o_proj.weight": 0.9873361894259741,
    "model.layers.11.mlp.gate_proj.weight": 0.9845265658732912,
    "model.layers.11.mlp.up_proj.weight": 0.9861473274227129,
    "model.layers.11.mlp.down_proj.weight": 0.9854504816168198,
    "model.layers.12.self_attn.q_proj.weight": 0.9793754189360423,
    "model.layers.12.self_attn.k_proj.weight": 0.9397422669791524,
    "model.layers.12.self_attn.v_proj.weight": 0.9762182094666748,
    "model.layers.12.self_attn.o_proj.weight": 0.9859595559825767,
    "model.layers.12.mlp.gate_proj.weight": 0.9826709744063159,
    "model.layers.12.mlp.up_proj.weight": 0.9837179546154177,
    "model.layers.12.mlp.down_proj.weight": 0.9834921857982869,
    "model.layers.13.self_attn.q_proj.weight": 0.9721214274638752,
    "model.layers.13.self_attn.k_proj.weight": 0.913628631328891,
    "model.layers.13.self_attn.v_proj.weight": 0.9805693166274806,
    "model.layers.13.self_attn.o_proj.weight": 0.9844658529244651,
    "model.layers.13.mlp.gate_proj.weight": 0.98103942613915,
    "model.layers.13.mlp.up_proj.weight": 0.9822398716616558,
    "model.layers.13.mlp.down_proj.weight": 0.9824162240932311,
    "model.layers.14.self_attn.q_proj.weight": 0.9688590887695955,
    "model.layers.14.self_attn.k_proj.weight": 0.6334648061790872,
    "model.layers.14.self_attn.v_proj.weight": 0.9776242771945258,
    "model.layers.14.self_attn.o_proj.weight": 0.9856538824011242,
    "model.layers.14.mlp.gate_proj.weight": 0.981019899205812,
    "model.layers.14.mlp.up_proj.weight": 0.9808660962799677,
    "model.layers.14.mlp.down_proj.weight": 0.9816441294181604,
    "model.layers.15.self_attn.q_proj.weight": 0.9720182547538534,
    "model.layers.15.self_attn.k_proj.weight": 0.9211219394374925,
    "model.layers.15.self_attn.v_proj.weight": 0.9800656853094112,
    "model.layers.15.self_attn.o_proj.weight": 0.9853625537111592,
    "model.layers.15.mlp.gate_proj.weight": 0.979525617333972,
    "model.layers.15.mlp.up_proj.weight": 0.9818738396609351,
    "model.layers.15.mlp.down_proj.weight": 0.9822844328039582
}