{
    "model.embed_tokens.weight": 0.2727885563149596,
    "model.layers.0.self_attn.q_proj.weight": 0.25262520671710864,
    "model.layers.0.self_attn.k_proj.weight": 0.2509782854284711,
    "model.layers.0.self_attn.v_proj.weight": 0.5171451845320462,
    "model.layers.0.self_attn.o_proj.weight": 0.5989725130857707,
    "model.layers.0.mlp.gate_proj.weight": 0.5106935275886778,
    "model.layers.0.mlp.up_proj.weight": 0.5077767071270912,
    "model.layers.0.mlp.down_proj.weight": 0.5661630571559653,
    "model.layers.1.self_attn.q_proj.weight": 0.23301145735060821,
    "model.layers.1.self_attn.k_proj.weight": 0.18844084193618077,
    "model.layers.1.self_attn.v_proj.weight": 0.46990410990054626,
    "model.layers.1.self_attn.o_proj.weight": 0.6272981967310612,
    "model.layers.1.mlp.gate_proj.weight": 0.5499880336879375,
    "model.layers.1.mlp.up_proj.weight": 0.5381547298476281,
    "model.layers.1.mlp.down_proj.weight": 0.5772131443925516,
    "model.layers.2.self_attn.q_proj.weight": 0.2647089183832809,
    "model.layers.2.self_attn.k_proj.weight": 0.20613282690701717,
    "model.layers.2.self_attn.v_proj.weight": 0.5568597834138321,
    "model.layers.2.self_attn.o_proj.weight": 0.6663996133820848,
    "model.layers.2.mlp.gate_proj.weight": 0.6161920994148556,
    "model.layers.2.mlp.up_proj.weight": 0.6223149037690904,
    "model.layers.2.mlp.down_proj.weight": 0.848394240735843,
    "model.layers.3.self_attn.q_proj.weight": 0.24175374453592693,
    "model.layers.3.self_attn.k_proj.weight": 0.1435328362871837,
    "model.layers.3.self_attn.v_proj.weight": 0.6049131447097169,
    "model.layers.3.self_attn.o_proj.weight": 0.6919089082466168,
    "model.layers.3.mlp.gate_proj.weight": 0.6259098840508713,
    "model.layers.3.mlp.up_proj.weight": 0.6073790124065878,
    "model.layers.3.mlp.down_proj.weight": 0.8842854001211421,
    "model.layers.4.self_attn.q_proj.weight": 0.27594459477074024,
    "model.layers.4.self_attn.k_proj.weight": 0.15215697030057765,
    "model.layers.4.self_attn.v_proj.weight": 0.611556892653081,
    "model.layers.4.self_attn.o_proj.weight": 0.7386628867546887,
    "model.layers.4.mlp.gate_proj.weight": 0.652914800649786,
    "model.layers.4.mlp.up_proj.weight": 0.6349514955488295,
    "model.layers.4.mlp.down_proj.weight": 0.7192315661288755,
    "model.layers.5.self_attn.q_proj.weight": 0.2891227213436716,
    "model.layers.5.self_attn.k_proj.weight": 0.16300869218504146,
    "model.layers.5.self_attn.v_proj.weight": 0.6505702468761747,
    "model.layers.5.self_attn.o_proj.weight": 0.7707809425249162,
    "model.layers.5.mlp.gate_proj.weight": 0.7229121977046192,
    "model.layers.5.mlp.up_proj.weight": 0.7427463693784091,
    "model.layers.5.mlp.down_proj.weight": 0.7639384759251304,
    "model.layers.6.self_attn.q_proj.weight": 0.35006581044916113,
    "model.layers.6.self_attn.k_proj.weight": 0.18396710301772515,
    "model.layers.6.self_attn.v_proj.weight": 0.7321500281589678,
    "model.layers.6.self_attn.o_proj.weight": 0.7825204040142514,
    "model.layers.6.mlp.gate_proj.weight": 0.7626585005961011,
    "model.layers.6.mlp.up_proj.weight": 0.778842472520658,
    "model.layers.6.mlp.down_proj.weight": 0.8047087873799387,
    "model.layers.7.self_attn.q_proj.weight": 0.3749674220240218,
    "model.layers.7.self_attn.k_proj.weight": 0.30294184551368974,
    "model.layers.7.self_attn.v_proj.weight": 0.81500226319069,
    "model.layers.7.self_attn.o_proj.weight": 0.7762248234932089,
    "model.layers.7.mlp.gate_proj.weight": 0.7091760360300582,
    "model.layers.7.mlp.up_proj.weight": 0.7404311958241622,
    "model.layers.7.mlp.down_proj.weight": 0.7796350834910797,
    "model.layers.8.self_attn.q_proj.weight": 0.5020530532347204,
    "model.layers.8.self_attn.k_proj.weight": 0.394680121739288,
    "model.layers.8.self_attn.v_proj.weight": 0.7385392952791656,
    "model.layers.8.self_attn.o_proj.weight": 0.7139155075664101,
    "model.layers.8.mlp.gate_proj.weight": 0.6507638085210653,
    "model.layers.8.mlp.up_proj.weight": 0.6715581021544984,
    "model.layers.8.mlp.down_proj.weight": 0.6883926031698413,
    "model.layers.9.self_attn.q_proj.weight": 0.4381986094745139,
    "model.layers.9.self_attn.k_proj.weight": 0.4054388830630089,
    "model.layers.9.self_attn.v_proj.weight": 0.6759780809421156,
    "model.layers.9.self_attn.o_proj.weight": 0.6307814544537813,
    "model.layers.9.mlp.gate_proj.weight": 0.5532420216525599,
    "model.layers.9.mlp.up_proj.weight": 0.6028876342424976,
    "model.layers.9.mlp.down_proj.weight": 0.6406146251745485,
    "model.layers.10.self_attn.q_proj.weight": 0.47717224111366185,
    "model.layers.10.self_attn.k_proj.weight": 0.45516632070459956,
    "model.layers.10.self_attn.v_proj.weight": 0.6415979875640329,
    "model.layers.10.self_attn.o_proj.weight": 0.5901628698976086,
    "model.layers.10.mlp.gate_proj.weight": 0.5279651487699564,
    "model.layers.10.mlp.up_proj.weight": 0.5399036036275857,
    "model.layers.10.mlp.down_proj.weight": 0.6184511632475879,
    "model.layers.11.self_attn.q_proj.weight": 0.17738711744829289,
    "model.layers.11.self_attn.k_proj.weight": 0.10864135966938233,
    "model.layers.11.self_attn.v_proj.weight": 0.6223776420271973,
    "model.layers.11.self_attn.o_proj.weight": 0.5672208161987322,
    "model.layers.11.mlp.gate_proj.weight": 0.4213019272356891,
    "model.layers.11.mlp.up_proj.weight": 0.4759198846333319,
    "model.layers.11.mlp.down_proj.weight": 0.5592791283871137,
    "model.layers.12.self_attn.q_proj.weight": 0.17822502297113496,
    "model.layers.12.self_attn.k_proj.weight": 0.09761946169651668,
    "model.layers.12.self_attn.v_proj.weight": 0.6277438175277935,
    "model.layers.12.self_attn.o_proj.weight": 0.5088462139629318,
    "model.layers.12.mlp.gate_proj.weight": 0.3570602147213453,
    "model.layers.12.mlp.up_proj.weight": 0.35429521411907794,
    "model.layers.12.mlp.down_proj.weight": 0.4814281350013361,
    "model.layers.13.self_attn.q_proj.weight": 0.2335131147326223,
    "model.layers.13.self_attn.k_proj.weight": 0.22992021996702408,
    "model.layers.13.self_attn.v_proj.weight": 0.5173351764482625,
    "model.layers.13.self_attn.o_proj.weight": 0.4914237769554296,
    "model.layers.13.mlp.gate_proj.weight": 0.29262091023118847,
    "model.layers.13.mlp.up_proj.weight": 0.33220703664230955,
    "model.layers.13.mlp.down_proj.weight": 0.47216092602640386,
    "model.layers.14.self_attn.q_proj.weight": 0.3191182976492436,
    "model.layers.14.self_attn.k_proj.weight": 0.28446930055439273,
    "model.layers.14.self_attn.v_proj.weight": 0.545082375805336,
    "model.layers.14.self_attn.o_proj.weight": 0.5480583317893067,
    "model.layers.14.mlp.gate_proj.weight": 0.40638505032392014,
    "model.layers.14.mlp.up_proj.weight": 0.2865360673423082,
    "model.layers.14.mlp.down_proj.weight": 0.4167757432766358,
    "model.layers.15.self_attn.q_proj.weight": 0.16040570173151064,
    "model.layers.15.self_attn.k_proj.weight": 0.10653665650602245,
    "model.layers.15.self_attn.v_proj.weight": 0.5162954024744176,
    "model.layers.15.self_attn.o_proj.weight": 0.5248946189810851,
    "model.layers.15.mlp.gate_proj.weight": 0.2060887225825905,
    "model.layers.15.mlp.up_proj.weight": 0.26276184610548,
    "model.layers.15.mlp.down_proj.weight": 0.2457090164305729
}