{
    "lima_0": {
        "transformer.wte.weight": 138.01553344726562,
        "transformer.wpe.weight": 0.03888455405831337,
        "transformer.h.0.ln_1.weight": 0.04524265602231026,
        "transformer.h.0.ln_1.bias": 0.05161873251199722,
        "transformer.h.0.attn.c_attn.weight": 0.10450509935617447,
        "transformer.h.0.attn.c_attn.bias": 0.0343475304543972,
        "transformer.h.0.attn.c_proj.weight": 0.5139926075935364,
        "transformer.h.0.attn.c_proj.bias": 0.02924259379506111,
        "transformer.h.0.ln_2.weight": 0.09954719990491867,
        "transformer.h.0.ln_2.bias": 0.052400171756744385,
        "transformer.h.0.mlp.c_fc.weight": 0.05467013269662857,
        "transformer.h.0.mlp.c_fc.bias": 0.004736265167593956,
        "transformer.h.0.mlp.c_proj.weight": 0.10737837851047516,
        "transformer.h.0.mlp.c_proj.bias": 0.0014004337135702372,
        "transformer.h.1.ln_1.weight": 0.018184050917625427,
        "transformer.h.1.ln_1.bias": 0.04589115083217621,
        "transformer.h.1.attn.c_attn.weight": 0.08842023462057114,
        "transformer.h.1.attn.c_attn.bias": 0.006920442916452885,
        "transformer.h.1.attn.c_proj.weight": 0.05381649732589722,
        "transformer.h.1.attn.c_proj.bias": 0.0009589788969606161,
        "transformer.h.1.ln_2.weight": 0.042972397059202194,
        "transformer.h.1.ln_2.bias": 0.05325235426425934,
        "transformer.h.1.mlp.c_fc.weight": 0.11880576610565186,
        "transformer.h.1.mlp.c_fc.bias": 0.005453647114336491,
        "transformer.h.1.mlp.c_proj.weight": 0.13767480850219727,
        "transformer.h.1.mlp.c_proj.bias": 0.0016617648070678115,
        "transformer.h.2.ln_1.weight": 0.019685255363583565,
        "transformer.h.2.ln_1.bias": 0.05160490423440933,
        "transformer.h.2.attn.c_attn.weight": 0.2487465739250183,
        "transformer.h.2.attn.c_attn.bias": 0.005396557506173849,
        "transformer.h.2.attn.c_proj.weight": 0.07437703758478165,
        "transformer.h.2.attn.c_proj.bias": 0.001198739162646234,
        "transformer.h.2.ln_2.weight": 0.028300829231739044,
        "transformer.h.2.ln_2.bias": 0.04330315440893173,
        "transformer.h.2.mlp.c_fc.weight": 0.13714677095413208,
        "transformer.h.2.mlp.c_fc.bias": 0.004342498257756233,
        "transformer.h.2.mlp.c_proj.weight": 0.13618075847625732,
        "transformer.h.2.mlp.c_proj.bias": 0.001739228842779994,
        "transformer.h.3.ln_1.weight": 0.020649246871471405,
        "transformer.h.3.ln_1.bias": 0.04096720367670059,
        "transformer.h.3.attn.c_attn.weight": 0.2938194274902344,
        "transformer.h.3.attn.c_attn.bias": 0.0071297138929367065,
        "transformer.h.3.attn.c_proj.weight": 0.06256043910980225,
        "transformer.h.3.attn.c_proj.bias": 0.0013822143664583564,
        "transformer.h.3.ln_2.weight": 0.01230310183018446,
        "transformer.h.3.ln_2.bias": 0.02948736771941185,
        "transformer.h.3.mlp.c_fc.weight": 0.10234307497739792,
        "transformer.h.3.mlp.c_fc.bias": 0.002996861469000578,
        "transformer.h.3.mlp.c_proj.weight": 0.0914580374956131,
        "transformer.h.3.mlp.c_proj.bias": 0.0016346711199730635,
        "transformer.h.4.ln_1.weight": 0.007114198990166187,
        "transformer.h.4.ln_1.bias": 0.07112422585487366,
        "transformer.h.4.attn.c_attn.weight": 0.2015240639448166,
        "transformer.h.4.attn.c_attn.bias": 0.009820410050451756,
        "transformer.h.4.attn.c_proj.weight": 0.04519088193774223,
        "transformer.h.4.attn.c_proj.bias": 0.0013737957924604416,
        "transformer.h.4.ln_2.weight": 0.029886506497859955,
        "transformer.h.4.ln_2.bias": 0.04068635404109955,
        "transformer.h.4.mlp.c_fc.weight": 0.12538471817970276,
        "transformer.h.4.mlp.c_fc.bias": 0.004188613500446081,
        "transformer.h.4.mlp.c_proj.weight": 0.0971536785364151,
        "transformer.h.4.mlp.c_proj.bias": 0.0017176411347463727,
        "transformer.h.5.ln_1.weight": 0.010164660401642323,
        "transformer.h.5.ln_1.bias": 0.05358155816793442,
        "transformer.h.5.attn.c_attn.weight": 0.313510924577713,
        "transformer.h.5.attn.c_attn.bias": 0.013014539144933224,
        "transformer.h.5.attn.c_proj.weight": 0.06463037431240082,
        "transformer.h.5.attn.c_proj.bias": 0.0014383187517523766,
        "transformer.h.5.ln_2.weight": 0.023102687671780586,
        "transformer.h.5.ln_2.bias": 0.040432270616292953,
        "transformer.h.5.mlp.c_fc.weight": 0.13569079339504242,
        "transformer.h.5.mlp.c_fc.bias": 0.004773136228322983,
        "transformer.h.5.mlp.c_proj.weight": 0.08927817642688751,
        "transformer.h.5.mlp.c_proj.bias": 0.0016995631158351898,
        "transformer.h.6.ln_1.weight": 0.00780593603849411,
        "transformer.h.6.ln_1.bias": 0.09406021237373352,
        "transformer.h.6.attn.c_attn.weight": 0.23497170209884644,
        "transformer.h.6.attn.c_attn.bias": 0.014189425855875015,
        "transformer.h.6.attn.c_proj.weight": 0.024133233353495598,
        "transformer.h.6.attn.c_proj.bias": 0.001067296601831913,
        "transformer.h.6.ln_2.weight": 0.019570674747228622,
        "transformer.h.6.ln_2.bias": 0.045986708253622055,
        "transformer.h.6.mlp.c_fc.weight": 0.12293529510498047,
        "transformer.h.6.mlp.c_fc.bias": 0.004721996374428272,
        "transformer.h.6.mlp.c_proj.weight": 0.07651332020759583,
        "transformer.h.6.mlp.c_proj.bias": 0.0012292149476706982,
        "transformer.h.7.ln_1.weight": 0.007535623852163553,
        "transformer.h.7.ln_1.bias": 0.07050871104001999,
        "transformer.h.7.attn.c_attn.weight": 0.15340474247932434,
        "transformer.h.7.attn.c_attn.bias": 0.007708747871220112,
        "transformer.h.7.attn.c_proj.weight": 0.019770994782447815,
        "transformer.h.7.attn.c_proj.bias": 0.0007513916352763772,
        "transformer.h.7.ln_2.weight": 0.01618574932217598,
        "transformer.h.7.ln_2.bias": 0.03143295645713806,
        "transformer.h.7.mlp.c_fc.weight": 0.08620784431695938,
        "transformer.h.7.mlp.c_fc.bias": 0.003182474058121443,
        "transformer.h.7.mlp.c_proj.weight": 0.06285099685192108,
        "transformer.h.7.mlp.c_proj.bias": 0.0008453148766420782,
        "transformer.h.8.ln_1.weight": 0.017334526404738426,
        "transformer.h.8.ln_1.bias": 0.05401210859417915,
        "transformer.h.8.attn.c_attn.weight": 0.1368599832057953,
        "transformer.h.8.attn.c_attn.bias": 0.006830248981714249,
        "transformer.h.8.attn.c_proj.weight": 0.017661485821008682,
        "transformer.h.8.attn.c_proj.bias": 0.0005303459474816918,
        "transformer.h.8.ln_2.weight": 0.02678692154586315,
        "transformer.h.8.ln_2.bias": 0.025747962296009064,
        "transformer.h.8.mlp.c_fc.weight": 0.07476246356964111,
        "transformer.h.8.mlp.c_fc.bias": 0.0027381079271435738,
        "transformer.h.8.mlp.c_proj.weight": 0.04467322677373886,
        "transformer.h.8.mlp.c_proj.bias": 0.0005641644238494337,
        "transformer.h.9.ln_1.weight": 0.011038416065275669,
        "transformer.h.9.ln_1.bias": 0.05873078480362892,
        "transformer.h.9.attn.c_attn.weight": 0.08444590866565704,
        "transformer.h.9.attn.c_attn.bias": 0.005962382070720196,
        "transformer.h.9.attn.c_proj.weight": 0.013195007108151913,
        "transformer.h.9.attn.c_proj.bias": 0.0003540684992913157,
        "transformer.h.9.ln_2.weight": 0.03518586978316307,
        "transformer.h.9.ln_2.bias": 0.02635720558464527,
        "transformer.h.9.mlp.c_fc.weight": 0.06675282120704651,
        "transformer.h.9.mlp.c_fc.bias": 0.0022071225102990866,
        "transformer.h.9.mlp.c_proj.weight": 0.034137316048145294,
        "transformer.h.9.mlp.c_proj.bias": 0.0003439999418333173,
        "transformer.h.10.ln_1.weight": 0.012159074656665325,
        "transformer.h.10.ln_1.bias": 0.03892600163817406,
        "transformer.h.10.attn.c_attn.weight": 0.058827340602874756,