{
    "lima_0": {
        "transformer.wte.weight": 138.01553344726562,
        "transformer.wpe.weight": 0.03888455033302307,
        "transformer.h.0.ln_1.weight": 0.045242588967084885,
        "transformer.h.0.ln_1.bias": 0.05161871761083603,
        "transformer.h.0.attn.c_attn.weight": 0.10450511425733566,
        "transformer.h.0.attn.c_attn.bias": 0.0343475304543972,
        "transformer.h.0.attn.c_proj.weight": 0.5139925479888916,
        "transformer.h.0.attn.c_proj.bias": 0.02924259752035141,
        "transformer.h.0.ln_2.weight": 0.09954717010259628,
        "transformer.h.0.ln_2.bias": 0.05240017920732498,
        "transformer.h.0.mlp.c_fc.weight": 0.05467013269662857,
        "transformer.h.0.mlp.c_fc.bias": 0.004736265167593956,
        "transformer.h.0.mlp.c_proj.weight": 0.10737837105989456,
        "transformer.h.0.mlp.c_proj.bias": 0.0014004334807395935,
        "transformer.h.1.ln_1.weight": 0.018184058368206024,
        "transformer.h.1.ln_1.bias": 0.045891158282756805,
        "transformer.h.1.attn.c_attn.weight": 0.08842023462057114,
        "transformer.h.1.attn.c_attn.bias": 0.006920442916452885,
        "transformer.h.1.attn.c_proj.weight": 0.05381648987531662,
        "transformer.h.1.attn.c_proj.bias": 0.0009589787805452943,
        "transformer.h.1.ln_2.weight": 0.04297245666384697,
        "transformer.h.1.ln_2.bias": 0.05325235426425934,
        "transformer.h.1.mlp.c_fc.weight": 0.11880578100681305,
        "transformer.h.1.mlp.c_fc.bias": 0.005453648045659065,
        "transformer.h.1.mlp.c_proj.weight": 0.13767482340335846,
        "transformer.h.1.mlp.c_proj.bias": 0.0016617646906524897,
        "transformer.h.2.ln_1.weight": 0.019685225561261177,
        "transformer.h.2.ln_1.bias": 0.05160490795969963,
        "transformer.h.2.attn.c_attn.weight": 0.2487466037273407,
        "transformer.h.2.attn.c_attn.bias": 0.005396557506173849,
        "transformer.h.2.attn.c_proj.weight": 0.07437703758478165,
        "transformer.h.2.attn.c_proj.bias": 0.0011987390462309122,
        "transformer.h.2.ln_2.weight": 0.028300823643803596,
        "transformer.h.2.ln_2.bias": 0.04330316185951233,
        "transformer.h.2.mlp.c_fc.weight": 0.13714677095413208,
        "transformer.h.2.mlp.c_fc.bias": 0.0043424987234175205,
        "transformer.h.2.mlp.c_proj.weight": 0.13618075847625732,
        "transformer.h.2.mlp.c_proj.bias": 0.0017392289591953158,
        "transformer.h.3.ln_1.weight": 0.02064923569560051,
        "transformer.h.3.ln_1.bias": 0.04096721112728119,
        "transformer.h.3.attn.c_attn.weight": 0.2938194274902344,
        "transformer.h.3.attn.c_attn.bias": 0.007129714358597994,
        "transformer.h.3.attn.c_proj.weight": 0.06256043910980225,
        "transformer.h.3.attn.c_proj.bias": 0.0013822144828736782,
        "transformer.h.3.ln_2.weight": 0.012303109280765057,
        "transformer.h.3.ln_2.bias": 0.029487375169992447,
        "transformer.h.3.mlp.c_fc.weight": 0.10234307497739792,
        "transformer.h.3.mlp.c_fc.bias": 0.0029968619346618652,
        "transformer.h.3.mlp.c_proj.weight": 0.0914580374956131,
        "transformer.h.3.mlp.c_proj.bias": 0.0016346711199730635,
        "transformer.h.4.ln_1.weight": 0.007114210166037083,
        "transformer.h.4.ln_1.bias": 0.07112424075603485,
        "transformer.h.4.attn.c_attn.weight": 0.2015240639448166,
        "transformer.h.4.attn.c_attn.bias": 0.00982041098177433,
        "transformer.h.4.attn.c_proj.weight": 0.04519088566303253,
        "transformer.h.4.attn.c_proj.bias": 0.0013737957924604416,
        "transformer.h.4.ln_2.weight": 0.029886536300182343,
        "transformer.h.4.ln_2.bias": 0.04068635404109955,
        "transformer.h.4.mlp.c_fc.weight": 0.12538473308086395,
        "transformer.h.4.mlp.c_fc.bias": 0.0041886139661073685,
        "transformer.h.4.mlp.c_proj.weight": 0.0971536785364151,
        "transformer.h.4.mlp.c_proj.bias": 0.0017176411347463727,
        "transformer.h.5.ln_1.weight": 0.010164668783545494,
        "transformer.h.5.ln_1.bias": 0.05358155071735382,
        "transformer.h.5.attn.c_attn.weight": 0.313510924577713,
        "transformer.h.5.attn.c_attn.bias": 0.013014538213610649,
        "transformer.h.5.attn.c_proj.weight": 0.06463037431240082,
        "transformer.h.5.attn.c_proj.bias": 0.0014383186353370547,
        "transformer.h.5.ln_2.weight": 0.023102685809135437,
        "transformer.h.5.ln_2.bias": 0.04043227434158325,
        "transformer.h.5.mlp.c_fc.weight": 0.13569079339504242,
        "transformer.h.5.mlp.c_fc.bias": 0.00477313669398427,
        "transformer.h.5.mlp.c_proj.weight": 0.08927817642688751,
        "transformer.h.5.mlp.c_proj.bias": 0.001699562999419868,
        "transformer.h.6.ln_1.weight": 0.007805945351719856,
        "transformer.h.6.ln_1.bias": 0.09406021237373352,
        "transformer.h.6.attn.c_attn.weight": 0.23497170209884644,
        "transformer.h.6.attn.c_attn.bias": 0.01418942678719759,
        "transformer.h.6.attn.c_proj.weight": 0.02413323149085045,
        "transformer.h.6.attn.c_proj.bias": 0.001067296601831913,
        "transformer.h.6.ln_2.weight": 0.01957068406045437,
        "transformer.h.6.ln_2.bias": 0.04598670452833176,
        "transformer.h.6.mlp.c_fc.weight": 0.12293529510498047,
        "transformer.h.6.mlp.c_fc.bias": 0.0047219968400895596,
        "transformer.h.6.mlp.c_proj.weight": 0.07651332020759583,
        "transformer.h.6.mlp.c_proj.bias": 0.0012292148312553763,
        "transformer.h.7.ln_1.weight": 0.007535625249147415,
        "transformer.h.7.ln_1.bias": 0.07050870358943939,
        "transformer.h.7.attn.c_attn.weight": 0.15340471267700195,
        "transformer.h.7.attn.c_attn.bias": 0.007708745542913675,
        "transformer.h.7.attn.c_proj.weight": 0.019770992919802666,
        "transformer.h.7.attn.c_proj.bias": 0.0007513915188610554,
        "transformer.h.7.ln_2.weight": 0.01618575118482113,
        "transformer.h.7.ln_2.bias": 0.03143295645713806,
        "transformer.h.7.mlp.c_fc.weight": 0.08620784431695938,
        "transformer.h.7.mlp.c_fc.bias": 0.003182474058121443,
        "transformer.h.7.mlp.c_proj.weight": 0.06285099685192108,
        "transformer.h.7.mlp.c_proj.bias": 0.0008453148184344172,
        "transformer.h.8.ln_1.weight": 0.01733449101448059,
        "transformer.h.8.ln_1.bias": 0.054012104868888855,
        "transformer.h.8.attn.c_attn.weight": 0.1368599832057953,
        "transformer.h.8.attn.c_attn.bias": 0.006830248981714249,
        "transformer.h.8.attn.c_proj.weight": 0.017661482095718384,
        "transformer.h.8.attn.c_proj.bias": 0.00053034583106637,
        "transformer.h.8.ln_2.weight": 0.02678692154586315,
        "transformer.h.8.ln_2.bias": 0.025747958570718765,
        "transformer.h.8.mlp.c_fc.weight": 0.07476244866847992,
        "transformer.h.8.mlp.c_fc.bias": 0.0027381074614822865,
        "transformer.h.8.mlp.c_proj.weight": 0.04467322677373886,
        "transformer.h.8.mlp.c_proj.bias": 0.0005641643656417727,
        "transformer.h.9.ln_1.weight": 0.011038433760404587,
        "transformer.h.9.ln_1.bias": 0.05873078107833862,
        "transformer.h.9.attn.c_attn.weight": 0.08444590866565704,
        "transformer.h.9.attn.c_attn.bias": 0.0059623816050589085,
        "transformer.h.9.attn.c_proj.weight": 0.013195007108151913,
        "transformer.h.9.attn.c_proj.bias": 0.0003540684992913157,
        "transformer.h.9.ln_2.weight": 0.03518586605787277,
        "transformer.h.9.ln_2.bias": 0.026357201859354973,
        "transformer.h.9.mlp.c_fc.weight": 0.06675282120704651,
        "transformer.h.9.mlp.c_fc.bias": 0.0022071225102990866,
        "transformer.h.9.mlp.c_proj.weight": 0.034137316048145294,
        "transformer.h.9.mlp.c_proj.bias": 0.0003439999418333173,
        "transformer.h.10.ln_1.weight": 0.012159072794020176,
        "transformer.h.10.ln_1.bias": 0.03892600163817406,
        "transformer.h.10.attn.c_attn.weight": 0.058827340602874756,