{
    "lima_0": {
        "transformer.wte.weight": 138.01553344726562,
        "transformer.wpe.weight": 0.038884542882442474,
        "transformer.h.0.ln_1.weight": 0.045242637395858765,
        "transformer.h.0.ln_1.bias": 0.05161871761083603,
        "transformer.h.0.attn.c_attn.weight": 0.10450512170791626,
        "transformer.h.0.attn.c_attn.bias": 0.0343475416302681,
        "transformer.h.0.attn.c_proj.weight": 0.5139925479888916,
        "transformer.h.0.attn.c_proj.bias": 0.02924259752035141,
        "transformer.h.0.ln_2.weight": 0.09954711049795151,
        "transformer.h.0.ln_2.bias": 0.05240015313029289,
        "transformer.h.0.mlp.c_fc.weight": 0.05467011034488678,
        "transformer.h.0.mlp.c_fc.bias": 0.004736262373626232,
        "transformer.h.0.mlp.c_proj.weight": 0.10737834870815277,
        "transformer.h.0.mlp.c_proj.bias": 0.0014004333643242717,
        "transformer.h.1.ln_1.weight": 0.01818404719233513,
        "transformer.h.1.ln_1.bias": 0.04589114338159561,
        "transformer.h.1.attn.c_attn.weight": 0.08842021226882935,
        "transformer.h.1.attn.c_attn.bias": 0.006920441519469023,
        "transformer.h.1.attn.c_proj.weight": 0.05381648987531662,
        "transformer.h.1.attn.c_proj.bias": 0.0009589788387529552,
        "transformer.h.1.ln_2.weight": 0.04297231137752533,
        "transformer.h.1.ln_2.bias": 0.05325234308838844,
        "transformer.h.1.mlp.c_fc.weight": 0.11880575865507126,
        "transformer.h.1.mlp.c_fc.bias": 0.005453647114336491,
        "transformer.h.1.mlp.c_proj.weight": 0.13767479360103607,
        "transformer.h.1.mlp.c_proj.bias": 0.001661764457821846,
        "transformer.h.2.ln_1.weight": 0.01968526281416416,
        "transformer.h.2.ln_1.bias": 0.051604900509119034,
        "transformer.h.2.attn.c_attn.weight": 0.24874654412269592,
        "transformer.h.2.attn.c_attn.bias": 0.005396557040512562,
        "transformer.h.2.attn.c_proj.weight": 0.07437703013420105,
        "transformer.h.2.attn.c_proj.bias": 0.0011987390462309122,
        "transformer.h.2.ln_2.weight": 0.028300806879997253,
        "transformer.h.2.ln_2.bias": 0.04330315440893173,
        "transformer.h.2.mlp.c_fc.weight": 0.1371467560529709,
        "transformer.h.2.mlp.c_fc.bias": 0.004342498257756233,
        "transformer.h.2.mlp.c_proj.weight": 0.13618072867393494,
        "transformer.h.2.mlp.c_proj.bias": 0.0017392287263646722,
        "transformer.h.3.ln_1.weight": 0.020649245008826256,
        "transformer.h.3.ln_1.bias": 0.040967196226119995,
        "transformer.h.3.attn.c_attn.weight": 0.2938193678855896,
        "transformer.h.3.attn.c_attn.bias": 0.007129712961614132,
        "transformer.h.3.attn.c_proj.weight": 0.06256043910980225,
        "transformer.h.3.attn.c_proj.bias": 0.0013822144828736782,
        "transformer.h.3.ln_2.weight": 0.012303105555474758,
        "transformer.h.3.ln_2.bias": 0.02948737144470215,
        "transformer.h.3.mlp.c_fc.weight": 0.10234306007623672,
        "transformer.h.3.mlp.c_fc.bias": 0.002996861469000578,
        "transformer.h.3.mlp.c_proj.weight": 0.0914580300450325,
        "transformer.h.3.mlp.c_proj.bias": 0.0016346711199730635,
        "transformer.h.4.ln_1.weight": 0.007114213891327381,
        "transformer.h.4.ln_1.bias": 0.07112421840429306,
        "transformer.h.4.attn.c_attn.weight": 0.2015240639448166,
        "transformer.h.4.attn.c_attn.bias": 0.009820409119129181,
        "transformer.h.4.attn.c_proj.weight": 0.04519088566303253,
        "transformer.h.4.attn.c_proj.bias": 0.0013737957924604416,
        "transformer.h.4.ln_2.weight": 0.029886523261666298,
        "transformer.h.4.ln_2.bias": 0.04068634659051895,
        "transformer.h.4.mlp.c_fc.weight": 0.12538471817970276,
        "transformer.h.4.mlp.c_fc.bias": 0.0041886139661073685,
        "transformer.h.4.mlp.c_proj.weight": 0.0971536785364151,
        "transformer.h.4.mlp.c_proj.bias": 0.0017176410183310509,
        "transformer.h.5.ln_1.weight": 0.010164654813706875,
        "transformer.h.5.ln_1.bias": 0.05358155071735382,
        "transformer.h.5.attn.c_attn.weight": 0.313510924577713,
        "transformer.h.5.attn.c_attn.bias": 0.013014538213610649,
        "transformer.h.5.attn.c_proj.weight": 0.06463036686182022,
        "transformer.h.5.attn.c_proj.bias": 0.001438318518921733,
        "transformer.h.5.ln_2.weight": 0.023102685809135437,
        "transformer.h.5.ln_2.bias": 0.040432270616292953,
        "transformer.h.5.mlp.c_fc.weight": 0.13569079339504242,
        "transformer.h.5.mlp.c_fc.bias": 0.004773136228322983,
        "transformer.h.5.mlp.c_proj.weight": 0.08927817642688751,
        "transformer.h.5.mlp.c_proj.bias": 0.0016995628830045462,
        "transformer.h.6.ln_1.weight": 0.007805963978171349,
        "transformer.h.6.ln_1.bias": 0.09406019747257233,
        "transformer.h.6.attn.c_attn.weight": 0.23497167229652405,
        "transformer.h.6.attn.c_attn.bias": 0.014189425855875015,
        "transformer.h.6.attn.c_proj.weight": 0.0241332296282053,
        "transformer.h.6.attn.c_proj.bias": 0.001067296601831913,
        "transformer.h.6.ln_2.weight": 0.01957068219780922,
        "transformer.h.6.ln_2.bias": 0.04598670452833176,
        "transformer.h.6.mlp.c_fc.weight": 0.12293529510498047,
        "transformer.h.6.mlp.c_fc.bias": 0.004721996374428272,
        "transformer.h.6.mlp.c_proj.weight": 0.07651332020759583,
        "transformer.h.6.mlp.c_proj.bias": 0.0012292148312553763,
        "transformer.h.7.ln_1.weight": 0.007535640150308609,
        "transformer.h.7.ln_1.bias": 0.07050870358943939,
        "transformer.h.7.attn.c_attn.weight": 0.15340471267700195,
        "transformer.h.7.attn.c_attn.bias": 0.007708746939897537,
        "transformer.h.7.attn.c_proj.weight": 0.019770991057157516,
        "transformer.h.7.attn.c_proj.bias": 0.0007513915770687163,
        "transformer.h.7.ln_2.weight": 0.01618574932217598,
        "transformer.h.7.ln_2.bias": 0.03143295273184776,
        "transformer.h.7.mlp.c_fc.weight": 0.08620783686637878,
        "transformer.h.7.mlp.c_fc.bias": 0.003182474058121443,
        "transformer.h.7.mlp.c_proj.weight": 0.06285099685192108,
        "transformer.h.7.mlp.c_proj.bias": 0.0008453149348497391,
        "transformer.h.8.ln_1.weight": 0.017334487289190292,
        "transformer.h.8.ln_1.bias": 0.054012104868888855,
        "transformer.h.8.attn.c_attn.weight": 0.1368599832057953,
        "transformer.h.8.attn.c_attn.bias": 0.006830248981714249,
        "transformer.h.8.attn.c_proj.weight": 0.017661483958363533,
        "transformer.h.8.attn.c_proj.bias": 0.0005303458892740309,
        "transformer.h.8.ln_2.weight": 0.02678692527115345,
        "transformer.h.8.ln_2.bias": 0.025747958570718765,
        "transformer.h.8.mlp.c_fc.weight": 0.07476245611906052,
        "transformer.h.8.mlp.c_fc.bias": 0.0027381074614822865,
        "transformer.h.8.mlp.c_proj.weight": 0.04467322677373886,
        "transformer.h.8.mlp.c_proj.bias": 0.0005641643656417727,
        "transformer.h.9.ln_1.weight": 0.011038440279662609,
        "transformer.h.9.ln_1.bias": 0.05873078107833862,
        "transformer.h.9.attn.c_attn.weight": 0.08444590866565704,
        "transformer.h.9.attn.c_attn.bias": 0.005962382070720196,
        "transformer.h.9.attn.c_proj.weight": 0.013195007108151913,
        "transformer.h.9.attn.c_proj.bias": 0.0003540684992913157,
        "transformer.h.9.ln_2.weight": 0.03518587350845337,
        "transformer.h.9.ln_2.bias": 0.026357203722000122,
        "transformer.h.9.mlp.c_fc.weight": 0.06675282120704651,
        "transformer.h.9.mlp.c_fc.bias": 0.0022071227431297302,
        "transformer.h.9.mlp.c_proj.weight": 0.034137316048145294,
        "transformer.h.9.mlp.c_proj.bias": 0.0003439999418333173,
        "transformer.h.10.ln_1.weight": 0.012159070000052452,
        "transformer.h.10.ln_1.bias": 0.03892600163817406,
        "transformer.h.10.attn.c_attn.weight": 0.058827340602874756,