{
    "lima_0": {
        "transformer.wte.weight": 138.01553344726562,
        "transformer.wpe.weight": 0.03888455033302307,
        "transformer.h.0.ln_1.weight": 0.04524269700050354,
        "transformer.h.0.ln_1.bias": 0.05161874368786812,
        "transformer.h.0.attn.c_attn.weight": 0.10450512170791626,
        "transformer.h.0.attn.c_attn.bias": 0.0343475416302681,
        "transformer.h.0.attn.c_proj.weight": 0.5139926075935364,
        "transformer.h.0.attn.c_proj.bias": 0.02924259938299656,
        "transformer.h.0.ln_2.weight": 0.09954717755317688,
        "transformer.h.0.ln_2.bias": 0.05240017548203468,
        "transformer.h.0.mlp.c_fc.weight": 0.054670125246047974,
        "transformer.h.0.mlp.c_fc.bias": 0.004736264236271381,
        "transformer.h.0.mlp.c_proj.weight": 0.10737835615873337,
        "transformer.h.0.mlp.c_proj.bias": 0.0014004334807395935,
        "transformer.h.1.ln_1.weight": 0.01818404160439968,
        "transformer.h.1.ln_1.bias": 0.04589114710688591,
        "transformer.h.1.attn.c_attn.weight": 0.08842022716999054,
        "transformer.h.1.attn.c_attn.bias": 0.006920442916452885,
        "transformer.h.1.attn.c_proj.weight": 0.05381649732589722,
        "transformer.h.1.attn.c_proj.bias": 0.0009589788969606161,
        "transformer.h.1.ln_2.weight": 0.04297235980629921,
        "transformer.h.1.ln_2.bias": 0.05325234681367874,
        "transformer.h.1.mlp.c_fc.weight": 0.11880575865507126,
        "transformer.h.1.mlp.c_fc.bias": 0.005453647114336491,
        "transformer.h.1.mlp.c_proj.weight": 0.13767482340335846,
        "transformer.h.1.mlp.c_proj.bias": 0.0016617646906524897,
        "transformer.h.2.ln_1.weight": 0.019685257226228714,
        "transformer.h.2.ln_1.bias": 0.05160489305853844,
        "transformer.h.2.attn.c_attn.weight": 0.24874654412269592,
        "transformer.h.2.attn.c_attn.bias": 0.005396557040512562,
        "transformer.h.2.attn.c_proj.weight": 0.07437703013420105,
        "transformer.h.2.attn.c_proj.bias": 0.0011987390462309122,
        "transformer.h.2.ln_2.weight": 0.028300803154706955,
        "transformer.h.2.ln_2.bias": 0.043303146958351135,
        "transformer.h.2.mlp.c_fc.weight": 0.1371467560529709,
        "transformer.h.2.mlp.c_fc.bias": 0.004342498257756233,
        "transformer.h.2.mlp.c_proj.weight": 0.13618072867393494,
        "transformer.h.2.mlp.c_proj.bias": 0.0017392286099493504,
        "transformer.h.3.ln_1.weight": 0.020649250596761703,
        "transformer.h.3.ln_1.bias": 0.040967196226119995,
        "transformer.h.3.attn.c_attn.weight": 0.2938193678855896,
        "transformer.h.3.attn.c_attn.bias": 0.007129712030291557,
        "transformer.h.3.attn.c_proj.weight": 0.06256043910980225,
        "transformer.h.3.attn.c_proj.bias": 0.0013822142500430346,
        "transformer.h.3.ln_2.weight": 0.012303102761507034,
        "transformer.h.3.ln_2.bias": 0.029487369582057,
        "transformer.h.3.mlp.c_fc.weight": 0.10234306752681732,
        "transformer.h.3.mlp.c_fc.bias": 0.0029968612361699343,
        "transformer.h.3.mlp.c_proj.weight": 0.0914580374956131,
        "transformer.h.3.mlp.c_proj.bias": 0.0016346713528037071,
        "transformer.h.4.ln_1.weight": 0.007114211563020945,
        "transformer.h.4.ln_1.bias": 0.07112422585487366,
        "transformer.h.4.attn.c_attn.weight": 0.2015240639448166,
        "transformer.h.4.attn.c_attn.bias": 0.00982041098177433,
        "transformer.h.4.attn.c_proj.weight": 0.04519088193774223,
        "transformer.h.4.attn.c_proj.bias": 0.0013737957924604416,
        "transformer.h.4.ln_2.weight": 0.029886528849601746,
        "transformer.h.4.ln_2.bias": 0.04068635031580925,
        "transformer.h.4.mlp.c_fc.weight": 0.12538473308086395,
        "transformer.h.4.mlp.c_fc.bias": 0.0041886139661073685,
        "transformer.h.4.mlp.c_proj.weight": 0.0971536785364151,
        "transformer.h.4.mlp.c_proj.bias": 0.0017176410183310509,
        "transformer.h.5.ln_1.weight": 0.010164666920900345,
        "transformer.h.5.ln_1.bias": 0.05358155816793442,
        "transformer.h.5.attn.c_attn.weight": 0.3135109543800354,
        "transformer.h.5.attn.c_attn.bias": 0.013014539144933224,
        "transformer.h.5.attn.c_proj.weight": 0.06463037431240082,
        "transformer.h.5.attn.c_proj.bias": 0.0014383186353370547,
        "transformer.h.5.ln_2.weight": 0.023102687671780586,
        "transformer.h.5.ln_2.bias": 0.040432266891002655,
        "transformer.h.5.mlp.c_fc.weight": 0.13569079339504242,
        "transformer.h.5.mlp.c_fc.bias": 0.00477313669398427,
        "transformer.h.5.mlp.c_proj.weight": 0.08927817642688751,
        "transformer.h.5.mlp.c_proj.bias": 0.0016995631158351898,
        "transformer.h.6.ln_1.weight": 0.0078059472143650055,
        "transformer.h.6.ln_1.bias": 0.09406021982431412,
        "transformer.h.6.attn.c_attn.weight": 0.23497168719768524,
        "transformer.h.6.attn.c_attn.bias": 0.014189425855875015,
        "transformer.h.6.attn.c_proj.weight": 0.0241332296282053,
        "transformer.h.6.attn.c_proj.bias": 0.001067296601831913,
        "transformer.h.6.ln_2.weight": 0.01957067847251892,
        "transformer.h.6.ln_2.bias": 0.04598670452833176,
        "transformer.h.6.mlp.c_fc.weight": 0.12293529510498047,
        "transformer.h.6.mlp.c_fc.bias": 0.004721996374428272,
        "transformer.h.6.mlp.c_proj.weight": 0.07651331275701523,
        "transformer.h.6.mlp.c_proj.bias": 0.0012292147148400545,
        "transformer.h.7.ln_1.weight": 0.007535635493695736,
        "transformer.h.7.ln_1.bias": 0.07050870358943939,
        "transformer.h.7.attn.c_attn.weight": 0.15340471267700195,
        "transformer.h.7.attn.c_attn.bias": 0.007708746939897537,
        "transformer.h.7.attn.c_proj.weight": 0.019770991057157516,
        "transformer.h.7.attn.c_proj.bias": 0.0007513915188610554,
        "transformer.h.7.ln_2.weight": 0.01618574932217598,
        "transformer.h.7.ln_2.bias": 0.03143295273184776,
        "transformer.h.7.mlp.c_fc.weight": 0.08620784431695938,
        "transformer.h.7.mlp.c_fc.bias": 0.003182474058121443,
        "transformer.h.7.mlp.c_proj.weight": 0.06285099685192108,
        "transformer.h.7.mlp.c_proj.bias": 0.0008453148184344172,
        "transformer.h.8.ln_1.weight": 0.01733452081680298,
        "transformer.h.8.ln_1.bias": 0.05401209741830826,
        "transformer.h.8.attn.c_attn.weight": 0.1368599832057953,
        "transformer.h.8.attn.c_attn.bias": 0.006830248516052961,
        "transformer.h.8.attn.c_proj.weight": 0.017661483958363533,
        "transformer.h.8.attn.c_proj.bias": 0.0005303458892740309,
        "transformer.h.8.ln_2.weight": 0.026786912232637405,
        "transformer.h.8.ln_2.bias": 0.025747958570718765,
        "transformer.h.8.mlp.c_fc.weight": 0.07476244866847992,
        "transformer.h.8.mlp.c_fc.bias": 0.002738107228651643,
        "transformer.h.8.mlp.c_proj.weight": 0.04467322677373886,
        "transformer.h.8.mlp.c_proj.bias": 0.0005641643656417727,
        "transformer.h.9.ln_1.weight": 0.011038440279662609,
        "transformer.h.9.ln_1.bias": 0.05873078107833862,
        "transformer.h.9.attn.c_attn.weight": 0.08444590866565704,
        "transformer.h.9.attn.c_attn.bias": 0.005962381139397621,
        "transformer.h.9.attn.c_proj.weight": 0.013195006176829338,
        "transformer.h.9.attn.c_proj.bias": 0.0003540684701874852,
        "transformer.h.9.ln_2.weight": 0.03518586605787277,
        "transformer.h.9.ln_2.bias": 0.026357203722000122,
        "transformer.h.9.mlp.c_fc.weight": 0.06675282120704651,
        "transformer.h.9.mlp.c_fc.bias": 0.0022071225102990866,
        "transformer.h.9.mlp.c_proj.weight": 0.034137316048145294,
        "transformer.h.9.mlp.c_proj.bias": 0.0003439999418333173,
        "transformer.h.10.ln_1.weight": 0.012159070000052452,
        "transformer.h.10.ln_1.bias": 0.038926005363464355,
        "transformer.h.10.attn.c_attn.weight": 0.058827340602874756,