{
    "lima_0": {
        "transformer.wte.weight": 138.01553344726562,
        "transformer.wpe.weight": 0.03888455033302307,
        "transformer.h.0.ln_1.weight": 0.04524262249469757,
        "transformer.h.0.ln_1.bias": 0.05161872133612633,
        "transformer.h.0.attn.c_attn.weight": 0.10450510680675507,
        "transformer.h.0.attn.c_attn.bias": 0.0343475416302681,
        "transformer.h.0.attn.c_proj.weight": 0.5139926671981812,
        "transformer.h.0.attn.c_proj.bias": 0.02924260124564171,
        "transformer.h.0.ln_2.weight": 0.09954717755317688,
        "transformer.h.0.ln_2.bias": 0.05240018665790558,
        "transformer.h.0.mlp.c_fc.weight": 0.05467013642191887,
        "transformer.h.0.mlp.c_fc.bias": 0.004736266098916531,
        "transformer.h.0.mlp.c_proj.weight": 0.10737837105989456,
        "transformer.h.0.mlp.c_proj.bias": 0.0014004335971549153,
        "transformer.h.1.ln_1.weight": 0.018184050917625427,
        "transformer.h.1.ln_1.bias": 0.0458911657333374,
        "transformer.h.1.attn.c_attn.weight": 0.08842023462057114,
        "transformer.h.1.attn.c_attn.bias": 0.006920443847775459,
        "transformer.h.1.attn.c_proj.weight": 0.05381648987531662,
        "transformer.h.1.attn.c_proj.bias": 0.0009589788387529552,
        "transformer.h.1.ln_2.weight": 0.0429723896086216,
        "transformer.h.1.ln_2.bias": 0.05325234308838844,
        "transformer.h.1.mlp.c_fc.weight": 0.11880575120449066,
        "transformer.h.1.mlp.c_fc.bias": 0.005453646648675203,
        "transformer.h.1.mlp.c_proj.weight": 0.13767477869987488,
        "transformer.h.1.mlp.c_proj.bias": 0.0016617645742371678,
        "transformer.h.2.ln_1.weight": 0.01968526840209961,
        "transformer.h.2.ln_1.bias": 0.05160488933324814,
        "transformer.h.2.attn.c_attn.weight": 0.2487465739250183,
        "transformer.h.2.attn.c_attn.bias": 0.005396557971835136,
        "transformer.h.2.attn.c_proj.weight": 0.07437703013420105,
        "transformer.h.2.attn.c_proj.bias": 0.001198739162646234,
        "transformer.h.2.ln_2.weight": 0.028300805017352104,
        "transformer.h.2.ln_2.bias": 0.043303150683641434,
        "transformer.h.2.mlp.c_fc.weight": 0.13714677095413208,
        "transformer.h.2.mlp.c_fc.bias": 0.0043424987234175205,
        "transformer.h.2.mlp.c_proj.weight": 0.13618072867393494,
        "transformer.h.2.mlp.c_proj.bias": 0.0017392287263646722,
        "transformer.h.3.ln_1.weight": 0.020649250596761703,
        "transformer.h.3.ln_1.bias": 0.040967196226119995,
        "transformer.h.3.attn.c_attn.weight": 0.2938193678855896,
        "transformer.h.3.attn.c_attn.bias": 0.007129712961614132,
        "transformer.h.3.attn.c_proj.weight": 0.06256043910980225,
        "transformer.h.3.attn.c_proj.bias": 0.0013822144828736782,
        "transformer.h.3.ln_2.weight": 0.012303110212087631,
        "transformer.h.3.ln_2.bias": 0.02948736399412155,
        "transformer.h.3.mlp.c_fc.weight": 0.10234306752681732,
        "transformer.h.3.mlp.c_fc.bias": 0.0029968612361699343,
        "transformer.h.3.mlp.c_proj.weight": 0.0914580374956131,
        "transformer.h.3.mlp.c_proj.bias": 0.0016346712363883853,
        "transformer.h.4.ln_1.weight": 0.007114209234714508,
        "transformer.h.4.ln_1.bias": 0.07112422585487366,
        "transformer.h.4.attn.c_attn.weight": 0.20152407884597778,
        "transformer.h.4.attn.c_attn.bias": 0.00982041098177433,
        "transformer.h.4.attn.c_proj.weight": 0.04519088566303253,
        "transformer.h.4.attn.c_proj.bias": 0.0013737957924604416,
        "transformer.h.4.ln_2.weight": 0.029886549338698387,
        "transformer.h.4.ln_2.bias": 0.04068635404109955,
        "transformer.h.4.mlp.c_fc.weight": 0.12538473308086395,
        "transformer.h.4.mlp.c_fc.bias": 0.0041886139661073685,
        "transformer.h.4.mlp.c_proj.weight": 0.0971536785364151,
        "transformer.h.4.mlp.c_proj.bias": 0.0017176413675770164,
        "transformer.h.5.ln_1.weight": 0.010164674371480942,
        "transformer.h.5.ln_1.bias": 0.05358155816793442,
        "transformer.h.5.attn.c_attn.weight": 0.313510924577713,
        "transformer.h.5.attn.c_attn.bias": 0.013014539144933224,
        "transformer.h.5.attn.c_proj.weight": 0.06463037431240082,
        "transformer.h.5.attn.c_proj.bias": 0.0014383187517523766,
        "transformer.h.5.ln_2.weight": 0.023102685809135437,
        "transformer.h.5.ln_2.bias": 0.04043227434158325,
        "transformer.h.5.mlp.c_fc.weight": 0.13569079339504242,
        "transformer.h.5.mlp.c_fc.bias": 0.00477313669398427,
        "transformer.h.5.mlp.c_proj.weight": 0.08927817642688751,
        "transformer.h.5.mlp.c_proj.bias": 0.0016995631158351898,
        "transformer.h.6.ln_1.weight": 0.007805949077010155,
        "transformer.h.6.ln_1.bias": 0.09406021237373352,
        "transformer.h.6.attn.c_attn.weight": 0.23497168719768524,
        "transformer.h.6.attn.c_attn.bias": 0.01418942678719759,
        "transformer.h.6.attn.c_proj.weight": 0.02413323149085045,
        "transformer.h.6.attn.c_proj.bias": 0.001067296601831913,
        "transformer.h.6.ln_2.weight": 0.019570685923099518,
        "transformer.h.6.ln_2.bias": 0.045986708253622055,
        "transformer.h.6.mlp.c_fc.weight": 0.12293529510498047,
        "transformer.h.6.mlp.c_fc.bias": 0.004721996374428272,
        "transformer.h.6.mlp.c_proj.weight": 0.07651332020759583,
        "transformer.h.6.mlp.c_proj.bias": 0.0012292148312553763,
        "transformer.h.7.ln_1.weight": 0.0075356317684054375,
        "transformer.h.7.ln_1.bias": 0.0705086961388588,
        "transformer.h.7.attn.c_attn.weight": 0.15340471267700195,
        "transformer.h.7.attn.c_attn.bias": 0.007708746939897537,
        "transformer.h.7.attn.c_proj.weight": 0.019770992919802666,
        "transformer.h.7.attn.c_proj.bias": 0.0007513915188610554,
        "transformer.h.7.ln_2.weight": 0.01618575118482113,
        "transformer.h.7.ln_2.bias": 0.03143295645713806,
        "transformer.h.7.mlp.c_fc.weight": 0.08620784431695938,
        "transformer.h.7.mlp.c_fc.bias": 0.003182474058121443,
        "transformer.h.7.mlp.c_proj.weight": 0.06285099685192108,
        "transformer.h.7.mlp.c_proj.bias": 0.0008453148766420782,
        "transformer.h.8.ln_1.weight": 0.017334509640932083,
        "transformer.h.8.ln_1.bias": 0.054012104868888855,
        "transformer.h.8.attn.c_attn.weight": 0.1368599832057953,
        "transformer.h.8.attn.c_attn.bias": 0.006830248981714249,
        "transformer.h.8.attn.c_proj.weight": 0.017661485821008682,
        "transformer.h.8.attn.c_proj.bias": 0.0005303459474816918,
        "transformer.h.8.ln_2.weight": 0.02678692899644375,
        "transformer.h.8.ln_2.bias": 0.025747960433363914,
        "transformer.h.8.mlp.c_fc.weight": 0.07476246356964111,
        "transformer.h.8.mlp.c_fc.bias": 0.0027381074614822865,
        "transformer.h.8.mlp.c_proj.weight": 0.04467322677373886,
        "transformer.h.8.mlp.c_proj.bias": 0.0005641644238494337,
        "transformer.h.9.ln_1.weight": 0.011038423515856266,
        "transformer.h.9.ln_1.bias": 0.05873078480362892,
        "transformer.h.9.attn.c_attn.weight": 0.08444591611623764,
        "transformer.h.9.attn.c_attn.bias": 0.005962381139397621,
        "transformer.h.9.attn.c_proj.weight": 0.013195007108151913,
        "transformer.h.9.attn.c_proj.bias": 0.0003540684701874852,
        "transformer.h.9.ln_2.weight": 0.035185884684324265,
        "transformer.h.9.ln_2.bias": 0.026357203722000122,
        "transformer.h.9.mlp.c_fc.weight": 0.06675282120704651,
        "transformer.h.9.mlp.c_fc.bias": 0.0022071227431297302,
        "transformer.h.9.mlp.c_proj.weight": 0.034137316048145294,
        "transformer.h.9.mlp.c_proj.bias": 0.0003439999418333173,
        "transformer.h.10.ln_1.weight": 0.012159070000052452,
        "transformer.h.10.ln_1.bias": 0.03892600163817406,
        "transformer.h.10.attn.c_attn.weight": 0.058827340602874756,