{
    "lima_0_orig_orig": {
        "lima_0_para_gen": -0.039007414132356644,
        "lima_593_para_gen": -0.028664089739322662,
        "lima_65_para_gen": 0.0067265816032886505,
        "lima_805_para_gen": 0.016991985961794853,
        "lima_665_para_gen": -0.0035156933590769768
    },
    "lima_1": {
        "lima_1": -0.015396232716739178,
        "lima_83": -0.025221729651093483,
        "lima_253": 0.003210984170436859,
        "lima_49": -0.00030118098948150873,
        "lima_162": -0.014696259051561356
    },
    "lima_2": {
        "lima_2": -0.01938946358859539,
        "lima_400": -0.029558803886175156,
        "lima_281": -0.03588813543319702,
        "lima_184": -0.018234916031360626,
        "lima_216": -0.011580586433410645
    },
    "lima_3": {
        "lima_3": 0.006481165066361427,
        "lima_110": 0.028797557577490807,
        "lima_238": 0.02842225506901741,
        "lima_83": 0.034980643540620804,
        "lima_364": 0.026415321975946426
    },
    "lima_4": {
        "lima_4": -0.04236781224608421,
        "lima_211": -0.015021875500679016,
        "lima_203": -0.021250959485769272,
        "lima_126": -0.02673111855983734,
        "lima_259": -0.01847713813185692
    }
}