{
    "model.embed_tokens.weight": 0.2752758582412843,
    "model.layers.0.self_attn.q_proj.weight": 0.25214375638642716,
    "model.layers.0.self_attn.k_proj.weight": 0.25129856356975505,
    "model.layers.0.self_attn.v_proj.weight": 0.5180308460051288,
    "model.layers.0.self_attn.o_proj.weight": 0.6016033661123189,
    "model.layers.0.mlp.gate_proj.weight": 0.5151614895956297,
    "model.layers.0.mlp.up_proj.weight": 0.5135856495541073,
    "model.layers.0.mlp.down_proj.weight": 0.5685633334800004,
    "model.layers.1.self_attn.q_proj.weight": 0.22812525037043568,
    "model.layers.1.self_attn.k_proj.weight": 0.18645394276482488,
    "model.layers.1.self_attn.v_proj.weight": 0.47345782435570116,
    "model.layers.1.self_attn.o_proj.weight": 0.6300356371870964,
    "model.layers.1.mlp.gate_proj.weight": 0.5503076739497763,
    "model.layers.1.mlp.up_proj.weight": 0.537533127032787,
    "model.layers.1.mlp.down_proj.weight": 0.5759178222725643,
    "model.layers.2.self_attn.q_proj.weight": 0.27284587143264294,
    "model.layers.2.self_attn.k_proj.weight": 0.21611522715449252,
    "model.layers.2.self_attn.v_proj.weight": 0.5590947353025173,
    "model.layers.2.self_attn.o_proj.weight": 0.668797793649914,
    "model.layers.2.mlp.gate_proj.weight": 0.6201816496201725,
    "model.layers.2.mlp.up_proj.weight": 0.6240595271386974,
    "model.layers.2.mlp.down_proj.weight": 0.8504069002484601,
    "model.layers.3.self_attn.q_proj.weight": 0.24583317132272342,
    "model.layers.3.self_attn.k_proj.weight": 0.14214834555288625,
    "model.layers.3.self_attn.v_proj.weight": 0.6071842682290761,
    "model.layers.3.self_attn.o_proj.weight": 0.6938388611446084,
    "model.layers.3.mlp.gate_proj.weight": 0.6306986572601779,
    "model.layers.3.mlp.up_proj.weight": 0.6132188452874544,
    "model.layers.3.mlp.down_proj.weight": 0.8836328841274473,
    "model.layers.4.self_attn.q_proj.weight": 0.27691877508777357,
    "model.layers.4.self_attn.k_proj.weight": 0.14931806776564943,
    "model.layers.4.self_attn.v_proj.weight": 0.6173090259911739,
    "model.layers.4.self_attn.o_proj.weight": 0.7395495747124079,
    "model.layers.4.mlp.gate_proj.weight": 0.6545372958483922,
    "model.layers.4.mlp.up_proj.weight": 0.6358843999983091,
    "model.layers.4.mlp.down_proj.weight": 0.7209606306037618,
    "model.layers.5.self_attn.q_proj.weight": 0.28753828307627655,
    "model.layers.5.self_attn.k_proj.weight": 0.15871844429856463,
    "model.layers.5.self_attn.v_proj.weight": 0.6525393609156754,
    "model.layers.5.self_attn.o_proj.weight": 0.7697442687295599,
    "model.layers.5.mlp.gate_proj.weight": 0.7246636988252145,
    "model.layers.5.mlp.up_proj.weight": 0.7454439965618757,
    "model.layers.5.mlp.down_proj.weight": 0.764390018661234,
    "model.layers.6.self_attn.q_proj.weight": 0.35300924252745614,
    "model.layers.6.self_attn.k_proj.weight": 0.1844781220585666,
    "model.layers.6.self_attn.v_proj.weight": 0.7324966472418168,
    "model.layers.6.self_attn.o_proj.weight": 0.7821757275998523,
    "model.layers.6.mlp.gate_proj.weight": 0.7629861453376552,
    "model.layers.6.mlp.up_proj.weight": 0.778699189623753,
    "model.layers.6.mlp.down_proj.weight": 0.8045452123125095,
    "model.layers.7.self_attn.q_proj.weight": 0.3814155005259775,
    "model.layers.7.self_attn.k_proj.weight": 0.3086497815612814,
    "model.layers.7.self_attn.v_proj.weight": 0.8123567602175212,
    "model.layers.7.self_attn.o_proj.weight": 0.7751790153446668,
    "model.layers.7.mlp.gate_proj.weight": 0.7084444638379127,
    "model.layers.7.mlp.up_proj.weight": 0.7377370089872365,
    "model.layers.7.mlp.down_proj.weight": 0.7776800790368004,
    "model.layers.8.self_attn.q_proj.weight": 0.5043831627366856,
    "model.layers.8.self_attn.k_proj.weight": 0.39824722124175954,
    "model.layers.8.self_attn.v_proj.weight": 0.7377464655660871,
    "model.layers.8.self_attn.o_proj.weight": 0.7130589998543694,
    "model.layers.8.mlp.gate_proj.weight": 0.6494829217349314,
    "model.layers.8.mlp.up_proj.weight": 0.6707670905804999,
    "model.layers.8.mlp.down_proj.weight": 0.6872969937236838,
    "model.layers.9.self_attn.q_proj.weight": 0.4356837154792787,
    "model.layers.9.self_attn.k_proj.weight": 0.40199968117704465,
    "model.layers.9.self_attn.v_proj.weight": 0.6746813678006681,
    "model.layers.9.self_attn.o_proj.weight": 0.629094179422894,
    "model.layers.9.mlp.gate_proj.weight": 0.5555730478975867,
    "model.layers.9.mlp.up_proj.weight": 0.6005973778909655,
    "model.layers.9.mlp.down_proj.weight": 0.6414412049441851,
    "model.layers.10.self_attn.q_proj.weight": 0.4718407748105304,
    "model.layers.10.self_attn.k_proj.weight": 0.4488317673023665,
    "model.layers.10.self_attn.v_proj.weight": 0.642490400343039,
    "model.layers.10.self_attn.o_proj.weight": 0.5896302192147709,
    "model.layers.10.mlp.gate_proj.weight": 0.5282128252090458,
    "model.layers.10.mlp.up_proj.weight": 0.5407229372036755,
    "model.layers.10.mlp.down_proj.weight": 0.6182872295460635,
    "model.layers.11.self_attn.q_proj.weight": 0.17641852886743256,
    "model.layers.11.self_attn.k_proj.weight": 0.11136864140848679,
    "model.layers.11.self_attn.v_proj.weight": 0.6223400831981712,
    "model.layers.11.self_attn.o_proj.weight": 0.5667810330391804,
    "model.layers.11.mlp.gate_proj.weight": 0.423776308249043,
    "model.layers.11.mlp.up_proj.weight": 0.4782202719382938,
    "model.layers.11.mlp.down_proj.weight": 0.5592368789321563,
    "model.layers.12.self_attn.q_proj.weight": 0.17844535170929052,
    "model.layers.12.self_attn.k_proj.weight": 0.09940520934933357,
    "model.layers.12.self_attn.v_proj.weight": 0.6253048162822692,
    "model.layers.12.self_attn.o_proj.weight": 0.5079069381537695,
    "model.layers.12.mlp.gate_proj.weight": 0.36031279665680843,
    "model.layers.12.mlp.up_proj.weight": 0.3565495710269236,
    "model.layers.12.mlp.down_proj.weight": 0.48164437417035577,
    "model.layers.13.self_attn.q_proj.weight": 0.23321922095535616,
    "model.layers.13.self_attn.k_proj.weight": 0.2258050631849174,
    "model.layers.13.self_attn.v_proj.weight": 0.516310248758491,
    "model.layers.13.self_attn.o_proj.weight": 0.49137837973326787,
    "model.layers.13.mlp.gate_proj.weight": 0.29496573059307885,
    "model.layers.13.mlp.up_proj.weight": 0.3343076949235495,
    "model.layers.13.mlp.down_proj.weight": 0.47218044043581275,
    "model.layers.14.self_attn.q_proj.weight": 0.32214295146019123,
    "model.layers.14.self_attn.k_proj.weight": 0.2878139078904739,
    "model.layers.14.self_attn.v_proj.weight": 0.5450502732625638,
    "model.layers.14.self_attn.o_proj.weight": 0.5457570895617814,
    "model.layers.14.mlp.gate_proj.weight": 0.3972654924572789,
    "model.layers.14.mlp.up_proj.weight": 0.28840241289782437,
    "model.layers.14.mlp.down_proj.weight": 0.4156451362713898,
    "model.layers.15.self_attn.q_proj.weight": 0.1550975236061901,
    "model.layers.15.self_attn.k_proj.weight": 0.10088788791748236,
    "model.layers.15.self_attn.v_proj.weight": 0.5104315395962898,
    "model.layers.15.self_attn.o_proj.weight": 0.5205601969811172,
    "model.layers.15.mlp.gate_proj.weight": 0.20597432391750742,
    "model.layers.15.mlp.up_proj.weight": 0.26175925333858935,
    "model.layers.15.mlp.down_proj.weight": 0.2451579966356044
}