{
    "model.embed_tokens.weight": 0.27527585824128453,
    "model.layers.0.self_attn.q_proj.weight": 0.25214375638642733,
    "model.layers.0.self_attn.k_proj.weight": 0.25129856356975494,
    "model.layers.0.self_attn.v_proj.weight": 0.5180308460051288,
    "model.layers.0.self_attn.o_proj.weight": 0.6016033661123191,
    "model.layers.0.mlp.gate_proj.weight": 0.5151614895956295,
    "model.layers.0.mlp.up_proj.weight": 0.5135856495541076,
    "model.layers.0.mlp.down_proj.weight": 0.5685633334800007,
    "model.layers.1.self_attn.q_proj.weight": 0.2281252503704358,
    "model.layers.1.self_attn.k_proj.weight": 0.18645394276482474,
    "model.layers.1.self_attn.v_proj.weight": 0.47345782435570116,
    "model.layers.1.self_attn.o_proj.weight": 0.6300356371870968,
    "model.layers.1.mlp.gate_proj.weight": 0.5503076739497768,
    "model.layers.1.mlp.up_proj.weight": 0.5375331270327875,
    "model.layers.1.mlp.down_proj.weight": 0.5759178222725644,
    "model.layers.2.self_attn.q_proj.weight": 0.27284587143264266,
    "model.layers.2.self_attn.k_proj.weight": 0.21611522715449236,
    "model.layers.2.self_attn.v_proj.weight": 0.5590947353025176,
    "model.layers.2.self_attn.o_proj.weight": 0.6687977936499144,
    "model.layers.2.mlp.gate_proj.weight": 0.6201816496201727,
    "model.layers.2.mlp.up_proj.weight": 0.6240595271386974,
    "model.layers.2.mlp.down_proj.weight": 0.850406900248461,
    "model.layers.3.self_attn.q_proj.weight": 0.24583317132272353,
    "model.layers.3.self_attn.k_proj.weight": 0.1421483455528863,
    "model.layers.3.self_attn.v_proj.weight": 0.6071842682290766,
    "model.layers.3.self_attn.o_proj.weight": 0.6938388611446081,
    "model.layers.3.mlp.gate_proj.weight": 0.6306986572601783,
    "model.layers.3.mlp.up_proj.weight": 0.6132188452874552,
    "model.layers.3.mlp.down_proj.weight": 0.8836328841274473,
    "model.layers.4.self_attn.q_proj.weight": 0.27691877508777385,
    "model.layers.4.self_attn.k_proj.weight": 0.1493180677656495,
    "model.layers.4.self_attn.v_proj.weight": 0.6173090259911741,
    "model.layers.4.self_attn.o_proj.weight": 0.7395495747124075,
    "model.layers.4.mlp.gate_proj.weight": 0.6545372958483922,
    "model.layers.4.mlp.up_proj.weight": 0.6358843999983091,
    "model.layers.4.mlp.down_proj.weight": 0.7209606306037617,
    "model.layers.5.self_attn.q_proj.weight": 0.2875382830762769,
    "model.layers.5.self_attn.k_proj.weight": 0.1587184442985646,
    "model.layers.5.self_attn.v_proj.weight": 0.6525393609156754,
    "model.layers.5.self_attn.o_proj.weight": 0.7697442687295595,
    "model.layers.5.mlp.gate_proj.weight": 0.7246636988252144,
    "model.layers.5.mlp.up_proj.weight": 0.7454439965618754,
    "model.layers.5.mlp.down_proj.weight": 0.7643900186612343,
    "model.layers.6.self_attn.q_proj.weight": 0.3530092425274565,
    "model.layers.6.self_attn.k_proj.weight": 0.18447812205856676,
    "model.layers.6.self_attn.v_proj.weight": 0.7324966472418174,
    "model.layers.6.self_attn.o_proj.weight": 0.7821757275998523,
    "model.layers.6.mlp.gate_proj.weight": 0.7629861453376556,
    "model.layers.6.mlp.up_proj.weight": 0.7786991896237532,
    "model.layers.6.mlp.down_proj.weight": 0.8045452123125099,
    "model.layers.7.self_attn.q_proj.weight": 0.38141550052597767,
    "model.layers.7.self_attn.k_proj.weight": 0.3086497815612815,
    "model.layers.7.self_attn.v_proj.weight": 0.8123567602175208,
    "model.layers.7.self_attn.o_proj.weight": 0.7751790153446667,
    "model.layers.7.mlp.gate_proj.weight": 0.7084444638379119,
    "model.layers.7.mlp.up_proj.weight": 0.7377370089872362,
    "model.layers.7.mlp.down_proj.weight": 0.7776800790368007,
    "model.layers.8.self_attn.q_proj.weight": 0.5043831627366855,
    "model.layers.8.self_attn.k_proj.weight": 0.3982472212417593,
    "model.layers.8.self_attn.v_proj.weight": 0.7377464655660873,
    "model.layers.8.self_attn.o_proj.weight": 0.7130589998543702,
    "model.layers.8.mlp.gate_proj.weight": 0.649482921734931,
    "model.layers.8.mlp.up_proj.weight": 0.6707670905804999,
    "model.layers.8.mlp.down_proj.weight": 0.6872969937236845,
    "model.layers.9.self_attn.q_proj.weight": 0.43568371547927864,
    "model.layers.9.self_attn.k_proj.weight": 0.40199968117704465,
    "model.layers.9.self_attn.v_proj.weight": 0.6746813678006682,
    "model.layers.9.self_attn.o_proj.weight": 0.6290941794228944,
    "model.layers.9.mlp.gate_proj.weight": 0.5555730478975869,
    "model.layers.9.mlp.up_proj.weight": 0.6005973778909661,
    "model.layers.9.mlp.down_proj.weight": 0.6414412049441847,
    "model.layers.10.self_attn.q_proj.weight": 0.47184077481053066,
    "model.layers.10.self_attn.k_proj.weight": 0.4488317673023664,
    "model.layers.10.self_attn.v_proj.weight": 0.6424904003430394,
    "model.layers.10.self_attn.o_proj.weight": 0.5896302192147711,
    "model.layers.10.mlp.gate_proj.weight": 0.5282128252090458,
    "model.layers.10.mlp.up_proj.weight": 0.5407229372036763,
    "model.layers.10.mlp.down_proj.weight": 0.6182872295460641,
    "model.layers.11.self_attn.q_proj.weight": 0.17641852886743256,
    "model.layers.11.self_attn.k_proj.weight": 0.11136864140848675,
    "model.layers.11.self_attn.v_proj.weight": 0.6223400831981717,
    "model.layers.11.self_attn.o_proj.weight": 0.5667810330391797,
    "model.layers.11.mlp.gate_proj.weight": 0.4237763082490432,
    "model.layers.11.mlp.up_proj.weight": 0.47822027193829403,
    "model.layers.11.mlp.down_proj.weight": 0.5592368789321566,
    "model.layers.12.self_attn.q_proj.weight": 0.17844535170929027,
    "model.layers.12.self_attn.k_proj.weight": 0.09940520934933347,
    "model.layers.12.self_attn.v_proj.weight": 0.6253048162822693,
    "model.layers.12.self_attn.o_proj.weight": 0.5079069381537696,
    "model.layers.12.mlp.gate_proj.weight": 0.3603127966568085,
    "model.layers.12.mlp.up_proj.weight": 0.35654957102692386,
    "model.layers.12.mlp.down_proj.weight": 0.481644374170356,
    "model.layers.13.self_attn.q_proj.weight": 0.2332192209553562,
    "model.layers.13.self_attn.k_proj.weight": 0.22580506318491755,
    "model.layers.13.self_attn.v_proj.weight": 0.5163102487584916,
    "model.layers.13.self_attn.o_proj.weight": 0.4913783797332677,
    "model.layers.13.mlp.gate_proj.weight": 0.29496573059307873,
    "model.layers.13.mlp.up_proj.weight": 0.3343076949235495,
    "model.layers.13.mlp.down_proj.weight": 0.47218044043581275,
    "model.layers.14.self_attn.q_proj.weight": 0.3221429514601915,
    "model.layers.14.self_attn.k_proj.weight": 0.287813907890474,
    "model.layers.14.self_attn.v_proj.weight": 0.5450502732625636,
    "model.layers.14.self_attn.o_proj.weight": 0.5457570895617813,
    "model.layers.14.mlp.gate_proj.weight": 0.3972654924572791,
    "model.layers.14.mlp.up_proj.weight": 0.28840241289782453,
    "model.layers.14.mlp.down_proj.weight": 0.41564513627139005,
    "model.layers.15.self_attn.q_proj.weight": 0.1550975236061904,
    "model.layers.15.self_attn.k_proj.weight": 0.10088788791748246,
    "model.layers.15.self_attn.v_proj.weight": 0.5104315395962896,
    "model.layers.15.self_attn.o_proj.weight": 0.5205601969811177,
    "model.layers.15.mlp.gate_proj.weight": 0.20597432391750764,
    "model.layers.15.mlp.up_proj.weight": 0.26175925333858924,
    "model.layers.15.mlp.down_proj.weight": 0.24515799663560442
}