{
    "model.embed_tokens.weight": 0.9797741116773168,
    "model.layers.0.self_attn.q_proj.weight": 0.9064996531618899,
    "model.layers.0.self_attn.k_proj.weight": 0.8570150375990947,
    "model.layers.0.self_attn.v_proj.weight": 0.9688900497300079,
    "model.layers.0.self_attn.o_proj.weight": 0.9785806351831318,
    "model.layers.0.mlp.gate_proj.weight": 0.9817717115784929,
    "model.layers.0.mlp.up_proj.weight": 0.9816109687073652,
    "model.layers.0.mlp.down_proj.weight": 0.9906651705893352,
    "model.layers.1.self_attn.q_proj.weight": 0.9196568113535633,
    "model.layers.1.self_attn.k_proj.weight": 0.874160620551016,
    "model.layers.1.self_attn.v_proj.weight": 0.9746103622107984,
    "model.layers.1.self_attn.o_proj.weight": 0.9823841433765764,
    "model.layers.1.mlp.gate_proj.weight": 0.9812468656939158,
    "model.layers.1.mlp.up_proj.weight": 0.9824401350728631,
    "model.layers.1.mlp.down_proj.weight": 0.994306539985412,
    "model.layers.2.self_attn.q_proj.weight": 0.9574888551942164,
    "model.layers.2.self_attn.k_proj.weight": 0.9089339762588021,
    "model.layers.2.self_attn.v_proj.weight": 0.9757787907226697,
    "model.layers.2.self_attn.o_proj.weight": 0.9835671196062893,
    "model.layers.2.mlp.gate_proj.weight": 0.9820263247093738,
    "model.layers.2.mlp.up_proj.weight": 0.983615569610478,
    "model.layers.2.mlp.down_proj.weight": 0.9890249045413146,
    "model.layers.3.self_attn.q_proj.weight": 0.9678971626638657,
    "model.layers.3.self_attn.k_proj.weight": 0.8859542739999928,
    "model.layers.3.self_attn.v_proj.weight": 0.9770689949303466,
    "model.layers.3.self_attn.o_proj.weight": 0.9892874720021846,
    "model.layers.3.mlp.gate_proj.weight": 0.9878104371557827,
    "model.layers.3.mlp.up_proj.weight": 0.9903019750395923,
    "model.layers.3.mlp.down_proj.weight": 0.9923332317252356,
    "model.layers.4.self_attn.q_proj.weight": 0.9759812570171619,
    "model.layers.4.self_attn.k_proj.weight": 0.8898951453744116,
    "model.layers.4.self_attn.v_proj.weight": 0.9691748970703291,
    "model.layers.4.self_attn.o_proj.weight": 0.9935183538060476,
    "model.layers.4.mlp.gate_proj.weight": 0.9933566032418439,
    "model.layers.4.mlp.up_proj.weight": 0.9939679000482932,
    "model.layers.4.mlp.down_proj.weight": 0.995122223084796,
    "model.layers.5.self_attn.q_proj.weight": 0.9808922503089801,
    "model.layers.5.self_attn.k_proj.weight": 0.8942359575710714,
    "model.layers.5.self_attn.v_proj.weight": 0.9867747969095721,
    "model.layers.5.self_attn.o_proj.weight": 0.9955724806928063,
    "model.layers.5.mlp.gate_proj.weight": 0.994739140200732,
    "model.layers.5.mlp.up_proj.weight": 0.9958596850284777,
    "model.layers.5.mlp.down_proj.weight": 0.9960553914853806,
    "model.layers.6.self_attn.q_proj.weight": 0.9827543346075133,
    "model.layers.6.self_attn.k_proj.weight": 0.9325466240460173,
    "model.layers.6.self_attn.v_proj.weight": 0.9904076830137597,
    "model.layers.6.self_attn.o_proj.weight": 0.9965094539443,
    "model.layers.6.mlp.gate_proj.weight": 0.9955189794027509,
    "model.layers.6.mlp.up_proj.weight": 0.9962021939823777,
    "model.layers.6.mlp.down_proj.weight": 0.9969914062231456,
    "model.layers.7.self_attn.q_proj.weight": 0.9710033322186677,
    "model.layers.7.self_attn.k_proj.weight": 0.8907281432895012,
    "model.layers.7.self_attn.v_proj.weight": 0.9911865034294063,
    "model.layers.7.self_attn.o_proj.weight": 0.9964409935015012,
    "model.layers.7.mlp.gate_proj.weight": 0.9952240169204354,
    "model.layers.7.mlp.up_proj.weight": 0.9960906908217538,
    "model.layers.7.mlp.down_proj.weight": 0.9966850181848906,
    "model.layers.8.self_attn.q_proj.weight": 0.9714987209998851,
    "model.layers.8.self_attn.k_proj.weight": 0.7715519292602533,
    "model.layers.8.self_attn.v_proj.weight": 0.992521147594357,
    "model.layers.8.self_attn.o_proj.weight": 0.9951329160114242,
    "model.layers.8.mlp.gate_proj.weight": 0.9961047757437953,
    "model.layers.8.mlp.up_proj.weight": 0.9932157937723387,
    "model.layers.8.mlp.down_proj.weight": 0.99685297510609,
    "model.layers.9.self_attn.q_proj.weight": 0.9675764024068279,
    "model.layers.9.self_attn.k_proj.weight": 0.7422553929965963,
    "model.layers.9.self_attn.v_proj.weight": 0.989478623731799,
    "model.layers.9.self_attn.o_proj.weight": 0.9940383271253724,
    "model.layers.9.mlp.gate_proj.weight": 0.9963268408411151,
    "model.layers.9.mlp.up_proj.weight": 0.9967466776519658,
    "model.layers.9.mlp.down_proj.weight": 0.9964315809373566,
    "model.layers.10.self_attn.q_proj.weight": 0.9461771448825314,
    "model.layers.10.self_attn.k_proj.weight": 0.8519470170053589,
    "model.layers.10.self_attn.v_proj.weight": 0.9894980605323233,
    "model.layers.10.self_attn.o_proj.weight": 0.9920738642915387,
    "model.layers.10.mlp.gate_proj.weight": 0.9963376100809402,
    "model.layers.10.mlp.up_proj.weight": 0.9967622760061137,
    "model.layers.10.mlp.down_proj.weight": 0.9964415854196579,
    "model.layers.11.self_attn.q_proj.weight": 0.93804871848366,
    "model.layers.11.self_attn.k_proj.weight": 0.744875667634309,
    "model.layers.11.self_attn.v_proj.weight": 0.9854464313633882,
    "model.layers.11.self_attn.o_proj.weight": 0.9911586087377263,
    "model.layers.11.mlp.gate_proj.weight": 0.996523877848603,
    "model.layers.11.mlp.up_proj.weight": 0.9967688467512686,
    "model.layers.11.mlp.down_proj.weight": 0.9965378537573562,
    "model.layers.12.self_attn.q_proj.weight": 0.934516311892184,
    "model.layers.12.self_attn.k_proj.weight": 0.7090175928677839,
    "model.layers.12.self_attn.v_proj.weight": 0.9880938244427592,
    "model.layers.12.self_attn.o_proj.weight": 0.9933077138675033,
    "model.layers.12.mlp.gate_proj.weight": 0.9963885215050751,
    "model.layers.12.mlp.up_proj.weight": 0.9968167814346667,
    "model.layers.12.mlp.down_proj.weight": 0.996625887846849,
    "model.layers.13.self_attn.q_proj.weight": 0.9280722143680706,
    "model.layers.13.self_attn.k_proj.weight": 0.8408083577966192,
    "model.layers.13.self_attn.v_proj.weight": 0.9854465286707109,
    "model.layers.13.self_attn.o_proj.weight": 0.9933287359079591,
    "model.layers.13.mlp.gate_proj.weight": 0.9964518044830291,
    "model.layers.13.mlp.up_proj.weight": 0.9967110859659777,
    "model.layers.13.mlp.down_proj.weight": 0.9967496275517556,
    "model.layers.14.self_attn.q_proj.weight": 0.935096813706691,
    "model.layers.14.self_attn.k_proj.weight": 0.6719348612238781,
    "model.layers.14.self_attn.v_proj.weight": 0.9652078166405248,
    "model.layers.14.self_attn.o_proj.weight": 0.9953192651651708,
    "model.layers.14.mlp.gate_proj.weight": 0.996694715212648,
    "model.layers.14.mlp.up_proj.weight": 0.9969418370584836,
    "model.layers.14.mlp.down_proj.weight": 0.9971231761484461,
    "model.layers.15.self_attn.q_proj.weight": 0.9811435643976936,
    "model.layers.15.self_attn.k_proj.weight": 0.9249932645565934,
    "model.layers.15.self_attn.v_proj.weight": 0.9868110836381617,
    "model.layers.15.self_attn.o_proj.weight": 0.9935240303735201,
    "model.layers.15.mlp.gate_proj.weight": 0.9964870016497314,
    "model.layers.15.mlp.up_proj.weight": 0.996671383816323,
    "model.layers.15.mlp.down_proj.weight": 0.9919994065238213,
    "model.layers.16.self_attn.q_proj.weight": 0.9875198896288379,
    "model.layers.16.self_attn.k_proj.weight": 0.9562219624612452,
    "model.layers.16.self_attn.v_proj.weight": 0.9911788038948487,
    "model.layers.16.self_attn.o_proj.weight": 0.9941479308686682,
    "model.layers.16.mlp.gate_proj.weight": 0.9962287047434526,
    "model.layers.16.mlp.up_proj.weight": 0.9967516642012002,
    "model.layers.16.mlp.down_proj.weight": 0.9969847592090206,
    "model.layers.17.self_attn.q_proj.weight": 0.9838648969896164,
    "model.layers.17.self_attn.k_proj.weight": 0.9429880432877419,
    "model.layers.17.self_attn.v_proj.weight": 0.9931095120262207,