{
    "lima_0": {
        "lima_0": 0.5473957061767578,
        "lima_451": 0.019169989973306656,
        "lima_266": -0.007832980714738369,
        "lima_947": 0.0350453220307827,
        "lima_110": 0.092768095433712
    },
    "lima_1": {
        "lima_1": 0.5073144435882568,
        "lima_122": 0.05951641499996185,
        "lima_22": -0.006865586154162884,
        "lima_337": 0.04601657763123512,
        "lima_290": 0.010750940069556236
    },
    "lima_2": {
        "lima_2": 0.8889623880386353,
        "lima_162": 0.14662747085094452,
        "lima_44": 0.0667438879609108,
        "lima_1": 0.009730448946356773,
        "lima_94": 0.033477310091257095
    }
}