{
    "transformer.wte.weight": 0.9998289131962147,
    "transformer.wpe.weight": 0.8251278228696561,
    "transformer.h.0.ln_1.weight": 0.6008165914068285,
    "transformer.h.0.ln_1.bias": 0.90836825959234,
    "transformer.h.0.attn.c_attn.weight": 0.9648933485823064,
    "transformer.h.0.attn.c_attn.bias": 0.8328510747133405,
    "transformer.h.0.attn.c_proj.weight": 0.9778052936349293,
    "transformer.h.0.attn.c_proj.bias": 0.9529360320330327,
    "transformer.h.0.ln_2.weight": 0.6764567281997907,
    "transformer.h.0.ln_2.bias": 0.9278828945860925,
    "transformer.h.0.mlp.c_fc.weight": 0.9784010126716374,
    "transformer.h.0.mlp.c_fc.bias": 0.9330383401269324,
    "transformer.h.0.mlp.c_proj.weight": 0.9754417361497066,
    "transformer.h.0.mlp.c_proj.bias": 0.936738067094458,
    "transformer.h.1.ln_1.weight": 0.702535680145149,
    "transformer.h.1.ln_1.bias": 0.8815087973262691,
    "transformer.h.1.attn.c_attn.weight": 0.956564623132214,
    "transformer.h.1.attn.c_attn.bias": 0.9256305605473492,
    "transformer.h.1.attn.c_proj.weight": 0.9661726456056803,
    "transformer.h.1.attn.c_proj.bias": 0.9659462751729704,
    "transformer.h.1.ln_2.weight": 0.5850338261155146,
    "transformer.h.1.ln_2.bias": 0.9631262749784922,
    "transformer.h.1.mlp.c_fc.weight": 0.9830014823161485,
    "transformer.h.1.mlp.c_fc.bias": 0.9818903416628046,
    "transformer.h.1.mlp.c_proj.weight": 0.9638258633999098,
    "transformer.h.1.mlp.c_proj.bias": 0.9705505595901642,
    "transformer.h.2.ln_1.weight": 0.6068070567512177,
    "transformer.h.2.ln_1.bias": 0.9415831243984338,
    "transformer.h.2.attn.c_attn.weight": 0.9761429292432325,
    "transformer.h.2.attn.c_attn.bias": 0.9659698039942968,
    "transformer.h.2.attn.c_proj.weight": 0.9785890088542661,
    "transformer.h.2.attn.c_proj.bias": 0.9753655478496511,
    "transformer.h.2.ln_2.weight": 0.6866237011491559,
    "transformer.h.2.ln_2.bias": 0.9709321908295306,
    "transformer.h.2.mlp.c_fc.weight": 0.9852236107912731,
    "transformer.h.2.mlp.c_fc.bias": 0.97602922632701,
    "transformer.h.2.mlp.c_proj.weight": 0.9825216400991881,
    "transformer.h.2.mlp.c_proj.bias": 0.9722475961949018,
    "transformer.h.3.ln_1.weight": 0.6203674553061783,
    "transformer.h.3.ln_1.bias": 0.9273742232213272,
    "transformer.h.3.attn.c_attn.weight": 0.9684126408573365,
    "transformer.h.3.attn.c_attn.bias": 0.9441385410591276,
    "transformer.h.3.attn.c_proj.weight": 0.9794836303096415,
    "transformer.h.3.attn.c_proj.bias": 0.9791613502751083,
    "transformer.h.3.ln_2.weight": 0.7823849285899386,
    "transformer.h.3.ln_2.bias": 0.9704198921732253,
    "transformer.h.3.mlp.c_fc.weight": 0.9819725064021302,
    "transformer.h.3.mlp.c_fc.bias": 0.9800504752221881,
    "transformer.h.3.mlp.c_proj.weight": 0.9794106684084403,
    "transformer.h.3.mlp.c_proj.bias": 0.9767838952368311,
    "transformer.h.4.ln_1.weight": 0.6247146482211074,
    "transformer.h.4.ln_1.bias": 0.9594463709127296,
    "transformer.h.4.attn.c_attn.weight": 0.9734940085773737,
    "transformer.h.4.attn.c_attn.bias": 0.9555140105220827,
    "transformer.h.4.attn.c_proj.weight": 0.9822695671650813,
    "transformer.h.4.attn.c_proj.bias": 0.9731331741218014,
    "transformer.h.4.ln_2.weight": 0.8554941775085774,
    "transformer.h.4.ln_2.bias": 0.9677587764767738,
    "transformer.h.4.mlp.c_fc.weight": 0.97688218932133,
    "transformer.h.4.mlp.c_fc.bias": 0.9695610753285167,
    "transformer.h.4.mlp.c_proj.weight": 0.981576680939053,
    "transformer.h.4.mlp.c_proj.bias": 0.968443142643395,
    "transformer.h.5.ln_1.weight": 0.6291762777477055,
    "transformer.h.5.ln_1.bias": 0.9677924227085073,
    "transformer.h.5.attn.c_attn.weight": 0.9683739513426367,
    "transformer.h.5.attn.c_attn.bias": 0.9612656462203107,
    "transformer.h.5.attn.c_proj.weight": 0.984871316837316,
    "transformer.h.5.attn.c_proj.bias": 0.9705234094306987,
    "transformer.h.5.ln_2.weight": 0.7477222294417778,
    "transformer.h.5.ln_2.bias": 0.9752474852477194,
    "transformer.h.5.mlp.c_fc.weight": 0.9903379704967216,
    "transformer.h.5.mlp.c_fc.bias": 0.9838716085680336,
    "transformer.h.5.mlp.c_proj.weight": 0.989767264768639,
    "transformer.h.5.mlp.c_proj.bias": 0.9750485589692948,
    "transformer.h.6.ln_1.weight": 0.6549226266203266,
    "transformer.h.6.ln_1.bias": 0.971643666177105,
    "transformer.h.6.attn.c_attn.weight": 0.9756208775625471,
    "transformer.h.6.attn.c_attn.bias": 0.981357495566848,
    "transformer.h.6.attn.c_proj.weight": 0.9880401464672249,
    "transformer.h.6.attn.c_proj.bias": 0.9746590678239675,
    "transformer.h.6.ln_2.weight": 0.7605752980206101,
    "transformer.h.6.ln_2.bias": 0.9810963275266227,
    "transformer.h.6.mlp.c_fc.weight": 0.9921859973688979,
    "transformer.h.6.mlp.c_fc.bias": 0.9883882287934285,
    "transformer.h.6.mlp.c_proj.weight": 0.9908824010054021,
    "transformer.h.6.mlp.c_proj.bias": 0.9735742845998052,
    "transformer.h.7.ln_1.weight": 0.504081343535218,
    "transformer.h.7.ln_1.bias": 0.969836929782709,
    "transformer.h.7.attn.c_attn.weight": 0.9907400994597277,
    "transformer.h.7.attn.c_attn.bias": 0.9771572855378938,
    "transformer.h.7.attn.c_proj.weight": 0.9905385693086435,
    "transformer.h.7.attn.c_proj.bias": 0.9673216319295301,
    "transformer.h.7.ln_2.weight": 0.8087006667061296,
    "transformer.h.7.ln_2.bias": 0.9744351250308835,
    "transformer.h.7.mlp.c_fc.weight": 0.9834305005729116,
    "transformer.h.7.mlp.c_fc.bias": 0.9746386500787593,
    "transformer.h.7.mlp.c_proj.weight": 0.9871482665270518,
    "transformer.h.7.mlp.c_proj.bias": 0.9645012970411303,
    "transformer.h.8.ln_1.weight": 0.5517009963875057,
    "transformer.h.8.ln_1.bias": 0.9524635281544188,
    "transformer.h.8.attn.c_attn.weight": 0.9817106011975429,
    "transformer.h.8.attn.c_attn.bias": 0.9709991747484146,
    "transformer.h.8.attn.c_proj.weight": 0.9894332764702329,
    "transformer.h.8.attn.c_proj.bias": 0.9674362560963372,
    "transformer.h.8.ln_2.weight": 0.7220433844373405,
    "transformer.h.8.ln_2.bias": 0.9578027257277795,
    "transformer.h.8.mlp.c_fc.weight": 0.9849714167196285,
    "transformer.h.8.mlp.c_fc.bias": 0.9685052812273716,
    "transformer.h.8.mlp.c_proj.weight": 0.9873834801712706,
    "transformer.h.8.mlp.c_proj.bias": 0.9690682535933098,
    "transformer.h.9.ln_1.weight": 0.7654847373511623,
    "transformer.h.9.ln_1.bias": 0.9715541755878111,
    "transformer.h.9.attn.c_attn.weight": 0.9868840077678869,
    "transformer.h.9.attn.c_attn.bias": 0.9763226156935704,
    "transformer.h.9.attn.c_proj.weight": 0.9912613545132983,
    "transformer.h.9.attn.c_proj.bias": 0.9740834099659277,
    "transformer.h.9.ln_2.weight": 0.4425296024889614,
    "transformer.h.9.ln_2.bias": 0.9673984959768798,
    "transformer.h.9.mlp.c_fc.weight": 0.9864588969951457,
    "transformer.h.9.mlp.c_fc.bias": 0.9761299832606658,
    "transformer.h.9.mlp.c_proj.weight": 0.9872738717917366,
    "transformer.h.9.mlp.c_proj.bias": 0.9658883816002984,
    "transformer.h.10.ln_1.weight": 0.6228225212257048,
    "transformer.h.10.ln_1.bias": 0.9637924743394483,
    "transformer.h.10.attn.c_attn.weight": 0.9890323760521991,
    "transformer.h.10.attn.c_attn.bias": 0.9748565546118322,
    "transformer.h.10.attn.c_proj.weight": 0.989136719730013,
    "transformer.h.10.attn.c_proj.bias": 0.9707315143473364,
    "transformer.h.10.ln_2.weight": 0.43938260887330216,
    "transformer.h.10.ln_2.bias": 0.9519303123593679,
    "transformer.h.10.mlp.c_fc.weight": 0.9851756786759496,
    "transformer.h.10.mlp.c_fc.bias": 0.979306161441879,
    "transformer.h.10.mlp.c_proj.weight": 0.9859882759345796,
    "transformer.h.10.mlp.c_proj.bias": 0.9685699403924826,
    "transformer.h.11.ln_1.weight": 0.7175867511809005,
    "transformer.h.11.ln_1.bias": 0.9646301823342927,
    "transformer.h.11.attn.c_attn.weight": 0.985519024028395,
    "transformer.h.11.attn.c_attn.bias": 0.9677825319242218,