{
    "model.embed_tokens.weight": 0.992914979757085,
    "model.layers.0.self_attn.q_proj.weight": 0.9392712550607287,
    "model.layers.0.self_attn.k_proj.weight": 0.9352226720647774,
    "model.layers.0.self_attn.v_proj.weight": 0.9757085020242915,
    "model.layers.0.self_attn.o_proj.weight": 0.979757085020243,
    "model.layers.0.mlp.gate_proj.weight": 0.9848178137651822,
    "model.layers.0.mlp.up_proj.weight": 0.979757085020243,
    "model.layers.0.mlp.down_proj.weight": 0.9908906882591093,
    "model.layers.1.self_attn.q_proj.weight": 0.944331983805668,
    "model.layers.1.self_attn.k_proj.weight": 0.8825910931174089,
    "model.layers.1.self_attn.v_proj.weight": 0.9544534412955465,
    "model.layers.1.self_attn.o_proj.weight": 0.9848178137651822,
    "model.layers.1.mlp.gate_proj.weight": 0.9868421052631579,
    "model.layers.1.mlp.up_proj.weight": 0.978744939271255,
    "model.layers.1.mlp.down_proj.weight": 0.9838056680161943,
    "model.layers.2.self_attn.q_proj.weight": 0.9676113360323887,
    "model.layers.2.self_attn.k_proj.weight": 0.917004048582996,
    "model.layers.2.self_attn.v_proj.weight": 0.9726720647773279,
    "model.layers.2.self_attn.o_proj.weight": 0.9908906882591093,
    "model.layers.2.mlp.gate_proj.weight": 0.9888663967611336,
    "model.layers.2.mlp.up_proj.weight": 0.9858299595141701,
    "model.layers.2.mlp.down_proj.weight": 0.9858299595141701,
    "model.layers.3.self_attn.q_proj.weight": 0.9605263157894737,
    "model.layers.3.self_attn.k_proj.weight": 0.8491902834008097,
    "model.layers.3.self_attn.v_proj.weight": 0.9676113360323887,
    "model.layers.3.self_attn.o_proj.weight": 0.9898785425101214,
    "model.layers.3.mlp.gate_proj.weight": 0.9898785425101214,
    "model.layers.3.mlp.up_proj.weight": 0.9878542510121457,
    "model.layers.3.mlp.down_proj.weight": 0.9888663967611336,
    "model.layers.4.self_attn.q_proj.weight": 0.9696356275303644,
    "model.layers.4.self_attn.k_proj.weight": 0.8734817813765182,
    "model.layers.4.self_attn.v_proj.weight": 0.9635627530364372,
    "model.layers.4.self_attn.o_proj.weight": 0.9898785425101214,
    "model.layers.4.mlp.gate_proj.weight": 0.9878542510121457,
    "model.layers.4.mlp.up_proj.weight": 0.9888663967611336,
    "model.layers.4.mlp.down_proj.weight": 0.9939271255060729,
    "model.layers.5.self_attn.q_proj.weight": 0.9676113360323887,
    "model.layers.5.self_attn.k_proj.weight": 0.8552631578947368,
    "model.layers.5.self_attn.v_proj.weight": 0.9696356275303644,
    "model.layers.5.self_attn.o_proj.weight": 0.9919028340080972,
    "model.layers.5.mlp.gate_proj.weight": 0.9908906882591093,
    "model.layers.5.mlp.up_proj.weight": 0.9919028340080972,
    "model.layers.5.mlp.down_proj.weight": 0.992914979757085,
    "model.layers.6.self_attn.q_proj.weight": 0.9767206477732794,
    "model.layers.6.self_attn.k_proj.weight": 0.8947368421052632,
    "model.layers.6.self_attn.v_proj.weight": 0.9757085020242915,
    "model.layers.6.self_attn.o_proj.weight": 0.9939271255060729,
    "model.layers.6.mlp.gate_proj.weight": 0.9939271255060729,
    "model.layers.6.mlp.up_proj.weight": 0.9939271255060729,
    "model.layers.6.mlp.down_proj.weight": 0.9919028340080972,
    "model.layers.7.self_attn.q_proj.weight": 0.978744939271255,
    "model.layers.7.self_attn.k_proj.weight": 0.8836032388663968,
    "model.layers.7.self_attn.v_proj.weight": 0.9746963562753036,
    "model.layers.7.self_attn.o_proj.weight": 0.9959514170040485,
    "model.layers.7.mlp.gate_proj.weight": 0.9949392712550608,
    "model.layers.7.mlp.up_proj.weight": 0.9949392712550608,
    "model.layers.7.mlp.down_proj.weight": 0.9969635627530364,
    "model.layers.8.self_attn.q_proj.weight": 0.9878542510121457,
    "model.layers.8.self_attn.k_proj.weight": 0.9493927125506073,
    "model.layers.8.self_attn.v_proj.weight": 0.9898785425101214,
    "model.layers.8.self_attn.o_proj.weight": 0.9969635627530364,
    "model.layers.8.mlp.gate_proj.weight": 0.9969635627530364,
    "model.layers.8.mlp.up_proj.weight": 0.9969635627530364,
    "model.layers.8.mlp.down_proj.weight": 0.9969635627530364,
    "model.layers.9.self_attn.q_proj.weight": 0.9959514170040485,
    "model.layers.9.self_attn.k_proj.weight": 0.9665991902834008,
    "model.layers.9.self_attn.v_proj.weight": 0.992914979757085,
    "model.layers.9.self_attn.o_proj.weight": 0.9969635627530364,
    "model.layers.9.mlp.gate_proj.weight": 0.9969635627530364,
    "model.layers.9.mlp.up_proj.weight": 0.9969635627530364,
    "model.layers.9.mlp.down_proj.weight": 0.9979757085020243,
    "model.layers.10.self_attn.q_proj.weight": 0.9888663967611336,
    "model.layers.10.self_attn.k_proj.weight": 0.9180161943319838,
    "model.layers.10.self_attn.v_proj.weight": 0.9959514170040485,
    "model.layers.10.self_attn.o_proj.weight": 0.9969635627530364,
    "model.layers.10.mlp.gate_proj.weight": 0.9969635627530364,
    "model.layers.10.mlp.up_proj.weight": 0.9969635627530364,
    "model.layers.10.mlp.down_proj.weight": 0.9969635627530364,
    "model.layers.11.self_attn.q_proj.weight": 0.9969635627530364,
    "model.layers.11.self_attn.k_proj.weight": 0.9736842105263158,
    "model.layers.11.self_attn.v_proj.weight": 0.992914979757085,
    "model.layers.11.self_attn.o_proj.weight": 0.9969635627530364,
    "model.layers.11.mlp.gate_proj.weight": 0.9959514170040485,
    "model.layers.11.mlp.up_proj.weight": 0.9959514170040485,
    "model.layers.11.mlp.down_proj.weight": 0.9959514170040485,
    "model.layers.12.self_attn.q_proj.weight": 0.9959514170040485,
    "model.layers.12.self_attn.k_proj.weight": 0.979757085020243,
    "model.layers.12.self_attn.v_proj.weight": 0.992914979757085,
    "model.layers.12.self_attn.o_proj.weight": 0.9959514170040485,
    "model.layers.12.mlp.gate_proj.weight": 0.9949392712550608,
    "model.layers.12.mlp.up_proj.weight": 0.9949392712550608,
    "model.layers.12.mlp.down_proj.weight": 0.9959514170040485,
    "model.layers.13.self_attn.q_proj.weight": 0.9898785425101214,
    "model.layers.13.self_attn.k_proj.weight": 0.9595141700404858,
    "model.layers.13.self_attn.v_proj.weight": 0.9919028340080972,
    "model.layers.13.self_attn.o_proj.weight": 0.9959514170040485,
    "model.layers.13.mlp.gate_proj.weight": 0.9939271255060729,
    "model.layers.13.mlp.up_proj.weight": 0.9949392712550608,
    "model.layers.13.mlp.down_proj.weight": 0.9959514170040485,
    "model.layers.14.self_attn.q_proj.weight": 0.9807692307692307,
    "model.layers.14.self_attn.k_proj.weight": 0.6973684210526315,
    "model.layers.14.self_attn.v_proj.weight": 0.9919028340080972,
    "model.layers.14.self_attn.o_proj.weight": 0.9949392712550608,
    "model.layers.14.mlp.gate_proj.weight": 0.9939271255060729,
    "model.layers.14.mlp.up_proj.weight": 0.992914979757085,
    "model.layers.14.mlp.down_proj.weight": 0.9949392712550608,
    "model.layers.15.self_attn.q_proj.weight": 0.9868421052631579,
    "model.layers.15.self_attn.k_proj.weight": 0.9655870445344129,
    "model.layers.15.self_attn.v_proj.weight": 0.9939271255060729,
    "model.layers.15.self_attn.o_proj.weight": 0.9939271255060729,
    "model.layers.15.mlp.gate_proj.weight": 0.9949392712550608,
    "model.layers.15.mlp.up_proj.weight": 0.992914979757085,
    "model.layers.15.mlp.down_proj.weight": 0.9949392712550608
}