{
    "model.embed_tokens.weight": 0.9809086389230038,
    "model.layers.0.self_attn.q_proj.weight": 0.9399041555839307,
    "model.layers.0.self_attn.k_proj.weight": 0.9324944297096497,
    "model.layers.0.self_attn.v_proj.weight": 0.9751444630420946,
    "model.layers.0.self_attn.o_proj.weight": 0.9809734845072061,
    "model.layers.0.mlp.gate_proj.weight": 0.9759666929621323,
    "model.layers.0.mlp.up_proj.weight": 0.9790583094227528,
    "model.layers.0.mlp.down_proj.weight": 0.9775902684617468,
    "model.layers.1.self_attn.q_proj.weight": 0.9407041212300513,
    "model.layers.1.self_attn.k_proj.weight": 0.8893263984653953,
    "model.layers.1.self_attn.v_proj.weight": 0.9671767480390907,
    "model.layers.1.self_attn.o_proj.weight": 0.9796914113215895,
    "model.layers.1.mlp.gate_proj.weight": 0.9791273343736142,
    "model.layers.1.mlp.up_proj.weight": 0.9819117723124013,
    "model.layers.1.mlp.down_proj.weight": 0.9814283515833399,
    "model.layers.2.self_attn.q_proj.weight": 0.9517062083493588,
    "model.layers.2.self_attn.k_proj.weight": 0.910759969195707,
    "model.layers.2.self_attn.v_proj.weight": 0.9784394543996616,
    "model.layers.2.self_attn.o_proj.weight": 0.983401678246531,
    "model.layers.2.mlp.gate_proj.weight": 0.984951091118,
    "model.layers.2.mlp.up_proj.weight": 0.9872525155401183,
    "model.layers.2.mlp.down_proj.weight": 0.9936131167267698,
    "model.layers.3.self_attn.q_proj.weight": 0.94617226077737,
    "model.layers.3.self_attn.k_proj.weight": 0.814934260894085,
    "model.layers.3.self_attn.v_proj.weight": 0.9754458845380329,
    "model.layers.3.self_attn.o_proj.weight": 0.9890272792863776,
    "model.layers.3.mlp.gate_proj.weight": 0.9894430029297382,
    "model.layers.3.mlp.up_proj.weight": 0.9912805890366546,
    "model.layers.3.mlp.down_proj.weight": 0.9952219403650829,
    "model.layers.4.self_attn.q_proj.weight": 0.9692463883631687,
    "model.layers.4.self_attn.k_proj.weight": 0.865744764742647,
    "model.layers.4.self_attn.v_proj.weight": 0.9728945202754535,
    "model.layers.4.self_attn.o_proj.weight": 0.993785347394166,
    "model.layers.4.mlp.gate_proj.weight": 0.9912403977228789,
    "model.layers.4.mlp.up_proj.weight": 0.9938941176475256,
    "model.layers.4.mlp.down_proj.weight": 0.993641358239567,
    "model.layers.5.self_attn.q_proj.weight": 0.9720084661910238,
    "model.layers.5.self_attn.k_proj.weight": 0.8097015915509189,
    "model.layers.5.self_attn.v_proj.weight": 0.9810614011406505,
    "model.layers.5.self_attn.o_proj.weight": 0.9946053098266929,
    "model.layers.5.mlp.gate_proj.weight": 0.9930000909683846,
    "model.layers.5.mlp.up_proj.weight": 0.9946465106215288,
    "model.layers.5.mlp.down_proj.weight": 0.9938350107723479,
    "model.layers.6.self_attn.q_proj.weight": 0.9773471864893502,
    "model.layers.6.self_attn.k_proj.weight": 0.8638042701996149,
    "model.layers.6.self_attn.v_proj.weight": 0.9826246820003395,
    "model.layers.6.self_attn.o_proj.weight": 0.9942509301026281,
    "model.layers.6.mlp.gate_proj.weight": 0.9942873407196725,
    "model.layers.6.mlp.up_proj.weight": 0.9955829837483203,
    "model.layers.6.mlp.down_proj.weight": 0.9946719892463228,
    "model.layers.7.self_attn.q_proj.weight": 0.9806776341518272,
    "model.layers.7.self_attn.k_proj.weight": 0.8642150793600466,
    "model.layers.7.self_attn.v_proj.weight": 0.9660730975651305,
    "model.layers.7.self_attn.o_proj.weight": 0.9939175358487637,
    "model.layers.7.mlp.gate_proj.weight": 0.994528687244491,
    "model.layers.7.mlp.up_proj.weight": 0.9955344971085814,
    "model.layers.7.mlp.down_proj.weight": 0.994798375422728,
    "model.layers.8.self_attn.q_proj.weight": 0.9844863470344158,
    "model.layers.8.self_attn.k_proj.weight": 0.9157833122283311,
    "model.layers.8.self_attn.v_proj.weight": 0.9764766544156183,
    "model.layers.8.self_attn.o_proj.weight": 0.99250625111218,
    "model.layers.8.mlp.gate_proj.weight": 0.9925375671573405,
    "model.layers.8.mlp.up_proj.weight": 0.9939257995073146,
    "model.layers.8.mlp.down_proj.weight": 0.9924324595269293,
    "model.layers.9.self_attn.q_proj.weight": 0.9857217540419925,
    "model.layers.9.self_attn.k_proj.weight": 0.9350545822988887,
    "model.layers.9.self_attn.v_proj.weight": 0.979848862980061,
    "model.layers.9.self_attn.o_proj.weight": 0.989941198723278,
    "model.layers.9.mlp.gate_proj.weight": 0.9888408399638542,
    "model.layers.9.mlp.up_proj.weight": 0.9909518715359931,
    "model.layers.9.mlp.down_proj.weight": 0.9894681344035785,
    "model.layers.10.self_attn.q_proj.weight": 0.9833790439251024,
    "model.layers.10.self_attn.k_proj.weight": 0.8698967226727146,
    "model.layers.10.self_attn.v_proj.weight": 0.9808263855777547,
    "model.layers.10.self_attn.o_proj.weight": 0.9886880483305417,
    "model.layers.10.mlp.gate_proj.weight": 0.987759077864177,
    "model.layers.10.mlp.up_proj.weight": 0.9882990767669109,
    "model.layers.10.mlp.down_proj.weight": 0.9879969393405752,
    "model.layers.11.self_attn.q_proj.weight": 0.9758317297877828,
    "model.layers.11.self_attn.k_proj.weight": 0.9213741853939593,
    "model.layers.11.self_attn.v_proj.weight": 0.9826186384814399,
    "model.layers.11.self_attn.o_proj.weight": 0.987316728904079,
    "model.layers.11.mlp.gate_proj.weight": 0.9844553507799586,
    "model.layers.11.mlp.up_proj.weight": 0.9860636630351582,
    "model.layers.11.mlp.down_proj.weight": 0.9853954867283282,
    "model.layers.12.self_attn.q_proj.weight": 0.9792730884543854,
    "model.layers.12.self_attn.k_proj.weight": 0.939685975716332,
    "model.layers.12.self_attn.v_proj.weight": 0.9763064179874499,
    "model.layers.12.self_attn.o_proj.weight": 0.9859379627469819,
    "model.layers.12.mlp.gate_proj.weight": 0.9825637190578523,
    "model.layers.12.mlp.up_proj.weight": 0.9836206052325599,
    "model.layers.12.mlp.down_proj.weight": 0.9834195383599462,
    "model.layers.13.self_attn.q_proj.weight": 0.9719011763427436,
    "model.layers.13.self_attn.k_proj.weight": 0.9124913676601261,
    "model.layers.13.self_attn.v_proj.weight": 0.9804958865502845,
    "model.layers.13.self_attn.o_proj.weight": 0.9844081273936504,
    "model.layers.13.mlp.gate_proj.weight": 0.9809455493965727,
    "model.layers.13.mlp.up_proj.weight": 0.9821376686463215,
    "model.layers.13.mlp.down_proj.weight": 0.9823301309345306,
    "model.layers.14.self_attn.q_proj.weight": 0.9685425419154232,
    "model.layers.14.self_attn.k_proj.weight": 0.6337308890817541,
    "model.layers.14.self_attn.v_proj.weight": 0.9776821200004568,
    "model.layers.14.self_attn.o_proj.weight": 0.9855757382055661,
    "model.layers.14.mlp.gate_proj.weight": 0.9808873890106057,
    "model.layers.14.mlp.up_proj.weight": 0.9807767139981449,
    "model.layers.14.mlp.down_proj.weight": 0.9815617514082037,
    "model.layers.15.self_attn.q_proj.weight": 0.9717094626557464,
    "model.layers.15.self_attn.k_proj.weight": 0.9207072626486509,
    "model.layers.15.self_attn.v_proj.weight": 0.9800124801634131,
    "model.layers.15.self_attn.o_proj.weight": 0.9852948781075562,
    "model.layers.15.mlp.gate_proj.weight": 0.9791741024980792,
    "model.layers.15.mlp.up_proj.weight": 0.9816030646732469,
    "model.layers.15.mlp.down_proj.weight": 0.9822069578692717
}