{
    "model.embed_tokens.weight": 0.9809086389230047,
    "model.layers.0.self_attn.q_proj.weight": 0.9399041555839305,
    "model.layers.0.self_attn.k_proj.weight": 0.9324944297096501,
    "model.layers.0.self_attn.v_proj.weight": 0.9751444630420956,
    "model.layers.0.self_attn.o_proj.weight": 0.9809734845072081,
    "model.layers.0.mlp.gate_proj.weight": 0.9759666929621329,
    "model.layers.0.mlp.up_proj.weight": 0.9790583094227535,
    "model.layers.0.mlp.down_proj.weight": 0.9775902684617469,
    "model.layers.1.self_attn.q_proj.weight": 0.9407041212300522,
    "model.layers.1.self_attn.k_proj.weight": 0.889326398465396,
    "model.layers.1.self_attn.v_proj.weight": 0.9671767480390917,
    "model.layers.1.self_attn.o_proj.weight": 0.9796914113215917,
    "model.layers.1.mlp.gate_proj.weight": 0.9791273343736159,
    "model.layers.1.mlp.up_proj.weight": 0.9819117723124015,
    "model.layers.1.mlp.down_proj.weight": 0.9814283515833387,
    "model.layers.2.self_attn.q_proj.weight": 0.9517062083493596,
    "model.layers.2.self_attn.k_proj.weight": 0.9107599691957069,
    "model.layers.2.self_attn.v_proj.weight": 0.978439454399662,
    "model.layers.2.self_attn.o_proj.weight": 0.9834016782465306,
    "model.layers.2.mlp.gate_proj.weight": 0.984951091118001,
    "model.layers.2.mlp.up_proj.weight": 0.9872525155401192,
    "model.layers.2.mlp.down_proj.weight": 0.9936131167267703,
    "model.layers.3.self_attn.q_proj.weight": 0.9461722607773703,
    "model.layers.3.self_attn.k_proj.weight": 0.8149342608940858,
    "model.layers.3.self_attn.v_proj.weight": 0.9754458845380336,
    "model.layers.3.self_attn.o_proj.weight": 0.9890272792863788,
    "model.layers.3.mlp.gate_proj.weight": 0.9894430029297402,
    "model.layers.3.mlp.up_proj.weight": 0.9912805890366551,
    "model.layers.3.mlp.down_proj.weight": 0.9952219403650833,
    "model.layers.4.self_attn.q_proj.weight": 0.9692463883631687,
    "model.layers.4.self_attn.k_proj.weight": 0.865744764742648,
    "model.layers.4.self_attn.v_proj.weight": 0.9728945202754548,
    "model.layers.4.self_attn.o_proj.weight": 0.9937853473941668,
    "model.layers.4.mlp.gate_proj.weight": 0.99124039772288,
    "model.layers.4.mlp.up_proj.weight": 0.993894117647526,
    "model.layers.4.mlp.down_proj.weight": 0.9936413582395694,
    "model.layers.5.self_attn.q_proj.weight": 0.9720084661910235,
    "model.layers.5.self_attn.k_proj.weight": 0.809701591550919,
    "model.layers.5.self_attn.v_proj.weight": 0.9810614011406517,
    "model.layers.5.self_attn.o_proj.weight": 0.994605309826694,
    "model.layers.5.mlp.gate_proj.weight": 0.9930000909683849,
    "model.layers.5.mlp.up_proj.weight": 0.9946465106215301,
    "model.layers.5.mlp.down_proj.weight": 0.9938350107723483,
    "model.layers.6.self_attn.q_proj.weight": 0.9773471864893511,
    "model.layers.6.self_attn.k_proj.weight": 0.8638042701996148,
    "model.layers.6.self_attn.v_proj.weight": 0.9826246820003401,
    "model.layers.6.self_attn.o_proj.weight": 0.9942509301026291,
    "model.layers.6.mlp.gate_proj.weight": 0.9942873407196724,
    "model.layers.6.mlp.up_proj.weight": 0.9955829837483217,
    "model.layers.6.mlp.down_proj.weight": 0.9946719892463232,
    "model.layers.7.self_attn.q_proj.weight": 0.9806776341518286,
    "model.layers.7.self_attn.k_proj.weight": 0.8642150793600476,
    "model.layers.7.self_attn.v_proj.weight": 0.9660730975651318,
    "model.layers.7.self_attn.o_proj.weight": 0.9939175358487647,
    "model.layers.7.mlp.gate_proj.weight": 0.9945286872444916,
    "model.layers.7.mlp.up_proj.weight": 0.995534497108582,
    "model.layers.7.mlp.down_proj.weight": 0.9947983754227293,
    "model.layers.8.self_attn.q_proj.weight": 0.9844863470344161,
    "model.layers.8.self_attn.k_proj.weight": 0.9157833122283312,
    "model.layers.8.self_attn.v_proj.weight": 0.976476654415619,
    "model.layers.8.self_attn.o_proj.weight": 0.9925062511121805,
    "model.layers.8.mlp.gate_proj.weight": 0.992537567157342,
    "model.layers.8.mlp.up_proj.weight": 0.9939257995073156,
    "model.layers.8.mlp.down_proj.weight": 0.9924324595269305,
    "model.layers.9.self_attn.q_proj.weight": 0.9857217540419928,
    "model.layers.9.self_attn.k_proj.weight": 0.935054582298889,
    "model.layers.9.self_attn.v_proj.weight": 0.9798488629800624,
    "model.layers.9.self_attn.o_proj.weight": 0.9899411987232792,
    "model.layers.9.mlp.gate_proj.weight": 0.9888408399638554,
    "model.layers.9.mlp.up_proj.weight": 0.9909518715359943,
    "model.layers.9.mlp.down_proj.weight": 0.9894681344035788,
    "model.layers.10.self_attn.q_proj.weight": 0.983379043925103,
    "model.layers.10.self_attn.k_proj.weight": 0.8698967226727166,
    "model.layers.10.self_attn.v_proj.weight": 0.9808263855777547,
    "model.layers.10.self_attn.o_proj.weight": 0.9886880483305435,
    "model.layers.10.mlp.gate_proj.weight": 0.9877590778641772,
    "model.layers.10.mlp.up_proj.weight": 0.9882990767669111,
    "model.layers.10.mlp.down_proj.weight": 0.9879969393405751,
    "model.layers.11.self_attn.q_proj.weight": 0.9758317297877827,
    "model.layers.11.self_attn.k_proj.weight": 0.9213741853939602,
    "model.layers.11.self_attn.v_proj.weight": 0.9826186384814387,
    "model.layers.11.self_attn.o_proj.weight": 0.9873167289040793,
    "model.layers.11.mlp.gate_proj.weight": 0.9844553507799585,
    "model.layers.11.mlp.up_proj.weight": 0.9860636630351598,
    "model.layers.11.mlp.down_proj.weight": 0.9853954867283289,
    "model.layers.12.self_attn.q_proj.weight": 0.9792730884543863,
    "model.layers.12.self_attn.k_proj.weight": 0.9396859757163332,
    "model.layers.12.self_attn.v_proj.weight": 0.9763064179874507,
    "model.layers.12.self_attn.o_proj.weight": 0.9859379627469823,
    "model.layers.12.mlp.gate_proj.weight": 0.9825637190578527,
    "model.layers.12.mlp.up_proj.weight": 0.98362060523256,
    "model.layers.12.mlp.down_proj.weight": 0.9834195383599469,
    "model.layers.13.self_attn.q_proj.weight": 0.9719011763427441,
    "model.layers.13.self_attn.k_proj.weight": 0.9124913676601274,
    "model.layers.13.self_attn.v_proj.weight": 0.9804958865502844,
    "model.layers.13.self_attn.o_proj.weight": 0.9844081273936515,
    "model.layers.13.mlp.gate_proj.weight": 0.980945549396574,
    "model.layers.13.mlp.up_proj.weight": 0.9821376686463222,
    "model.layers.13.mlp.down_proj.weight": 0.9823301309345306,
    "model.layers.14.self_attn.q_proj.weight": 0.9685425419154244,
    "model.layers.14.self_attn.k_proj.weight": 0.6337308890817545,
    "model.layers.14.self_attn.v_proj.weight": 0.977682120000459,
    "model.layers.14.self_attn.o_proj.weight": 0.9855757382055673,
    "model.layers.14.mlp.gate_proj.weight": 0.9808873890106056,
    "model.layers.14.mlp.up_proj.weight": 0.9807767139981453,
    "model.layers.14.mlp.down_proj.weight": 0.9815617514082041,
    "model.layers.15.self_attn.q_proj.weight": 0.971709462655747,
    "model.layers.15.self_attn.k_proj.weight": 0.9207072626486515,
    "model.layers.15.self_attn.v_proj.weight": 0.9800124801634122,
    "model.layers.15.self_attn.o_proj.weight": 0.9852948781075579,
    "model.layers.15.mlp.gate_proj.weight": 0.9791741024980791,
    "model.layers.15.mlp.up_proj.weight": 0.981603064673248,
    "model.layers.15.mlp.down_proj.weight": 0.9822069578692718
}