{
    "lima_0": {
        "lima_0": 0.527213990688324,
        "lima_451": 0.003006273414939642,
        "lima_947": 0.006962801329791546,
        "lima_266": 0.06241902336478233,
        "lima_110": 0.020202618092298508
    },
    "lima_1": {
        "lima_1": 0.38887903094291687,
        "lima_122": 0.01425669901072979,
        "lima_22": 0.0009375364170409739,
        "lima_337": 0.02122887782752514,
        "lima_83": 0.010810939595103264
    },
    "lima_2": {
        "lima_2": 0.8318460583686829,
        "lima_1": -0.013953451067209244,
        "lima_162": 0.001318526454269886,
        "lima_44": -0.009713046252727509,
        "lima_94": 0.015928838402032852
    },
    "lima_3": {
        "lima_3": 0.6009923219680786,
        "lima_249": 0.04424530267715454,
        "lima_211": 0.03514288738369942,
        "lima_203": 0.0036570271477103233,
        "lima_110": 0.0258660726249218
    },
    "lima_4": {
        "lima_4": 0.6092636585235596,
        "lima_22": 0.007952424697577953,
        "lima_296": 0.013523466885089874,
        "lima_179": 0.012367147020995617,
        "lima_397": -0.0009311523754149675
    },
    "lima_5": {
        "lima_5": 0.5690204501152039,
        "lima_378": 0.010522538796067238,
        "lima_145": 0.0071453372947871685,
        "lima_199": 0.00964104849845171,
        "lima_17": 0.01120502594858408
    },
    "lima_6": {
        "lima_6": 0.577458381652832,
        "lima_40": 0.03515852987766266,
        "lima_411": 0.012380087748169899,
        "lima_169": -0.0056262509897351265,
        "lima_259": 0.023562071844935417
    },
    "lima_7": {
        "lima_7": 0.7600309252738953,
        "lima_170": 0.01916358806192875,
        "lima_64": -0.002668633358553052,
        "lima_17": 0.03813787177205086,
        "lima_87": 0.016742628067731857
    },
    "lima_8": {
        "lima_8": 0.4724416136741638,
        "lima_36": 0.024195782840251923,
        "lima_92": 0.029173238202929497,
        "lima_227": 0.013250529766082764,
        "lima_391": 0.0024136570282280445
    },
    "lima_9": {
        "lima_9": 0.4500383734703064,
        "lima_52": 0.05614431947469711,
        "lima_191": 0.024308260530233383,
        "lima_164": 0.004603847861289978,
        "lima_226": 0.011951756663620472
    }
}